{
"type": "FeatureCollection",
"name": "madrid_municipalities",
"crs": { "type": "name", "properties": { "name": "urn:ogc:def:crs:OGC:1.3:CRS84" } },
"xy_coordinate_resolution": 1e-05,
"features": [
{ "type": "Feature", "properties": { "ine_code": "28001", "name": "La Acebeda" }, "geometry": { "type": "Polygon", "coordinates": [ [ [ -3.67508, 41.08759 ], [ -3.67273, 41.09121 ], [ -3.67274, 41.09211 ], [ -3.66919, 41.09393 ], [ -3.66801, 41.09484 ], [ -3.66683, 41.09575 ], [ -3.66327, 41.09757 ], [ -3.6621, 41.09938 ], [ -3.66092, 41.10028 ], [ -3.65974, 41.10119 ], [ -3.65974, 41.10209 ], [ -3.65737, 41.10301 ], [ -3.6562, 41.10481 ], [ -3.65383, 41.10573 ], [ -3.65264, 41.10664 ], [ -3.65145, 41.10664 ], [ -3.65146, 41.10754 ], [ -3.6503, 41.11025 ], [ -3.65032, 41.11205 ], [ -3.64913, 41.11296 ], [ -3.64915, 41.11476 ], [ -3.64797, 41.11567 ], [ -3.64798, 41.11657 ], [ -3.6468, 41.11748 ], [ -3.6468, 41.11838 ], [ -3.64682, 41.12018 ], [ -3.64445, 41.1211 ], [ -3.64206, 41.12021 ], [ -3.64087, 41.12021 ], [ -3.63968, 41.12022 ], [ -3.63848, 41.12023 ], [ -3.63611, 41.12114 ], [ -3.63492, 41.12115 ], [ -3.63373, 41.12115 ], [ -3.63254, 41.12116 ], [ -3.63134, 41.12027 ], [ -3.63013, 41.11847 ], [ -3.62774, 41.11758 ], [ -3.62654, 41.11669 ], [ -3.62415, 41.1158 ], [ -3.62294, 41.11401 ], [ -3.62175, 41.11401 ], [ -3.61934, 41.11132 ], [ -3.61695, 41.11044 ], [ -3.61575, 41.10954 ], [ -3.61574, 41.10864 ], [ -3.61574, 41.10774 ], [ -3.61573, 41.10684 ], [ -3.61454, 41.10685 ], [ -3.61453, 41.10594 ], [ -3.61452, 41.10504 ], [ -3.61333, 41.10505 ], [ -3.61332, 41.10415 ], [ -3.61213, 41.10416 ], [ -3.61212, 41.10326 ], [ -3.61092, 41.10236 ], [ -3.60973, 41.10237 ], [ -3.60854, 41.10237 ], [ -3.60853, 41.10147 ], [ -3.60734, 41.10148 ], [ -3.60733, 41.10058 ], [ -3.60614, 41.10058 ], [ -3.60495, 41.10059 ], [ -3.60494, 41.09969 ], [ -3.60375, 41.0997 ], [ -3.60374, 41.0988 ], [ -3.60255, 41.0988 ], [ -3.60254, 41.0979 ], [ -3.60254, 41.097 ], [ -3.60135, 41.09701 ], [ -3.60015, 41.09701 ], [ -3.60015, 41.09611 ], [ -3.60014, 41.09521 ], [ -3.60133, 41.0952 ], [ -3.60132, 41.0943 ], [ -3.60131, 41.0934 ], [ -3.6013, 41.0925 ], [ -3.60011, 41.09251 ], [ -3.60011, 41.09161 ], [ -3.6013, 41.0916 ], [ -3.60249, 41.0916 ], [ -3.60248, 41.09069 ], [ -3.60367, 41.09069 ], [ -3.60486, 41.09068 ], [ -3.60487, 41.09158 ], [ -3.60606, 41.09158 ], [ -3.60605, 41.09068 ], [ -3.60604, 41.08978 ], [ -3.60603, 41.08887 ], [ -3.60603, 41.08797 ], [ -3.60602, 41.08707 ], [ -3.60601, 41.08617 ], [ -3.6072, 41.08617 ], [ -3.60719, 41.08527 ], [ -3.60718, 41.08436 ], [ -3.60717, 41.08346 ], [ -3.60717, 41.08256 ], [ -3.60598, 41.08257 ], [ -3.60597, 41.08167 ], [ -3.60596, 41.08077 ], [ -3.60477, 41.08077 ], [ -3.60476, 41.07987 ], [ -3.60475, 41.07897 ], [ -3.60594, 41.07897 ], [ -3.60593, 41.07807 ], [ -3.60474, 41.07807 ], [ -3.60474, 41.07717 ], [ -3.60712, 41.07716 ], [ -3.60949, 41.07625 ], [ -3.6095, 41.07715 ], [ -3.6107, 41.07804 ], [ -3.6107, 41.07894 ], [ -3.6119, 41.07893 ], [ -3.61428, 41.07982 ], [ -3.61785, 41.0789 ], [ -3.61784, 41.078 ], [ -3.61783, 41.0771 ], [ -3.61664, 41.07711 ], [ -3.61663, 41.07621 ], [ -3.61544, 41.07621 ], [ -3.61543, 41.07531 ], [ -3.61424, 41.07532 ], [ -3.61423, 41.07442 ], [ -3.61423, 41.07352 ], [ -3.61422, 41.07262 ], [ -3.61421, 41.07172 ], [ -3.6154, 41.07171 ], [ -3.61539, 41.07081 ], [ -3.61538, 41.06991 ], [ -3.61657, 41.0699 ], [ -3.62014, 41.06988 ], [ -3.62491, 41.07076 ], [ -3.62847, 41.06894 ], [ -3.63443, 41.07071 ], [ -3.6428, 41.07426 ], [ -3.64875, 41.07423 ], [ -3.65233, 41.07511 ], [ -3.65712, 41.07779 ], [ -3.65951, 41.07867 ], [ -3.66429, 41.08045 ], [ -3.66787, 41.08133 ], [ -3.67386, 41.08489 ], [ -3.67505, 41.08489 ], [ -3.67626, 41.08668 ], [ -3.67508, 41.08759 ] ] ] } },
{ "type": "Feature", "properties": { "ine_code": "28002", "name": "Ajalvir" }, "geometry": { "type": "Polygon", "coordinates": [ [ [ -3.51131, 40.53892 ], [ -3.51013, 40.53892 ], [ -3.50894, 40.53893 ], [ -3.50777, 40.53983 ], [ -3.5066, 40.54074 ], [ -3.50542, 40.54074 ], [ -3.50542, 40.54164 ], [ -3.50543, 40.54255 ], [ -3.50425, 40.54255 ], [ -3.50189, 40.54346 ], [ -3.50309, 40.54616 ], [ -3.50192, 40.54707 ], [ -3.5031, 40.54706 ], [ -3.50311, 40.54796 ], [ -3.50193, 40.54797 ], [ -3.50193, 40.54887 ], [ -3.50194, 40.54977 ], [ -3.50195, 40.55067 ], [ -3.50195, 40.55157 ], [ -3.50196, 40.55247 ], [ -3.49843, 40.55429 ], [ -3.49608, 40.5552 ], [ -3.49253, 40.55431 ], [ -3.48899, 40.55523 ], [ -3.489, 40.55613 ], [ -3.48901, 40.55793 ], [ -3.48784, 40.55974 ], [ -3.48548, 40.56065 ], [ -3.48431, 40.56155 ], [ -3.48077, 40.56247 ], [ -3.48076, 40.56067 ], [ -3.48193, 40.55976 ], [ -3.4831, 40.55796 ], [ -3.48308, 40.55525 ], [ -3.48191, 40.55616 ], [ -3.4819, 40.55436 ], [ -3.48189, 40.55346 ], [ -3.48188, 40.55256 ], [ -3.48188, 40.55166 ], [ -3.48187, 40.55075 ], [ -3.48069, 40.55076 ], [ -3.48068, 40.54986 ], [ -3.48068, 40.54896 ], [ -3.48067, 40.54806 ], [ -3.47829, 40.54536 ], [ -3.47593, 40.54537 ], [ -3.47591, 40.54267 ], [ -3.47472, 40.54177 ], [ -3.47353, 40.54088 ], [ -3.47235, 40.54088 ], [ -3.47235, 40.53998 ], [ -3.47234, 40.53908 ], [ -3.46998, 40.53999 ], [ -3.4688, 40.5391 ], [ -3.46997, 40.53729 ], [ -3.47111, 40.53278 ], [ -3.46875, 40.53279 ], [ -3.46874, 40.53099 ], [ -3.46638, 40.531 ], [ -3.46519, 40.5292 ], [ -3.46282, 40.52831 ], [ -3.46281, 40.52651 ], [ -3.46163, 40.52651 ], [ -3.46162, 40.52561 ], [ -3.46161, 40.52381 ], [ -3.46279, 40.52381 ], [ -3.46278, 40.5229 ], [ -3.46278, 40.522 ], [ -3.46159, 40.52201 ], [ -3.46159, 40.52111 ], [ -3.46277, 40.5211 ], [ -3.46276, 40.5202 ], [ -3.46276, 40.5193 ], [ -3.46158, 40.51931 ], [ -3.46157, 40.5184 ], [ -3.46156, 40.5175 ], [ -3.46156, 40.5166 ], [ -3.46155, 40.5157 ], [ -3.46273, 40.5157 ], [ -3.46391, 40.51479 ], [ -3.4639, 40.51389 ], [ -3.46272, 40.5139 ], [ -3.46271, 40.51299 ], [ -3.46153, 40.513 ], [ -3.46153, 40.5121 ], [ -3.46152, 40.5112 ], [ -3.46034, 40.5112 ], [ -3.46033, 40.5103 ], [ -3.45915, 40.51031 ], [ -3.45797, 40.51031 ], [ -3.45679, 40.51032 ], [ -3.45561, 40.50942 ], [ -3.45561, 40.51032 ], [ -3.45326, 40.51213 ], [ -3.45208, 40.51214 ], [ -3.4509, 40.51214 ], [ -3.4509, 40.51124 ], [ -3.44972, 40.51124 ], [ -3.44618, 40.51216 ], [ -3.44264, 40.51217 ], [ -3.43911, 40.51309 ], [ -3.43672, 40.50949 ], [ -3.43554, 40.5086 ], [ -3.43671, 40.50769 ], [ -3.44142, 40.50587 ], [ -3.44496, 40.50586 ], [ -3.44967, 40.50404 ], [ -3.4532, 40.50222 ], [ -3.45672, 40.49951 ], [ -3.46025, 40.49769 ], [ -3.46495, 40.49497 ], [ -3.4673, 40.49316 ], [ -3.46966, 40.49315 ], [ -3.47084, 40.49404 ], [ -3.47439, 40.49493 ], [ -3.47911, 40.49491 ], [ -3.48029, 40.49491 ], [ -3.48148, 40.4967 ], [ -3.48149, 40.4976 ], [ -3.48267, 40.4976 ], [ -3.48268, 40.4985 ], [ -3.48386, 40.49849 ], [ -3.48386, 40.49939 ], [ -3.48504, 40.49939 ], [ -3.48505, 40.50029 ], [ -3.48506, 40.50119 ], [ -3.48624, 40.50119 ], [ -3.48624, 40.50209 ], [ -3.48625, 40.50299 ], [ -3.48626, 40.50389 ], [ -3.48744, 40.50388 ], [ -3.48744, 40.50479 ], [ -3.48745, 40.50569 ], [ -3.48746, 40.50659 ], [ -3.48864, 40.50658 ], [ -3.48864, 40.50748 ], [ -3.48865, 40.50838 ], [ -3.48983, 40.50838 ], [ -3.48984, 40.50928 ], [ -3.48984, 40.51018 ], [ -3.49102, 40.51018 ], [ -3.49103, 40.51108 ], [ -3.49221, 40.51107 ], [ -3.49222, 40.51197 ], [ -3.4934, 40.51197 ], [ -3.4934, 40.51287 ], [ -3.49341, 40.51377 ], [ -3.4946, 40.51466 ], [ -3.4946, 40.51557 ], [ -3.49461, 40.51647 ], [ -3.49579, 40.51646 ], [ -3.4958, 40.51736 ], [ -3.49698, 40.51826 ], [ -3.49816, 40.51825 ], [ -3.49817, 40.51915 ], [ -3.49935, 40.51915 ], [ -3.49936, 40.52005 ], [ -3.50054, 40.52004 ], [ -3.50055, 40.52095 ], [ -3.50055, 40.52185 ], [ -3.50173, 40.52184 ], [ -3.50174, 40.52274 ], [ -3.50175, 40.52364 ], [ -3.50293, 40.52364 ], [ -3.50293, 40.52454 ], [ -3.50294, 40.52544 ], [ -3.50295, 40.52634 ], [ -3.50413, 40.52634 ], [ -3.50413, 40.52724 ], [ -3.50531, 40.52723 ], [ -3.50532, 40.52813 ], [ -3.5065, 40.52813 ], [ -3.5077, 40.52992 ], [ -3.5077, 40.53082 ], [ -3.51008, 40.53262 ], [ -3.5101, 40.53532 ], [ -3.5113, 40.53802 ], [ -3.51249, 40.53891 ], [ -3.51131, 40.53892 ] ] ] } },
{ "type": "Feature", "properties": { "ine_code": "28003", "name": "Alameda del Valle" }, "geometry": { "type": "Polygon", "coordinates": [ [ [ -3.89487, 40.96538 ], [ -3.89017, 40.96902 ], [ -3.88663, 40.97085 ], [ -3.88306, 40.97088 ], [ -3.88071, 40.9727 ], [ -3.86146, 40.95483 ], [ -3.86024, 40.95214 ], [ -3.85903, 40.95034 ], [ -3.85901, 40.94944 ], [ -3.85783, 40.94945 ], [ -3.85664, 40.94946 ], [ -3.85545, 40.94947 ], [ -3.85544, 40.94857 ], [ -3.85424, 40.94768 ], [ -3.85304, 40.94678 ], [ -3.85303, 40.94588 ], [ -3.85182, 40.94409 ], [ -3.85181, 40.94319 ], [ -3.85061, 40.9423 ], [ -3.85059, 40.9414 ], [ -3.85058, 40.9405 ], [ -3.8494, 40.94051 ], [ -3.84938, 40.93961 ], [ -3.84937, 40.9387 ], [ -3.84818, 40.93871 ], [ -3.84817, 40.93781 ], [ -3.84697, 40.93692 ], [ -3.84579, 40.93693 ], [ -3.84577, 40.93603 ], [ -3.84457, 40.93514 ], [ -3.84339, 40.93515 ], [ -3.84338, 40.93424 ], [ -3.84218, 40.93335 ], [ -3.84217, 40.93245 ], [ -3.84097, 40.93156 ], [ -3.84095, 40.93066 ], [ -3.84093, 40.92886 ], [ -3.84092, 40.92796 ], [ -3.84091, 40.92706 ], [ -3.8409, 40.92616 ], [ -3.83971, 40.92616 ], [ -3.8397, 40.92526 ], [ -3.8385, 40.92437 ], [ -3.83731, 40.92438 ], [ -3.8373, 40.92348 ], [ -3.83611, 40.92349 ], [ -3.8361, 40.92259 ], [ -3.83491, 40.9226 ], [ -3.8349, 40.92169 ], [ -3.83372, 40.9217 ], [ -3.83253, 40.92171 ], [ -3.83252, 40.92081 ], [ -3.83133, 40.92082 ], [ -3.83132, 40.91992 ], [ -3.83013, 40.91993 ], [ -3.83012, 40.91903 ], [ -3.82893, 40.91904 ], [ -3.82892, 40.91813 ], [ -3.82891, 40.91723 ], [ -3.8301, 40.91723 ], [ -3.83009, 40.91632 ], [ -3.83007, 40.91542 ], [ -3.83006, 40.91452 ], [ -3.82888, 40.91453 ], [ -3.82886, 40.91363 ], [ -3.82885, 40.91273 ], [ -3.82884, 40.91183 ], [ -3.82765, 40.91184 ], [ -3.82764, 40.91094 ], [ -3.82646, 40.91095 ], [ -3.82523, 40.90825 ], [ -3.82283, 40.90557 ], [ -3.81563, 40.89931 ], [ -3.81561, 40.89841 ], [ -3.81442, 40.89752 ], [ -3.81441, 40.89662 ], [ -3.81322, 40.89663 ], [ -3.81202, 40.89573 ], [ -3.81081, 40.89394 ], [ -3.80961, 40.89305 ], [ -3.80842, 40.89216 ], [ -3.80837, 40.88855 ], [ -3.80955, 40.88764 ], [ -3.80954, 40.88674 ], [ -3.80953, 40.88584 ], [ -3.8095, 40.88404 ], [ -3.80949, 40.88314 ], [ -3.80947, 40.88134 ], [ -3.81065, 40.88043 ], [ -3.81064, 40.87953 ], [ -3.81062, 40.87863 ], [ -3.81061, 40.87773 ], [ -3.81179, 40.87682 ], [ -3.81177, 40.87502 ], [ -3.81411, 40.8723 ], [ -3.81527, 40.87049 ], [ -3.81526, 40.86959 ], [ -3.81644, 40.86868 ], [ -3.81523, 40.86688 ], [ -3.81641, 40.86688 ], [ -3.8164, 40.86598 ], [ -3.81638, 40.86417 ], [ -3.81637, 40.86327 ], [ -3.81753, 40.86146 ], [ -3.81872, 40.86146 ], [ -3.8199, 40.86055 ], [ -3.81989, 40.85965 ], [ -3.82462, 40.85871 ], [ -3.82826, 40.86499 ], [ -3.82827, 40.86589 ], [ -3.82947, 40.86678 ], [ -3.82948, 40.86768 ], [ -3.8319, 40.87127 ], [ -3.83191, 40.87217 ], [ -3.83309, 40.87216 ], [ -3.8331, 40.87306 ], [ -3.83312, 40.87396 ], [ -3.83313, 40.87486 ], [ -3.83431, 40.87486 ], [ -3.8355, 40.87485 ], [ -3.83669, 40.87484 ], [ -3.8367, 40.87574 ], [ -3.83789, 40.87573 ], [ -3.8379, 40.87663 ], [ -3.83672, 40.87754 ], [ -3.83791, 40.87753 ], [ -3.83792, 40.87843 ], [ -3.83793, 40.87933 ], [ -3.83794, 40.88023 ], [ -3.83676, 40.88024 ], [ -3.83677, 40.88114 ], [ -3.83678, 40.88204 ], [ -3.83559, 40.88205 ], [ -3.8356, 40.88295 ], [ -3.83561, 40.88385 ], [ -3.83563, 40.88476 ], [ -3.83564, 40.88566 ], [ -3.83445, 40.88566 ], [ -3.83446, 40.88657 ], [ -3.83565, 40.88656 ], [ -3.83566, 40.88746 ], [ -3.83567, 40.88836 ], [ -3.83568, 40.88926 ], [ -3.83569, 40.89016 ], [ -3.8357, 40.89106 ], [ -3.83572, 40.89196 ], [ -3.8369, 40.89195 ], [ -3.83691, 40.89285 ], [ -3.83811, 40.89375 ], [ -3.83812, 40.89465 ], [ -3.83814, 40.89555 ], [ -3.83695, 40.89556 ], [ -3.83696, 40.89646 ], [ -3.83815, 40.89645 ], [ -3.83816, 40.89735 ], [ -3.83935, 40.89734 ], [ -3.84053, 40.89733 ], [ -3.84054, 40.89823 ], [ -3.84173, 40.89822 ], [ -3.84174, 40.89912 ], [ -3.84175, 40.90003 ], [ -3.84177, 40.90093 ], [ -3.84058, 40.90093 ], [ -3.84059, 40.90184 ], [ -3.8406, 40.90274 ], [ -3.84061, 40.90364 ], [ -3.84181, 40.90453 ], [ -3.84182, 40.90543 ], [ -3.84183, 40.90633 ], [ -3.84302, 40.90632 ], [ -3.84303, 40.90722 ], [ -3.84304, 40.90812 ], [ -3.84306, 40.90902 ], [ -3.84307, 40.90992 ], [ -3.84425, 40.90992 ], [ -3.84427, 40.91082 ], [ -3.84546, 40.91171 ], [ -3.84548, 40.91261 ], [ -3.84666, 40.9126 ], [ -3.84667, 40.9135 ], [ -3.84669, 40.9144 ], [ -3.84787, 40.91439 ], [ -3.84788, 40.91529 ], [ -3.84907, 40.91529 ], [ -3.84908, 40.91619 ], [ -3.85027, 40.91618 ], [ -3.85028, 40.91708 ], [ -3.85148, 40.91797 ], [ -3.85268, 40.91886 ], [ -3.85387, 40.91885 ], [ -3.85388, 40.91975 ], [ -3.85389, 40.92065 ], [ -3.85508, 40.92065 ], [ -3.85628, 40.92154 ], [ -3.85629, 40.92244 ], [ -3.85748, 40.92243 ], [ -3.85749, 40.92333 ], [ -3.85868, 40.92332 ], [ -3.85869, 40.92422 ], [ -3.85988, 40.92421 ], [ -3.86107, 40.92511 ], [ -3.86226, 40.9251 ], [ -3.86227, 40.926 ], [ -3.86346, 40.92599 ], [ -3.86347, 40.92689 ], [ -3.86466, 40.92688 ], [ -3.86467, 40.92778 ], [ -3.86586, 40.92777 ], [ -3.86587, 40.92867 ], [ -3.86706, 40.92866 ], [ -3.86707, 40.92956 ], [ -3.86708, 40.93047 ], [ -3.86827, 40.93046 ], [ -3.86828, 40.93136 ], [ -3.86947, 40.93135 ], [ -3.86948, 40.93225 ], [ -3.87067, 40.93224 ], [ -3.87068, 40.93314 ], [ -3.87187, 40.93313 ], [ -3.87188, 40.93403 ], [ -3.87307, 40.93402 ], [ -3.87426, 40.93401 ], [ -3.87544, 40.93401 ], [ -3.87663, 40.934 ], [ -3.87782, 40.93399 ], [ -3.87901, 40.93398 ], [ -3.87902, 40.93488 ], [ -3.88021, 40.93487 ], [ -3.88139, 40.93486 ], [ -3.88141, 40.93576 ], [ -3.88259, 40.93575 ], [ -3.88261, 40.93665 ], [ -3.88262, 40.93755 ], [ -3.88382, 40.93845 ], [ -3.88383, 40.93935 ], [ -3.88623, 40.94113 ], [ -3.88627, 40.94383 ], [ -3.88747, 40.94472 ], [ -3.88748, 40.94562 ], [ -3.88987, 40.94651 ], [ -3.89107, 40.9474 ], [ -3.89108, 40.9483 ], [ -3.89467, 40.95007 ], [ -3.89469, 40.95187 ], [ -3.89588, 40.95186 ], [ -3.89592, 40.95457 ], [ -3.8971, 40.95456 ], [ -3.89714, 40.95726 ], [ -3.89835, 40.95905 ], [ -3.89487, 40.96538 ] ] ] } },
{ "type": "Feature", "properties": { "ine_code": "28004", "name": "El Álamo" }, "geometry": { "type": "Polygon", "coordinates": [ [ [ -4.01942, 40.24997 ], [ -4.01824, 40.24998 ], [ -4.01473, 40.25091 ], [ -4.01239, 40.25183 ], [ -4.01005, 40.25275 ], [ -4.00655, 40.25458 ], [ -4.00305, 40.25642 ], [ -4.0007, 40.25644 ], [ -3.99716, 40.25557 ], [ -3.99362, 40.2547 ], [ -3.98891, 40.25383 ], [ -3.98537, 40.25296 ], [ -3.98301, 40.25298 ], [ -3.98066, 40.253 ], [ -3.97712, 40.25213 ], [ -3.97595, 40.25214 ], [ -3.97358, 40.25126 ], [ -3.97239, 40.25037 ], [ -3.97236, 40.24767 ], [ -3.97117, 40.24678 ], [ -3.96997, 40.24499 ], [ -3.96991, 40.24138 ], [ -3.96871, 40.23959 ], [ -3.96866, 40.23599 ], [ -3.96746, 40.2342 ], [ -3.96272, 40.23153 ], [ -3.96152, 40.22974 ], [ -3.95797, 40.22797 ], [ -3.95678, 40.22708 ], [ -3.95442, 40.2262 ], [ -3.95089, 40.22622 ], [ -3.95088, 40.22532 ], [ -3.94617, 40.22446 ], [ -3.94615, 40.22356 ], [ -3.94614, 40.22266 ], [ -3.94613, 40.22176 ], [ -3.94612, 40.22086 ], [ -3.9461, 40.21996 ], [ -3.94728, 40.21995 ], [ -3.94845, 40.21994 ], [ -3.94847, 40.22084 ], [ -3.94964, 40.22083 ], [ -3.94963, 40.21993 ], [ -3.94962, 40.21903 ], [ -3.95078, 40.21812 ], [ -3.95077, 40.21722 ], [ -3.95075, 40.21632 ], [ -3.95193, 40.21631 ], [ -3.95192, 40.21541 ], [ -3.9519, 40.2145 ], [ -3.95308, 40.21449 ], [ -3.95307, 40.21359 ], [ -3.95305, 40.21269 ], [ -3.95657, 40.21176 ], [ -3.96245, 40.21262 ], [ -3.96714, 40.21168 ], [ -3.97419, 40.21162 ], [ -3.97654, 40.2116 ], [ -3.9824, 40.21065 ], [ -3.98591, 40.20972 ], [ -3.99061, 40.20967 ], [ -3.993, 40.21236 ], [ -3.99535, 40.21234 ], [ -3.99655, 40.21413 ], [ -3.99893, 40.21591 ], [ -4.00131, 40.21769 ], [ -4.00602, 40.21855 ], [ -4.00838, 40.21943 ], [ -4.01076, 40.22121 ], [ -4.01434, 40.22479 ], [ -4.01673, 40.22747 ], [ -4.02031, 40.23104 ], [ -4.0215, 40.23193 ], [ -4.02153, 40.23373 ], [ -4.02626, 40.23549 ], [ -4.02627, 40.23639 ], [ -4.02628, 40.23729 ], [ -4.0263, 40.23819 ], [ -4.02631, 40.23909 ], [ -4.02632, 40.24 ], [ -4.02634, 40.2409 ], [ -4.02635, 40.2418 ], [ -4.02636, 40.2427 ], [ -4.02638, 40.2436 ], [ -4.02639, 40.2445 ], [ -4.02641, 40.2454 ], [ -4.02642, 40.2463 ], [ -4.02524, 40.24631 ], [ -4.02526, 40.24721 ], [ -4.02527, 40.24811 ], [ -4.0241, 40.24812 ], [ -4.02411, 40.24902 ], [ -4.01942, 40.24997 ] ] ] } },
{ "type": "Feature", "properties": { "ine_code": "28005", "name": "Alcalá de Henares" }, "geometry": { "type": "MultiPolygon", "coordinates": [ [ [ [ -3.44575, 40.44639 ], [ -3.44693, 40.44639 ], [ -3.44575, 40.4473 ], [ -3.44575, 40.44639 ] ] ], [ [ [ -3.4399, 40.45362 ], [ -3.43638, 40.45724 ], [ -3.43404, 40.45995 ], [ -3.4317, 40.46176 ], [ -3.43289, 40.46356 ], [ -3.43408, 40.46626 ], [ -3.43173, 40.46717 ], [ -3.43174, 40.46807 ], [ -3.42938, 40.46898 ], [ -3.4294, 40.47168 ], [ -3.42822, 40.47169 ], [ -3.42586, 40.4717 ], [ -3.42587, 40.4726 ], [ -3.42587, 40.4735 ], [ -3.42705, 40.47349 ], [ -3.42706, 40.47439 ], [ -3.42706, 40.47529 ], [ -3.42707, 40.4762 ], [ -3.42825, 40.47619 ], [ -3.42825, 40.47709 ], [ -3.42826, 40.47799 ], [ -3.42827, 40.47889 ], [ -3.42945, 40.47979 ], [ -3.42946, 40.48069 ], [ -3.42829, 40.4834 ], [ -3.43068, 40.48699 ], [ -3.43069, 40.48879 ], [ -3.43069, 40.4897 ], [ -3.43071, 40.4915 ], [ -3.42835, 40.49151 ], [ -3.42955, 40.49511 ], [ -3.42957, 40.49781 ], [ -3.42957, 40.49871 ], [ -3.42959, 40.50141 ], [ -3.42961, 40.50501 ], [ -3.42962, 40.50682 ], [ -3.42847, 40.51133 ], [ -3.42851, 40.51763 ], [ -3.43088, 40.51852 ], [ -3.43088, 40.51942 ], [ -3.43089, 40.52033 ], [ -3.4309, 40.52123 ], [ -3.4309, 40.52213 ], [ -3.43091, 40.52303 ], [ -3.43091, 40.52393 ], [ -3.42973, 40.52393 ], [ -3.42974, 40.52483 ], [ -3.42974, 40.52573 ], [ -3.42975, 40.52664 ], [ -3.42976, 40.52754 ], [ -3.42976, 40.52844 ], [ -3.42858, 40.52844 ], [ -3.42859, 40.52934 ], [ -3.42859, 40.53024 ], [ -3.43095, 40.53023 ], [ -3.43686, 40.53021 ], [ -3.43807, 40.53561 ], [ -3.43926, 40.53651 ], [ -3.43927, 40.53831 ], [ -3.43572, 40.53742 ], [ -3.43573, 40.53832 ], [ -3.43455, 40.53923 ], [ -3.43575, 40.54103 ], [ -3.4334, 40.54374 ], [ -3.42513, 40.54287 ], [ -3.42515, 40.54557 ], [ -3.42397, 40.54558 ], [ -3.42278, 40.54468 ], [ -3.4216, 40.54468 ], [ -3.42042, 40.54469 ], [ -3.41924, 40.54469 ], [ -3.41806, 40.5447 ], [ -3.4157, 40.54561 ], [ -3.4145, 40.54291 ], [ -3.41686, 40.5429 ], [ -3.41567, 40.5411 ], [ -3.41685, 40.5402 ], [ -3.41801, 40.53749 ], [ -3.41801, 40.53659 ], [ -3.41328, 40.5357 ], [ -3.4121, 40.53571 ], [ -3.41208, 40.53301 ], [ -3.41206, 40.5303 ], [ -3.40734, 40.53032 ], [ -3.40615, 40.52942 ], [ -3.40615, 40.52852 ], [ -3.40614, 40.52762 ], [ -3.40614, 40.52672 ], [ -3.40613, 40.52582 ], [ -3.40495, 40.52582 ], [ -3.39905, 40.52675 ], [ -3.39314, 40.52406 ], [ -3.3896, 40.52498 ], [ -3.38607, 40.52679 ], [ -3.38253, 40.5277 ], [ -3.37781, 40.52862 ], [ -3.37663, 40.52772 ], [ -3.37427, 40.52863 ], [ -3.37309, 40.52773 ], [ -3.37072, 40.52774 ], [ -3.36719, 40.52865 ], [ -3.36482, 40.52686 ], [ -3.36363, 40.52596 ], [ -3.36363, 40.52506 ], [ -3.36362, 40.52416 ], [ -3.36362, 40.52326 ], [ -3.36007, 40.52327 ], [ -3.35419, 40.52599 ], [ -3.35183, 40.5269 ], [ -3.35067, 40.53051 ], [ -3.34949, 40.53141 ], [ -3.34831, 40.53141 ], [ -3.34713, 40.53142 ], [ -3.34595, 40.53142 ], [ -3.34477, 40.53142 ], [ -3.34359, 40.53143 ], [ -3.34241, 40.53143 ], [ -3.3424, 40.53053 ], [ -3.34122, 40.53053 ], [ -3.34004, 40.53054 ], [ -3.33886, 40.52964 ], [ -3.33768, 40.52964 ], [ -3.33649, 40.52875 ], [ -3.33531, 40.52875 ], [ -3.33531, 40.52785 ], [ -3.33412, 40.52785 ], [ -3.33294, 40.52786 ], [ -3.33294, 40.52696 ], [ -3.33176, 40.52696 ], [ -3.33057, 40.52606 ], [ -3.32939, 40.52606 ], [ -3.32939, 40.52516 ], [ -3.3282, 40.52427 ], [ -3.32702, 40.52427 ], [ -3.32702, 40.52337 ], [ -3.32584, 40.52337 ], [ -3.32583, 40.52247 ], [ -3.32465, 40.52247 ], [ -3.32465, 40.52157 ], [ -3.32347, 40.52158 ], [ -3.32229, 40.52158 ], [ -3.32229, 40.52248 ], [ -3.32111, 40.52248 ], [ -3.31994, 40.52339 ], [ -3.31876, 40.52339 ], [ -3.31757, 40.52339 ], [ -3.3164, 40.5243 ], [ -3.31522, 40.5243 ], [ -3.31522, 40.5252 ], [ -3.31405, 40.52611 ], [ -3.31287, 40.52701 ], [ -3.31169, 40.52701 ], [ -3.31051, 40.52792 ], [ -3.30934, 40.52882 ], [ -3.30815, 40.52883 ], [ -3.30698, 40.52973 ], [ -3.30698, 40.53063 ], [ -3.30581, 40.53153 ], [ -3.30581, 40.53244 ], [ -3.30463, 40.53244 ], [ -3.30345, 40.53244 ], [ -3.30227, 40.53244 ], [ -3.30109, 40.53245 ], [ -3.29991, 40.53245 ], [ -3.2999, 40.53155 ], [ -3.2999, 40.53065 ], [ -3.29634, 40.52796 ], [ -3.29399, 40.52886 ], [ -3.29281, 40.52887 ], [ -3.29163, 40.52977 ], [ -3.28928, 40.53158 ], [ -3.28454, 40.52889 ], [ -3.28454, 40.52799 ], [ -3.28572, 40.52798 ], [ -3.28571, 40.52708 ], [ -3.2869, 40.52708 ], [ -3.28807, 40.52617 ], [ -3.28807, 40.52527 ], [ -3.28571, 40.52528 ], [ -3.28453, 40.52528 ], [ -3.28452, 40.52438 ], [ -3.28452, 40.52348 ], [ -3.28451, 40.52168 ], [ -3.28333, 40.52078 ], [ -3.28332, 40.51988 ], [ -3.2845, 40.51898 ], [ -3.2845, 40.51808 ], [ -3.28449, 40.51717 ], [ -3.28567, 40.51717 ], [ -3.28567, 40.51627 ], [ -3.28685, 40.51627 ], [ -3.28803, 40.51627 ], [ -3.29039, 40.51716 ], [ -3.29158, 40.51716 ], [ -3.29276, 40.51715 ], [ -3.29394, 40.51715 ], [ -3.29511, 40.51625 ], [ -3.29747, 40.51534 ], [ -3.29864, 40.51354 ], [ -3.29982, 40.51353 ], [ -3.29982, 40.51263 ], [ -3.30099, 40.51173 ], [ -3.30099, 40.51083 ], [ -3.30217, 40.51082 ], [ -3.30336, 40.51172 ], [ -3.30454, 40.51262 ], [ -3.30454, 40.51352 ], [ -3.30572, 40.51352 ], [ -3.3069, 40.51351 ], [ -3.3069, 40.51261 ], [ -3.30808, 40.51261 ], [ -3.30808, 40.51171 ], [ -3.30807, 40.51081 ], [ -3.30807, 40.50991 ], [ -3.30806, 40.50901 ], [ -3.30806, 40.50811 ], [ -3.30806, 40.5072 ], [ -3.30924, 40.5072 ], [ -3.30923, 40.5063 ], [ -3.30805, 40.5063 ], [ -3.30687, 40.50631 ], [ -3.30569, 40.50631 ], [ -3.30569, 40.50541 ], [ -3.30686, 40.5045 ], [ -3.30804, 40.5036 ], [ -3.30804, 40.5027 ], [ -3.30922, 40.5027 ], [ -3.30921, 40.5018 ], [ -3.30803, 40.5009 ], [ -3.30802, 40.5 ], [ -3.30684, 40.5 ], [ -3.30684, 40.4991 ], [ -3.30683, 40.4982 ], [ -3.30565, 40.4982 ], [ -3.30447, 40.4982 ], [ -3.30447, 40.4973 ], [ -3.30329, 40.49731 ], [ -3.30211, 40.49731 ], [ -3.30211, 40.49641 ], [ -3.30093, 40.49641 ], [ -3.29975, 40.49642 ], [ -3.29974, 40.49551 ], [ -3.29974, 40.49461 ], [ -3.29856, 40.49462 ], [ -3.29737, 40.49282 ], [ -3.29618, 40.49102 ], [ -3.295, 40.49012 ], [ -3.29264, 40.49013 ], [ -3.29028, 40.49103 ], [ -3.28674, 40.49014 ], [ -3.28673, 40.48834 ], [ -3.2879, 40.48654 ], [ -3.29026, 40.48653 ], [ -3.29144, 40.48563 ], [ -3.29379, 40.48472 ], [ -3.29733, 40.48381 ], [ -3.2985, 40.482 ], [ -3.29967, 40.4802 ], [ -3.30085, 40.4793 ], [ -3.3044, 40.48109 ], [ -3.30558, 40.48199 ], [ -3.30676, 40.48198 ], [ -3.30912, 40.48198 ], [ -3.30912, 40.48288 ], [ -3.31148, 40.48107 ], [ -3.31265, 40.48017 ], [ -3.31501, 40.47926 ], [ -3.31618, 40.47835 ], [ -3.31618, 40.47745 ], [ -3.31735, 40.47655 ], [ -3.31853, 40.47564 ], [ -3.31971, 40.47564 ], [ -3.3197, 40.47474 ], [ -3.32088, 40.47474 ], [ -3.32088, 40.47384 ], [ -3.32088, 40.47294 ], [ -3.32087, 40.47203 ], [ -3.32204, 40.47023 ], [ -3.32322, 40.47023 ], [ -3.32322, 40.46933 ], [ -3.3244, 40.46932 ], [ -3.32439, 40.46842 ], [ -3.32439, 40.46752 ], [ -3.32557, 40.46752 ], [ -3.32675, 40.46751 ], [ -3.32674, 40.46661 ], [ -3.32792, 40.46661 ], [ -3.3291, 40.46661 ], [ -3.3291, 40.4657 ], [ -3.32909, 40.4648 ], [ -3.32909, 40.4639 ], [ -3.32791, 40.46391 ], [ -3.32791, 40.46301 ], [ -3.32909, 40.463 ], [ -3.32908, 40.4621 ], [ -3.33026, 40.4621 ], [ -3.33144, 40.46209 ], [ -3.33144, 40.46119 ], [ -3.33261, 40.46029 ], [ -3.33379, 40.45939 ], [ -3.33378, 40.45848 ], [ -3.33378, 40.45758 ], [ -3.33377, 40.45668 ], [ -3.33495, 40.45668 ], [ -3.33613, 40.45668 ], [ -3.33614, 40.45758 ], [ -3.33731, 40.45757 ], [ -3.33731, 40.45667 ], [ -3.33849, 40.45667 ], [ -3.33967, 40.45667 ], [ -3.34085, 40.45666 ], [ -3.34203, 40.45666 ], [ -3.34202, 40.45576 ], [ -3.34202, 40.45486 ], [ -3.3432, 40.45485 ], [ -3.34319, 40.45395 ], [ -3.34437, 40.45395 ], [ -3.34437, 40.45305 ], [ -3.34555, 40.45304 ], [ -3.34673, 40.45304 ], [ -3.34791, 40.45304 ], [ -3.34909, 40.45303 ], [ -3.35026, 40.45303 ], [ -3.35026, 40.45213 ], [ -3.35144, 40.45213 ], [ -3.35143, 40.45122 ], [ -3.35143, 40.45032 ], [ -3.35261, 40.45032 ], [ -3.35261, 40.45122 ], [ -3.35379, 40.45122 ], [ -3.35497, 40.45121 ], [ -3.35497, 40.45031 ], [ -3.35615, 40.45031 ], [ -3.35614, 40.44941 ], [ -3.35732, 40.4494 ], [ -3.35732, 40.4485 ], [ -3.3585, 40.4485 ], [ -3.3585, 40.4494 ], [ -3.35968, 40.4494 ], [ -3.35968, 40.4503 ], [ -3.35969, 40.4512 ], [ -3.36087, 40.4512 ], [ -3.36205, 40.45119 ], [ -3.36323, 40.45119 ], [ -3.36323, 40.45209 ], [ -3.36441, 40.45209 ], [ -3.36559, 40.45208 ], [ -3.3656, 40.45298 ], [ -3.36678, 40.45298 ], [ -3.36678, 40.45388 ], [ -3.36679, 40.45478 ], [ -3.36679, 40.45568 ], [ -3.36797, 40.45568 ], [ -3.36796, 40.45478 ], [ -3.36914, 40.45477 ], [ -3.36915, 40.45567 ], [ -3.37033, 40.45567 ], [ -3.37032, 40.45477 ], [ -3.3715, 40.45477 ], [ -3.37268, 40.45476 ], [ -3.37268, 40.45386 ], [ -3.37386, 40.45386 ], [ -3.37504, 40.45385 ], [ -3.37621, 40.45385 ], [ -3.37622, 40.45475 ], [ -3.3774, 40.45475 ], [ -3.37858, 40.45474 ], [ -3.37857, 40.45384 ], [ -3.37975, 40.45384 ], [ -3.37975, 40.45294 ], [ -3.38093, 40.45293 ], [ -3.38211, 40.45293 ], [ -3.38329, 40.45293 ], [ -3.38328, 40.45202 ], [ -3.38446, 40.45202 ], [ -3.38445, 40.45112 ], [ -3.38563, 40.45112 ], [ -3.38564, 40.45202 ], [ -3.38564, 40.45292 ], [ -3.38565, 40.45382 ], [ -3.38683, 40.45381 ], [ -3.38683, 40.45472 ], [ -3.38684, 40.45562 ], [ -3.38684, 40.45652 ], [ -3.38802, 40.45651 ], [ -3.3892, 40.45651 ], [ -3.38921, 40.45741 ], [ -3.38921, 40.45831 ], [ -3.38803, 40.45831 ], [ -3.38804, 40.45922 ], [ -3.38922, 40.45921 ], [ -3.38922, 40.46011 ], [ -3.3904, 40.46011 ], [ -3.39158, 40.4601 ], [ -3.39158, 40.4592 ], [ -3.39276, 40.4592 ], [ -3.39275, 40.4583 ], [ -3.39393, 40.45829 ], [ -3.39393, 40.45739 ], [ -3.39511, 40.45739 ], [ -3.39628, 40.45739 ], [ -3.39746, 40.45738 ], [ -3.39864, 40.45738 ], [ -3.39982, 40.45737 ], [ -3.39982, 40.45647 ], [ -3.401, 40.45647 ], [ -3.40218, 40.45646 ], [ -3.40336, 40.45646 ], [ -3.40335, 40.45556 ], [ -3.40334, 40.45466 ], [ -3.40452, 40.45465 ], [ -3.4057, 40.45465 ], [ -3.40688, 40.45465 ], [ -3.40688, 40.45375 ], [ -3.40806, 40.45374 ], [ -3.40924, 40.45374 ], [ -3.41397, 40.45642 ], [ -3.41986, 40.4546 ], [ -3.41986, 40.4555 ], [ -3.4234, 40.45639 ], [ -3.42458, 40.45548 ], [ -3.42457, 40.45458 ], [ -3.42575, 40.45368 ], [ -3.42693, 40.45367 ], [ -3.42928, 40.45366 ], [ -3.43046, 40.45366 ], [ -3.43047, 40.45456 ], [ -3.43165, 40.45456 ], [ -3.43283, 40.45455 ], [ -3.43401, 40.45455 ], [ -3.43518, 40.45364 ], [ -3.43518, 40.45274 ], [ -3.43517, 40.45184 ], [ -3.43635, 40.45184 ], [ -3.43753, 40.45183 ], [ -3.43752, 40.45093 ], [ -3.43987, 40.45002 ], [ -3.43987, 40.44912 ], [ -3.44105, 40.44912 ], [ -3.44222, 40.44821 ], [ -3.4434, 40.44821 ], [ -3.44457, 40.4473 ], [ -3.44575, 40.4473 ], [ -3.44459, 40.45 ], [ -3.4399, 40.45362 ] ] ] ] } },
{ "type": "Feature", "properties": { "ine_code": "28006", "name": "Alcobendas" }, "geometry": { "type": "Polygon", "coordinates": [ [ [ -3.67237, 40.58584 ], [ -3.67115, 40.58224 ], [ -3.66756, 40.57776 ], [ -3.66394, 40.56967 ], [ -3.65675, 40.5598 ], [ -3.65435, 40.55531 ], [ -3.65317, 40.55532 ], [ -3.65199, 40.55532 ], [ -3.6508, 40.55533 ], [ -3.6508, 40.55443 ], [ -3.64961, 40.55444 ], [ -3.64843, 40.55444 ], [ -3.64725, 40.55445 ], [ -3.64726, 40.55535 ], [ -3.64608, 40.55536 ], [ -3.6449, 40.55536 ], [ -3.64372, 40.55537 ], [ -3.64371, 40.55447 ], [ -3.64253, 40.55448 ], [ -3.64135, 40.55448 ], [ -3.64017, 40.55449 ], [ -3.64016, 40.55359 ], [ -3.64015, 40.55269 ], [ -3.64014, 40.55179 ], [ -3.63895, 40.55089 ], [ -3.63894, 40.54999 ], [ -3.63776, 40.55 ], [ -3.63775, 40.5491 ], [ -3.63656, 40.5482 ], [ -3.63655, 40.5473 ], [ -3.63537, 40.54731 ], [ -3.63537, 40.54641 ], [ -3.63418, 40.54641 ], [ -3.63418, 40.54551 ], [ -3.63299, 40.54552 ], [ -3.63299, 40.54462 ], [ -3.63181, 40.54463 ], [ -3.63062, 40.54463 ], [ -3.62944, 40.54464 ], [ -3.62944, 40.54374 ], [ -3.62825, 40.54374 ], [ -3.62825, 40.54284 ], [ -3.62824, 40.54194 ], [ -3.62823, 40.54104 ], [ -3.62586, 40.54015 ], [ -3.62468, 40.54016 ], [ -3.6235, 40.54017 ], [ -3.62232, 40.54017 ], [ -3.62114, 40.54018 ], [ -3.61996, 40.54019 ], [ -3.61877, 40.54019 ], [ -3.61759, 40.5402 ], [ -3.61641, 40.5402 ], [ -3.61523, 40.54021 ], [ -3.61522, 40.53931 ], [ -3.61404, 40.53932 ], [ -3.61403, 40.53842 ], [ -3.61285, 40.53842 ], [ -3.61167, 40.53843 ], [ -3.61049, 40.53843 ], [ -3.60931, 40.53844 ], [ -3.60813, 40.53845 ], [ -3.60695, 40.53845 ], [ -3.60577, 40.53846 ], [ -3.60459, 40.53847 ], [ -3.60458, 40.53756 ], [ -3.6034, 40.53757 ], [ -3.60222, 40.53758 ], [ -3.60104, 40.53758 ], [ -3.60105, 40.53848 ], [ -3.59987, 40.53849 ], [ -3.59986, 40.53759 ], [ -3.59868, 40.5376 ], [ -3.5975, 40.5376 ], [ -3.59632, 40.53761 ], [ -3.59513, 40.53761 ], [ -3.59395, 40.53762 ], [ -3.59277, 40.53763 ], [ -3.59159, 40.53763 ], [ -3.5904, 40.53674 ], [ -3.58922, 40.53674 ], [ -3.58803, 40.53585 ], [ -3.58685, 40.53585 ], [ -3.58567, 40.53586 ], [ -3.58566, 40.53496 ], [ -3.58448, 40.53497 ], [ -3.5833, 40.53497 ], [ -3.58212, 40.53498 ], [ -3.58211, 40.53408 ], [ -3.58093, 40.53408 ], [ -3.57975, 40.53409 ], [ -3.57857, 40.53409 ], [ -3.57621, 40.53411 ], [ -3.57503, 40.53411 ], [ -3.57385, 40.53412 ], [ -3.57267, 40.53412 ], [ -3.57149, 40.53413 ], [ -3.57031, 40.53414 ], [ -3.56913, 40.53414 ], [ -3.56795, 40.53415 ], [ -3.56677, 40.53415 ], [ -3.56558, 40.53416 ], [ -3.5644, 40.53416 ], [ -3.56322, 40.53417 ], [ -3.55968, 40.53419 ], [ -3.55731, 40.5333 ], [ -3.55376, 40.53241 ], [ -3.55494, 40.53151 ], [ -3.55612, 40.5315 ], [ -3.55611, 40.5306 ], [ -3.5561, 40.5297 ], [ -3.55728, 40.52969 ], [ -3.55728, 40.52879 ], [ -3.55727, 40.52789 ], [ -3.55609, 40.5279 ], [ -3.55608, 40.527 ], [ -3.5549, 40.527 ], [ -3.55371, 40.52611 ], [ -3.55253, 40.52611 ], [ -3.55252, 40.52521 ], [ -3.55134, 40.52522 ], [ -3.55134, 40.52432 ], [ -3.55015, 40.52342 ], [ -3.55014, 40.52252 ], [ -3.55013, 40.52162 ], [ -3.55013, 40.52072 ], [ -3.55131, 40.52071 ], [ -3.5513, 40.51981 ], [ -3.55248, 40.51981 ], [ -3.55247, 40.51891 ], [ -3.55365, 40.5189 ], [ -3.55364, 40.518 ], [ -3.55482, 40.51799 ], [ -3.55482, 40.51709 ], [ -3.556, 40.51709 ], [ -3.55599, 40.51619 ], [ -3.55598, 40.51529 ], [ -3.5548, 40.51529 ], [ -3.5548, 40.51439 ], [ -3.55361, 40.5144 ], [ -3.55361, 40.5135 ], [ -3.5536, 40.5126 ], [ -3.55242, 40.5126 ], [ -3.55241, 40.5117 ], [ -3.5524, 40.5108 ], [ -3.55477, 40.51169 ], [ -3.55831, 40.51167 ], [ -3.56185, 40.51075 ], [ -3.5654, 40.51164 ], [ -3.56776, 40.51253 ], [ -3.57249, 40.5125 ], [ -3.57601, 40.51068 ], [ -3.57837, 40.51067 ], [ -3.58308, 40.50885 ], [ -3.58424, 40.50704 ], [ -3.58659, 40.50523 ], [ -3.58894, 40.50431 ], [ -3.59364, 40.50159 ], [ -3.59482, 40.50158 ], [ -3.596, 40.50157 ], [ -3.59718, 40.50157 ], [ -3.59836, 40.50156 ], [ -3.59954, 40.50156 ], [ -3.60072, 40.50155 ], [ -3.6019, 40.50154 ], [ -3.60308, 40.50154 ], [ -3.60427, 40.50333 ], [ -3.60545, 40.50333 ], [ -3.60546, 40.50423 ], [ -3.60665, 40.50512 ], [ -3.60666, 40.50602 ], [ -3.60784, 40.50602 ], [ -3.60785, 40.50692 ], [ -3.60903, 40.50691 ], [ -3.60903, 40.50781 ], [ -3.61021, 40.50781 ], [ -3.61022, 40.50871 ], [ -3.6114, 40.5087 ], [ -3.61258, 40.50869 ], [ -3.61259, 40.50959 ], [ -3.61377, 40.50959 ], [ -3.61378, 40.51049 ], [ -3.61496, 40.51048 ], [ -3.61497, 40.51138 ], [ -3.61615, 40.51138 ], [ -3.61614, 40.51048 ], [ -3.61732, 40.51047 ], [ -3.6185, 40.51046 ], [ -3.61968, 40.51046 ], [ -3.62086, 40.51045 ], [ -3.62085, 40.50955 ], [ -3.62203, 40.50954 ], [ -3.62321, 40.50954 ], [ -3.62439, 40.50953 ], [ -3.62557, 40.50953 ], [ -3.62675, 40.50952 ], [ -3.62675, 40.50862 ], [ -3.62793, 40.50861 ], [ -3.62911, 40.50861 ], [ -3.63029, 40.5086 ], [ -3.63147, 40.50859 ], [ -3.63265, 40.50859 ], [ -3.63264, 40.50769 ], [ -3.63382, 40.50768 ], [ -3.63972, 40.50765 ], [ -3.6409, 40.50764 ], [ -3.64091, 40.50854 ], [ -3.64209, 40.50853 ], [ -3.64327, 40.50853 ], [ -3.64326, 40.50763 ], [ -3.64444, 40.50762 ], [ -3.64563, 40.50851 ], [ -3.64681, 40.50851 ], [ -3.64682, 40.50941 ], [ -3.64801, 40.5103 ], [ -3.64919, 40.5103 ], [ -3.6492, 40.5112 ], [ -3.65038, 40.51119 ], [ -3.65156, 40.51118 ], [ -3.65274, 40.51118 ], [ -3.65512, 40.51297 ], [ -3.6563, 40.51296 ], [ -3.65746, 40.51115 ], [ -3.65865, 40.51204 ], [ -3.65867, 40.51385 ], [ -3.66106, 40.51744 ], [ -3.66345, 40.52012 ], [ -3.66582, 40.52101 ], [ -3.66583, 40.52191 ], [ -3.66584, 40.52281 ], [ -3.66585, 40.52371 ], [ -3.66585, 40.52462 ], [ -3.66822, 40.5246 ], [ -3.67058, 40.52459 ], [ -3.67176, 40.52458 ], [ -3.67531, 40.52546 ], [ -3.67532, 40.52636 ], [ -3.67651, 40.52726 ], [ -3.67533, 40.52816 ], [ -3.67182, 40.53089 ], [ -3.67065, 40.53179 ], [ -3.66949, 40.5345 ], [ -3.67068, 40.5345 ], [ -3.67068, 40.5354 ], [ -3.67069, 40.5363 ], [ -3.67187, 40.53629 ], [ -3.67188, 40.53719 ], [ -3.67306, 40.53719 ], [ -3.67307, 40.53809 ], [ -3.67425, 40.53808 ], [ -3.67426, 40.53898 ], [ -3.67427, 40.53988 ], [ -3.67545, 40.53987 ], [ -3.67546, 40.54078 ], [ -3.67664, 40.54077 ], [ -3.67665, 40.54167 ], [ -3.67784, 40.54256 ], [ -3.67785, 40.54346 ], [ -3.67905, 40.54526 ], [ -3.67906, 40.54616 ], [ -3.67907, 40.54706 ], [ -3.67908, 40.54796 ], [ -3.68026, 40.54795 ], [ -3.68027, 40.54886 ], [ -3.68145, 40.54885 ], [ -3.68146, 40.54975 ], [ -3.68147, 40.55065 ], [ -3.68265, 40.55064 ], [ -3.68266, 40.55154 ], [ -3.68267, 40.55244 ], [ -3.68267, 40.55335 ], [ -3.68268, 40.55425 ], [ -3.68508, 40.55784 ], [ -3.68628, 40.55963 ], [ -3.68631, 40.56233 ], [ -3.6875, 40.56323 ], [ -3.68752, 40.56503 ], [ -3.68872, 40.56682 ], [ -3.68873, 40.56772 ], [ -3.68874, 40.56862 ], [ -3.68992, 40.56862 ], [ -3.68993, 40.56952 ], [ -3.69111, 40.56951 ], [ -3.69229, 40.5695 ], [ -3.6923, 40.57041 ], [ -3.69231, 40.57131 ], [ -3.69349, 40.5713 ], [ -3.6935, 40.5722 ], [ -3.69351, 40.5731 ], [ -3.69469, 40.57309 ], [ -3.6947, 40.57399 ], [ -3.69588, 40.57399 ], [ -3.69706, 40.57398 ], [ -3.69707, 40.57488 ], [ -3.69708, 40.57578 ], [ -3.69709, 40.57668 ], [ -3.69827, 40.57668 ], [ -3.69828, 40.57758 ], [ -3.69946, 40.57757 ], [ -3.69947, 40.57847 ], [ -3.69829, 40.57848 ], [ -3.6983, 40.57938 ], [ -3.69712, 40.57938 ], [ -3.69594, 40.57939 ], [ -3.69475, 40.5794 ], [ -3.69476, 40.5803 ], [ -3.69358, 40.58031 ], [ -3.6924, 40.58031 ], [ -3.69122, 40.58032 ], [ -3.69123, 40.58122 ], [ -3.69005, 40.58123 ], [ -3.69006, 40.58213 ], [ -3.68887, 40.58214 ], [ -3.68888, 40.58304 ], [ -3.6877, 40.58304 ], [ -3.68534, 40.58306 ], [ -3.68417, 40.58397 ], [ -3.68299, 40.58397 ], [ -3.68299, 40.58487 ], [ -3.68181, 40.58488 ], [ -3.68182, 40.58578 ], [ -3.68064, 40.58579 ], [ -3.67946, 40.5858 ], [ -3.67947, 40.5867 ], [ -3.67829, 40.5867 ], [ -3.67711, 40.58671 ], [ -3.67711, 40.58761 ], [ -3.67593, 40.58762 ], [ -3.67476, 40.58853 ], [ -3.67358, 40.58853 ], [ -3.67237, 40.58584 ] ] ] } },
{ "type": "Feature", "properties": { "ine_code": "28007", "name": "Alcorcón" }, "geometry": { "type": "Polygon", "coordinates": [ [ [ -3.87143, 40.35388 ], [ -3.87144, 40.35478 ], [ -3.87026, 40.35479 ], [ -3.87027, 40.35569 ], [ -3.87029, 40.35659 ], [ -3.8703, 40.35749 ], [ -3.87031, 40.35839 ], [ -3.87032, 40.35929 ], [ -3.8715, 40.35928 ], [ -3.87151, 40.36019 ], [ -3.8727, 40.36108 ], [ -3.87271, 40.36198 ], [ -3.87389, 40.36197 ], [ -3.8739, 40.36287 ], [ -3.87391, 40.36377 ], [ -3.87509, 40.36376 ], [ -3.87627, 40.36375 ], [ -3.87628, 40.36465 ], [ -3.87629, 40.36555 ], [ -3.8763, 40.36646 ], [ -3.87748, 40.36645 ], [ -3.87749, 40.36735 ], [ -3.87868, 40.36824 ], [ -3.87869, 40.36914 ], [ -3.8787, 40.37004 ], [ -3.87755, 40.37185 ], [ -3.87757, 40.37365 ], [ -3.8764, 40.37366 ], [ -3.87521, 40.37277 ], [ -3.87403, 40.37278 ], [ -3.87285, 40.37279 ], [ -3.87167, 40.3728 ], [ -3.8705, 40.37281 ], [ -3.86932, 40.37281 ], [ -3.86814, 40.37282 ], [ -3.86816, 40.37463 ], [ -3.8658, 40.37374 ], [ -3.86702, 40.37734 ], [ -3.86585, 40.37825 ], [ -3.86352, 40.38007 ], [ -3.86001, 40.38189 ], [ -3.86002, 40.38279 ], [ -3.85651, 40.38462 ], [ -3.85534, 40.38553 ], [ -3.853, 40.38645 ], [ -3.85183, 40.38736 ], [ -3.84832, 40.38919 ], [ -3.84715, 40.3901 ], [ -3.84599, 40.39101 ], [ -3.84481, 40.39101 ], [ -3.84365, 40.39282 ], [ -3.84251, 40.39554 ], [ -3.84135, 40.39735 ], [ -3.84136, 40.39825 ], [ -3.84021, 40.40006 ], [ -3.83904, 40.40097 ], [ -3.83788, 40.40278 ], [ -3.83553, 40.40279 ], [ -3.83197, 40.40102 ], [ -3.83196, 40.40012 ], [ -3.83428, 40.3974 ], [ -3.83545, 40.39649 ], [ -3.83427, 40.3965 ], [ -3.83308, 40.3956 ], [ -3.83307, 40.3947 ], [ -3.83306, 40.3938 ], [ -3.83305, 40.3929 ], [ -3.83187, 40.39291 ], [ -3.83186, 40.39201 ], [ -3.83067, 40.39112 ], [ -3.83066, 40.39022 ], [ -3.82947, 40.38932 ], [ -3.82946, 40.38842 ], [ -3.82828, 40.38843 ], [ -3.82349, 40.38216 ], [ -3.82348, 40.38126 ], [ -3.82347, 40.38036 ], [ -3.82229, 40.38037 ], [ -3.82228, 40.37946 ], [ -3.8211, 40.37947 ], [ -3.82109, 40.37857 ], [ -3.8199, 40.37768 ], [ -3.81989, 40.37678 ], [ -3.81871, 40.37679 ], [ -3.8187, 40.37589 ], [ -3.81753, 40.3759 ], [ -3.81752, 40.37499 ], [ -3.8175, 40.37409 ], [ -3.81633, 40.3741 ], [ -3.81513, 40.37231 ], [ -3.81394, 40.37142 ], [ -3.81392, 40.36961 ], [ -3.81274, 40.36962 ], [ -3.81273, 40.36872 ], [ -3.81271, 40.36692 ], [ -3.81153, 40.36693 ], [ -3.81152, 40.36603 ], [ -3.81032, 40.36423 ], [ -3.80681, 40.36606 ], [ -3.80443, 40.36428 ], [ -3.80325, 40.36428 ], [ -3.80324, 40.36338 ], [ -3.80206, 40.36339 ], [ -3.80089, 40.3634 ], [ -3.80088, 40.3625 ], [ -3.7997, 40.36251 ], [ -3.79852, 40.36251 ], [ -3.79734, 40.36252 ], [ -3.79617, 40.36253 ], [ -3.79615, 40.36163 ], [ -3.79498, 40.36164 ], [ -3.7938, 40.36165 ], [ -3.79379, 40.36074 ], [ -3.79261, 40.36075 ], [ -3.79143, 40.36076 ], [ -3.79142, 40.35986 ], [ -3.79025, 40.35987 ], [ -3.78906, 40.35898 ], [ -3.78788, 40.35898 ], [ -3.78905, 40.35807 ], [ -3.79022, 40.35807 ], [ -3.7914, 40.35806 ], [ -3.79258, 40.35805 ], [ -3.79257, 40.35715 ], [ -3.79375, 40.35714 ], [ -3.79492, 40.35713 ], [ -3.7961, 40.35713 ], [ -3.79727, 40.35622 ], [ -3.79845, 40.35621 ], [ -3.79963, 40.3571 ], [ -3.80081, 40.35709 ], [ -3.80198, 40.35618 ], [ -3.80197, 40.35528 ], [ -3.80079, 40.35529 ], [ -3.7996, 40.3544 ], [ -3.79841, 40.35351 ], [ -3.8054, 40.34715 ], [ -3.80181, 40.34177 ], [ -3.80063, 40.34178 ], [ -3.80296, 40.33996 ], [ -3.80647, 40.33813 ], [ -3.80765, 40.33813 ], [ -3.80764, 40.33723 ], [ -3.80882, 40.33722 ], [ -3.80881, 40.33632 ], [ -3.80998, 40.33631 ], [ -3.80997, 40.33541 ], [ -3.81115, 40.3354 ], [ -3.81232, 40.33449 ], [ -3.81582, 40.33176 ], [ -3.81698, 40.33085 ], [ -3.81815, 40.32994 ], [ -3.81814, 40.32904 ], [ -3.81813, 40.32814 ], [ -3.81929, 40.32723 ], [ -3.82047, 40.32723 ], [ -3.82165, 40.32722 ], [ -3.82282, 40.32721 ], [ -3.824, 40.3272 ], [ -3.82399, 40.3263 ], [ -3.82517, 40.32629 ], [ -3.82634, 40.32628 ], [ -3.82752, 40.32627 ], [ -3.8287, 40.32627 ], [ -3.82987, 40.32626 ], [ -3.82986, 40.32536 ], [ -3.83104, 40.32535 ], [ -3.83222, 40.32534 ], [ -3.83339, 40.32533 ], [ -3.83457, 40.32532 ], [ -3.83575, 40.32531 ], [ -3.83693, 40.32531 ], [ -3.83691, 40.3244 ], [ -3.83809, 40.3244 ], [ -3.83927, 40.32439 ], [ -3.84045, 40.32438 ], [ -3.84162, 40.32437 ], [ -3.8428, 40.32436 ], [ -3.84398, 40.32435 ], [ -3.84515, 40.32434 ], [ -3.84633, 40.32434 ], [ -3.84751, 40.32433 ], [ -3.84871, 40.32612 ], [ -3.84872, 40.32702 ], [ -3.84873, 40.32792 ], [ -3.84991, 40.32791 ], [ -3.84992, 40.32881 ], [ -3.8511, 40.32881 ], [ -3.85111, 40.32971 ], [ -3.85112, 40.33061 ], [ -3.85229, 40.3306 ], [ -3.85231, 40.3315 ], [ -3.85349, 40.33239 ], [ -3.85467, 40.33238 ], [ -3.85468, 40.33328 ], [ -3.85469, 40.33418 ], [ -3.85471, 40.33509 ], [ -3.85588, 40.33508 ], [ -3.85587, 40.33418 ], [ -3.85821, 40.33326 ], [ -3.8606, 40.33594 ], [ -3.85943, 40.33595 ], [ -3.85945, 40.33775 ], [ -3.85946, 40.33865 ], [ -3.85831, 40.34046 ], [ -3.85832, 40.34136 ], [ -3.85951, 40.34226 ], [ -3.85952, 40.34316 ], [ -3.86188, 40.34404 ], [ -3.86425, 40.34492 ], [ -3.86663, 40.34671 ], [ -3.86666, 40.34941 ], [ -3.86668, 40.35121 ], [ -3.8679, 40.35391 ], [ -3.87142, 40.35298 ], [ -3.87143, 40.35388 ] ] ] } },
{ "type": "Feature", "properties": { "ine_code": "28008", "name": "Aldea del Fresno" }, "geometry": { "type": "Polygon", "coordinates": [ [ [ -4.29245, 40.32472 ], [ -4.2913, 40.32653 ], [ -4.28895, 40.32656 ], [ -4.28663, 40.32838 ], [ -4.28547, 40.3293 ], [ -4.28428, 40.32841 ], [ -4.28192, 40.32844 ], [ -4.27957, 40.32846 ], [ -4.27722, 40.32849 ], [ -4.27606, 40.3294 ], [ -4.27374, 40.33123 ], [ -4.27256, 40.33124 ], [ -4.27022, 40.33217 ], [ -4.26904, 40.33218 ], [ -4.26787, 40.3322 ], [ -4.26551, 40.33222 ], [ -4.26316, 40.33225 ], [ -4.26197, 40.33136 ], [ -4.25958, 40.32958 ], [ -4.25723, 40.32961 ], [ -4.25601, 40.32782 ], [ -4.25482, 40.32693 ], [ -4.25126, 40.32517 ], [ -4.2489, 40.32519 ], [ -4.24892, 40.3261 ], [ -4.24774, 40.32611 ], [ -4.24657, 40.32612 ], [ -4.24541, 40.32703 ], [ -4.24305, 40.32706 ], [ -4.23597, 40.32623 ], [ -4.23599, 40.32713 ], [ -4.23481, 40.32715 ], [ -4.23367, 40.32896 ], [ -4.23253, 40.33078 ], [ -4.23256, 40.33258 ], [ -4.2314, 40.33349 ], [ -4.23141, 40.33439 ], [ -4.23024, 40.3344 ], [ -4.22906, 40.33442 ], [ -4.22788, 40.33443 ], [ -4.22555, 40.33535 ], [ -4.22437, 40.33537 ], [ -4.22319, 40.33538 ], [ -4.22203, 40.33629 ], [ -4.22085, 40.3363 ], [ -4.21968, 40.33632 ], [ -4.2185, 40.33633 ], [ -4.21732, 40.33634 ], [ -4.21734, 40.33724 ], [ -4.21618, 40.33816 ], [ -4.215, 40.33817 ], [ -4.21384, 40.33908 ], [ -4.21389, 40.34178 ], [ -4.2151, 40.34357 ], [ -4.21395, 40.34539 ], [ -4.21163, 40.34721 ], [ -4.21165, 40.34811 ], [ -4.21282, 40.3481 ], [ -4.21284, 40.349 ], [ -4.21286, 40.3499 ], [ -4.21168, 40.34991 ], [ -4.2105, 40.34993 ], [ -4.20933, 40.34994 ], [ -4.20931, 40.34904 ], [ -4.20813, 40.34905 ], [ -4.19862, 40.34374 ], [ -4.19623, 40.34197 ], [ -4.19265, 40.3393 ], [ -4.18791, 40.33755 ], [ -4.1855, 40.33397 ], [ -4.18427, 40.33128 ], [ -4.18187, 40.3286 ], [ -4.17713, 40.32685 ], [ -4.17592, 40.32506 ], [ -4.17471, 40.32327 ], [ -4.17352, 40.32238 ], [ -4.17231, 40.32059 ], [ -4.17112, 40.3197 ], [ -4.16993, 40.31881 ], [ -4.16991, 40.31791 ], [ -4.1699, 40.31701 ], [ -4.16872, 40.31702 ], [ -4.16871, 40.31612 ], [ -4.16869, 40.31522 ], [ -4.16868, 40.31432 ], [ -4.16866, 40.31342 ], [ -4.16744, 40.31073 ], [ -4.16623, 40.30894 ], [ -4.1662, 40.30714 ], [ -4.16618, 40.30624 ], [ -4.16733, 40.30442 ], [ -4.16731, 40.30352 ], [ -4.16728, 40.30172 ], [ -4.16843, 40.29991 ], [ -4.16841, 40.29901 ], [ -4.16722, 40.29812 ], [ -4.1672, 40.29722 ], [ -4.16719, 40.29632 ], [ -4.16717, 40.29542 ], [ -4.16716, 40.29452 ], [ -4.16714, 40.29362 ], [ -4.16713, 40.29272 ], [ -4.16711, 40.29181 ], [ -4.1671, 40.29091 ], [ -4.16708, 40.29001 ], [ -4.16706, 40.28911 ], [ -4.16705, 40.28821 ], [ -4.16823, 40.2882 ], [ -4.1694, 40.28819 ], [ -4.17058, 40.28818 ], [ -4.17175, 40.28816 ], [ -4.17293, 40.28815 ], [ -4.17412, 40.28904 ], [ -4.1753, 40.28903 ], [ -4.17649, 40.28992 ], [ -4.17651, 40.29082 ], [ -4.17768, 40.29081 ], [ -4.1777, 40.29171 ], [ -4.17771, 40.29261 ], [ -4.17889, 40.2926 ], [ -4.17891, 40.2935 ], [ -4.18008, 40.29348 ], [ -4.18126, 40.29347 ], [ -4.18243, 40.29346 ], [ -4.18363, 40.29435 ], [ -4.1848, 40.29434 ], [ -4.18482, 40.29524 ], [ -4.18599, 40.29523 ], [ -4.18601, 40.29613 ], [ -4.18719, 40.29611 ], [ -4.18838, 40.297 ], [ -4.18956, 40.29699 ], [ -4.19073, 40.29698 ], [ -4.19191, 40.29697 ], [ -4.19423, 40.29514 ], [ -4.19541, 40.29513 ], [ -4.19657, 40.29422 ], [ -4.19774, 40.2942 ], [ -4.19773, 40.2933 ], [ -4.19771, 40.2924 ], [ -4.19769, 40.2915 ], [ -4.19887, 40.29149 ], [ -4.19885, 40.29059 ], [ -4.19884, 40.28969 ], [ -4.20001, 40.28968 ], [ -4.20119, 40.28966 ], [ -4.20237, 40.28965 ], [ -4.2035, 40.28694 ], [ -4.20466, 40.28602 ], [ -4.20464, 40.28512 ], [ -4.20462, 40.28422 ], [ -4.20461, 40.28332 ], [ -4.20459, 40.28242 ], [ -4.20458, 40.28152 ], [ -4.20456, 40.28062 ], [ -4.20454, 40.27972 ], [ -4.20453, 40.27882 ], [ -4.20335, 40.27883 ], [ -4.20334, 40.27793 ], [ -4.20332, 40.27703 ], [ -4.2033, 40.27613 ], [ -4.20329, 40.27523 ], [ -4.20327, 40.27433 ], [ -4.20326, 40.27343 ], [ -4.20443, 40.27341 ], [ -4.20442, 40.27251 ], [ -4.2044, 40.27161 ], [ -4.20438, 40.27071 ], [ -4.20437, 40.26981 ], [ -4.20318, 40.26892 ], [ -4.20435, 40.26891 ], [ -4.20553, 40.2689 ], [ -4.2067, 40.26889 ], [ -4.20788, 40.26887 ], [ -4.20786, 40.26797 ], [ -4.20904, 40.26796 ], [ -4.20906, 40.26886 ], [ -4.21023, 40.26885 ], [ -4.21141, 40.26884 ], [ -4.21258, 40.26882 ], [ -4.2126, 40.26972 ], [ -4.21378, 40.26971 ], [ -4.21495, 40.2697 ], [ -4.21497, 40.2706 ], [ -4.21614, 40.27059 ], [ -4.21616, 40.27149 ], [ -4.21618, 40.27239 ], [ -4.21735, 40.27238 ], [ -4.2197, 40.27235 ], [ -4.22088, 40.27234 ], [ -4.22202, 40.27053 ], [ -4.22437, 40.2705 ], [ -4.22671, 40.26958 ], [ -4.22673, 40.27048 ], [ -4.22674, 40.27138 ], [ -4.22792, 40.27137 ], [ -4.22793, 40.27227 ], [ -4.22795, 40.27317 ], [ -4.22797, 40.27407 ], [ -4.22798, 40.27497 ], [ -4.22916, 40.27496 ], [ -4.22918, 40.27586 ], [ -4.23154, 40.27673 ], [ -4.23865, 40.27936 ], [ -4.23983, 40.27935 ], [ -4.24102, 40.28023 ], [ -4.24221, 40.28112 ], [ -4.24339, 40.28111 ], [ -4.24458, 40.282 ], [ -4.24577, 40.28289 ], [ -4.24695, 40.28287 ], [ -4.24696, 40.28377 ], [ -4.24814, 40.28376 ], [ -4.2517, 40.28552 ], [ -4.25526, 40.28729 ], [ -4.25644, 40.28728 ], [ -4.25646, 40.28818 ], [ -4.25647, 40.28908 ], [ -4.25765, 40.28906 ], [ -4.25767, 40.28996 ], [ -4.25884, 40.28995 ], [ -4.25886, 40.29085 ], [ -4.26004, 40.29084 ], [ -4.26005, 40.29174 ], [ -4.26123, 40.29173 ], [ -4.26244, 40.29352 ], [ -4.26363, 40.2944 ], [ -4.26481, 40.29439 ], [ -4.26602, 40.29618 ], [ -4.26719, 40.29617 ], [ -4.26839, 40.29705 ], [ -4.26956, 40.29704 ], [ -4.26958, 40.29794 ], [ -4.27076, 40.29793 ], [ -4.27077, 40.29883 ], [ -4.27195, 40.29882 ], [ -4.27197, 40.29972 ], [ -4.27314, 40.29971 ], [ -4.27434, 40.30059 ], [ -4.27435, 40.30149 ], [ -4.27553, 40.30148 ], [ -4.27672, 40.30237 ], [ -4.27674, 40.30327 ], [ -4.27676, 40.30417 ], [ -4.27677, 40.30507 ], [ -4.27795, 40.30506 ], [ -4.27797, 40.30596 ], [ -4.27798, 40.30686 ], [ -4.27916, 40.30685 ], [ -4.27918, 40.30775 ], [ -4.28035, 40.30773 ], [ -4.28037, 40.30863 ], [ -4.28039, 40.30953 ], [ -4.28041, 40.31044 ], [ -4.28042, 40.31134 ], [ -4.28162, 40.31222 ], [ -4.28163, 40.31312 ], [ -4.29354, 40.3202 ], [ -4.29477, 40.32289 ], [ -4.29245, 40.32472 ] ] ] } },
{ "type": "Feature", "properties": { "ine_code": "28009", "name": "Algete" }, "geometry": { "type": "Polygon", "coordinates": [ [ [ -3.58908, 40.65566 ], [ -3.58671, 40.65477 ], [ -3.58433, 40.65298 ], [ -3.58551, 40.65298 ], [ -3.58431, 40.65028 ], [ -3.58429, 40.64848 ], [ -3.58547, 40.64847 ], [ -3.58427, 40.64577 ], [ -3.58426, 40.64487 ], [ -3.58308, 40.64488 ], [ -3.58189, 40.64489 ], [ -3.58071, 40.64489 ], [ -3.57953, 40.6449 ], [ -3.57835, 40.6449 ], [ -3.57835, 40.6458 ], [ -3.57717, 40.64581 ], [ -3.57599, 40.64582 ], [ -3.57598, 40.64492 ], [ -3.5748, 40.64492 ], [ -3.57362, 40.64493 ], [ -3.57243, 40.64493 ], [ -3.57242, 40.64403 ], [ -3.57124, 40.64404 ], [ -3.57006, 40.64404 ], [ -3.56887, 40.64315 ], [ -3.56769, 40.64406 ], [ -3.5677, 40.64496 ], [ -3.56771, 40.64586 ], [ -3.56772, 40.64676 ], [ -3.56772, 40.64766 ], [ -3.56773, 40.64856 ], [ -3.56774, 40.64946 ], [ -3.56656, 40.64947 ], [ -3.56656, 40.65037 ], [ -3.56538, 40.65037 ], [ -3.5642, 40.65038 ], [ -3.56302, 40.65038 ], [ -3.56183, 40.65039 ], [ -3.56065, 40.6504 ], [ -3.55947, 40.6504 ], [ -3.56061, 40.64499 ], [ -3.55941, 40.6432 ], [ -3.55822, 40.6423 ], [ -3.55704, 40.64231 ], [ -3.55702, 40.6405 ], [ -3.55584, 40.64051 ], [ -3.55583, 40.63961 ], [ -3.55582, 40.63871 ], [ -3.55582, 40.63781 ], [ -3.55581, 40.63691 ], [ -3.5558, 40.63601 ], [ -3.55698, 40.636 ], [ -3.55817, 40.63599 ], [ -3.55935, 40.63599 ], [ -3.56053, 40.63598 ], [ -3.56054, 40.63688 ], [ -3.56055, 40.63778 ], [ -3.56055, 40.63869 ], [ -3.56174, 40.63868 ], [ -3.56292, 40.63867 ], [ -3.56291, 40.63777 ], [ -3.5629, 40.63687 ], [ -3.5629, 40.63597 ], [ -3.56408, 40.63597 ], [ -3.56407, 40.63506 ], [ -3.56406, 40.63416 ], [ -3.56406, 40.63326 ], [ -3.56405, 40.63236 ], [ -3.56404, 40.63146 ], [ -3.56286, 40.63147 ], [ -3.56285, 40.63057 ], [ -3.56165, 40.62877 ], [ -3.56165, 40.62787 ], [ -3.56046, 40.62788 ], [ -3.56046, 40.62697 ], [ -3.56045, 40.62607 ], [ -3.56044, 40.62517 ], [ -3.56043, 40.62427 ], [ -3.55925, 40.62428 ], [ -3.55924, 40.62338 ], [ -3.56043, 40.62337 ], [ -3.56042, 40.62247 ], [ -3.55923, 40.62158 ], [ -3.55922, 40.62067 ], [ -3.55921, 40.61977 ], [ -3.55921, 40.61887 ], [ -3.5592, 40.61797 ], [ -3.55919, 40.61707 ], [ -3.55918, 40.61617 ], [ -3.55918, 40.61527 ], [ -3.56035, 40.61436 ], [ -3.55916, 40.61347 ], [ -3.55915, 40.61257 ], [ -3.55796, 40.61167 ], [ -3.5556, 40.61168 ], [ -3.55442, 40.61169 ], [ -3.55205, 40.6117 ], [ -3.55088, 40.61261 ], [ -3.5497, 40.61261 ], [ -3.5497, 40.61351 ], [ -3.54734, 40.61352 ], [ -3.54616, 40.61353 ], [ -3.54497, 40.61354 ], [ -3.54261, 40.61355 ], [ -3.5379, 40.61627 ], [ -3.53672, 40.61628 ], [ -3.53554, 40.61628 ], [ -3.53553, 40.61538 ], [ -3.53435, 40.61539 ], [ -3.53317, 40.61539 ], [ -3.53198, 40.6145 ], [ -3.52961, 40.61361 ], [ -3.52843, 40.61451 ], [ -3.52724, 40.61362 ], [ -3.52488, 40.61363 ], [ -3.52371, 40.61544 ], [ -3.52017, 40.61635 ], [ -3.51663, 40.61727 ], [ -3.51545, 40.61727 ], [ -3.51427, 40.61818 ], [ -3.50955, 40.6182 ], [ -3.5072, 40.62001 ], [ -3.50365, 40.62003 ], [ -3.50247, 40.62003 ], [ -3.50248, 40.62184 ], [ -3.50249, 40.62274 ], [ -3.50249, 40.62364 ], [ -3.5025, 40.62454 ], [ -3.50369, 40.62543 ], [ -3.50251, 40.62544 ], [ -3.50132, 40.62544 ], [ -3.50014, 40.62545 ], [ -3.49896, 40.62545 ], [ -3.49778, 40.62546 ], [ -3.4966, 40.62547 ], [ -3.49541, 40.62457 ], [ -3.49422, 40.62457 ], [ -3.49304, 40.62458 ], [ -3.49186, 40.62458 ], [ -3.49068, 40.62459 ], [ -3.49068, 40.62549 ], [ -3.48832, 40.6255 ], [ -3.48595, 40.62551 ], [ -3.48595, 40.62461 ], [ -3.48475, 40.62281 ], [ -3.48593, 40.62281 ], [ -3.48593, 40.62191 ], [ -3.48592, 40.62101 ], [ -3.4871, 40.621 ], [ -3.48829, 40.621 ], [ -3.48828, 40.6201 ], [ -3.48589, 40.6165 ], [ -3.48471, 40.61651 ], [ -3.48352, 40.61651 ], [ -3.48234, 40.61652 ], [ -3.48234, 40.61562 ], [ -3.48232, 40.61381 ], [ -3.48114, 40.61382 ], [ -3.47996, 40.61382 ], [ -3.47878, 40.61383 ], [ -3.47877, 40.61293 ], [ -3.47876, 40.61203 ], [ -3.47758, 40.61203 ], [ -3.47758, 40.61113 ], [ -3.47757, 40.61023 ], [ -3.47639, 40.61024 ], [ -3.47638, 40.60933 ], [ -3.47637, 40.60843 ], [ -3.47637, 40.60753 ], [ -3.47636, 40.60663 ], [ -3.47635, 40.60573 ], [ -3.47635, 40.60483 ], [ -3.47517, 40.60484 ], [ -3.47517, 40.60574 ], [ -3.47399, 40.60574 ], [ -3.47281, 40.60575 ], [ -3.47162, 40.60485 ], [ -3.47044, 40.60576 ], [ -3.46926, 40.60576 ], [ -3.46927, 40.60666 ], [ -3.46809, 40.60667 ], [ -3.46337, 40.60759 ], [ -3.46218, 40.60669 ], [ -3.45863, 40.6067 ], [ -3.45745, 40.60671 ], [ -3.45627, 40.60671 ], [ -3.4539, 40.60672 ], [ -3.45626, 40.60581 ], [ -3.45861, 40.6031 ], [ -3.45979, 40.6031 ], [ -3.45978, 40.60219 ], [ -3.46096, 40.60219 ], [ -3.46096, 40.60129 ], [ -3.46214, 40.60128 ], [ -3.46213, 40.60038 ], [ -3.46332, 40.60038 ], [ -3.46331, 40.59948 ], [ -3.46449, 40.59947 ], [ -3.46448, 40.59857 ], [ -3.46448, 40.59767 ], [ -3.46566, 40.59767 ], [ -3.46684, 40.59676 ], [ -3.46565, 40.59586 ], [ -3.46801, 40.59586 ], [ -3.46919, 40.59585 ], [ -3.46919, 40.59495 ], [ -3.47036, 40.59404 ], [ -3.47154, 40.59404 ], [ -3.47272, 40.59313 ], [ -3.4739, 40.59313 ], [ -3.47508, 40.59312 ], [ -3.47508, 40.59222 ], [ -3.47626, 40.59222 ], [ -3.47625, 40.59132 ], [ -3.47743, 40.59041 ], [ -3.47861, 40.59041 ], [ -3.47978, 40.5895 ], [ -3.48096, 40.5886 ], [ -3.48214, 40.58859 ], [ -3.48214, 40.58769 ], [ -3.48332, 40.58768 ], [ -3.48213, 40.58679 ], [ -3.4833, 40.58588 ], [ -3.48449, 40.58588 ], [ -3.48684, 40.58497 ], [ -3.48921, 40.58496 ], [ -3.49039, 40.58495 ], [ -3.49157, 40.58495 ], [ -3.49275, 40.58494 ], [ -3.49394, 40.58584 ], [ -3.49393, 40.58494 ], [ -3.49512, 40.58583 ], [ -3.49748, 40.58582 ], [ -3.49984, 40.58491 ], [ -3.5022, 40.584 ], [ -3.50455, 40.58309 ], [ -3.50573, 40.58308 ], [ -3.50692, 40.58308 ], [ -3.50809, 40.58217 ], [ -3.50927, 40.58217 ], [ -3.51045, 40.58216 ], [ -3.51164, 40.58216 ], [ -3.51282, 40.58215 ], [ -3.51399, 40.58125 ], [ -3.51635, 40.58124 ], [ -3.51754, 40.58123 ], [ -3.51872, 40.58122 ], [ -3.5199, 40.58122 ], [ -3.52108, 40.58121 ], [ -3.52226, 40.58121 ], [ -3.52344, 40.5812 ], [ -3.52463, 40.5812 ], [ -3.52581, 40.58119 ], [ -3.52581, 40.58209 ], [ -3.527, 40.58209 ], [ -3.52818, 40.58208 ], [ -3.52936, 40.58208 ], [ -3.52937, 40.58298 ], [ -3.52937, 40.58388 ], [ -3.53055, 40.58387 ], [ -3.53174, 40.58387 ], [ -3.53292, 40.58386 ], [ -3.53292, 40.58476 ], [ -3.53411, 40.58476 ], [ -3.53529, 40.58475 ], [ -3.53528, 40.58385 ], [ -3.53646, 40.58385 ], [ -3.53764, 40.58384 ], [ -3.53883, 40.58384 ], [ -3.54001, 40.58383 ], [ -3.54, 40.58293 ], [ -3.53999, 40.58203 ], [ -3.54118, 40.58292 ], [ -3.54236, 40.58292 ], [ -3.54354, 40.58291 ], [ -3.54473, 40.58381 ], [ -3.54592, 40.5838 ], [ -3.54592, 40.5847 ], [ -3.54711, 40.5856 ], [ -3.5483, 40.58649 ], [ -3.54831, 40.58739 ], [ -3.54948, 40.58649 ], [ -3.55066, 40.58648 ], [ -3.55185, 40.58648 ], [ -3.55539, 40.58646 ], [ -3.55775, 40.58555 ], [ -3.55893, 40.58554 ], [ -3.55775, 40.58645 ], [ -3.56012, 40.58734 ], [ -3.56014, 40.58914 ], [ -3.56134, 40.59184 ], [ -3.56253, 40.59183 ], [ -3.56489, 40.59182 ], [ -3.5649, 40.59272 ], [ -3.5649, 40.59362 ], [ -3.56491, 40.59452 ], [ -3.56492, 40.59542 ], [ -3.56493, 40.59632 ], [ -3.56375, 40.59723 ], [ -3.56494, 40.59812 ], [ -3.56495, 40.59903 ], [ -3.56613, 40.59902 ], [ -3.56731, 40.59901 ], [ -3.56731, 40.59811 ], [ -3.56849, 40.59811 ], [ -3.56967, 40.5981 ], [ -3.57085, 40.5981 ], [ -3.57203, 40.59809 ], [ -3.57322, 40.59898 ], [ -3.57441, 40.59988 ], [ -3.57442, 40.60078 ], [ -3.57443, 40.60168 ], [ -3.57561, 40.60168 ], [ -3.57562, 40.60258 ], [ -3.57681, 40.60347 ], [ -3.57681, 40.60437 ], [ -3.57682, 40.60527 ], [ -3.57683, 40.60617 ], [ -3.57684, 40.60707 ], [ -3.57685, 40.60798 ], [ -3.57685, 40.60888 ], [ -3.57567, 40.60888 ], [ -3.5745, 40.60979 ], [ -3.57331, 40.60979 ], [ -3.57332, 40.6107 ], [ -3.57333, 40.6116 ], [ -3.57334, 40.6125 ], [ -3.57453, 40.61339 ], [ -3.57454, 40.61429 ], [ -3.57336, 40.6152 ], [ -3.57337, 40.6161 ], [ -3.57338, 40.617 ], [ -3.57338, 40.6179 ], [ -3.57339, 40.6188 ], [ -3.5734, 40.6197 ], [ -3.57458, 40.6197 ], [ -3.57576, 40.61969 ], [ -3.57576, 40.61879 ], [ -3.57694, 40.61879 ], [ -3.57812, 40.61878 ], [ -3.5793, 40.61877 ], [ -3.57931, 40.61967 ], [ -3.58049, 40.61967 ], [ -3.5805, 40.62057 ], [ -3.58168, 40.62056 ], [ -3.58051, 40.62147 ], [ -3.58052, 40.62237 ], [ -3.57934, 40.62328 ], [ -3.58053, 40.62417 ], [ -3.58172, 40.62507 ], [ -3.5829, 40.62506 ], [ -3.58291, 40.62596 ], [ -3.58292, 40.62686 ], [ -3.5841, 40.62686 ], [ -3.58411, 40.62776 ], [ -3.58767, 40.62954 ], [ -3.58889, 40.63314 ], [ -3.5889, 40.63494 ], [ -3.58891, 40.63584 ], [ -3.59011, 40.63764 ], [ -3.5913, 40.63853 ], [ -3.59013, 40.64034 ], [ -3.59132, 40.64123 ], [ -3.59015, 40.64214 ], [ -3.59018, 40.64574 ], [ -3.5902, 40.64755 ], [ -3.59139, 40.64934 ], [ -3.59259, 40.65024 ], [ -3.59259, 40.65114 ], [ -3.5926, 40.65204 ], [ -3.59261, 40.65294 ], [ -3.59262, 40.65384 ], [ -3.5938, 40.65383 ], [ -3.59381, 40.65473 ], [ -3.58908, 40.65566 ] ] ] } },
{ "type": "Feature", "properties": { "ine_code": "28010", "name": "Alpedrete" }, "geometry": { "type": "Polygon", "coordinates": [ [ [ -4.04345, 40.66416 ], [ -4.04346, 40.66506 ], [ -4.04228, 40.66507 ], [ -4.04229, 40.66597 ], [ -4.03994, 40.66689 ], [ -4.03759, 40.66782 ], [ -4.0376, 40.66872 ], [ -4.03643, 40.66963 ], [ -4.03526, 40.67054 ], [ -4.03409, 40.67145 ], [ -4.03173, 40.67147 ], [ -4.03056, 40.67238 ], [ -4.02704, 40.67422 ], [ -4.0247, 40.67604 ], [ -4.02118, 40.67787 ], [ -4.01884, 40.67969 ], [ -4.0153, 40.68063 ], [ -4.01296, 40.68245 ], [ -4.01061, 40.68337 ], [ -4.00351, 40.68343 ], [ -4.00116, 40.68435 ], [ -3.99519, 40.6808 ], [ -3.99632, 40.67719 ], [ -3.9963, 40.67629 ], [ -3.99747, 40.67538 ], [ -3.99745, 40.67357 ], [ -3.99621, 40.66998 ], [ -3.9962, 40.66908 ], [ -3.99618, 40.66818 ], [ -3.99616, 40.66638 ], [ -3.99733, 40.66547 ], [ -3.99731, 40.66457 ], [ -3.99848, 40.66366 ], [ -3.99967, 40.66365 ], [ -4.00321, 40.66361 ], [ -4.00438, 40.6627 ], [ -4.00675, 40.66268 ], [ -4.00672, 40.66088 ], [ -4.00903, 40.65726 ], [ -4.00901, 40.65546 ], [ -4.00899, 40.65456 ], [ -4.01132, 40.65183 ], [ -4.01366, 40.65001 ], [ -4.01718, 40.64818 ], [ -4.0195, 40.64546 ], [ -4.02186, 40.64543 ], [ -4.01946, 40.64275 ], [ -4.01945, 40.64185 ], [ -4.01704, 40.63917 ], [ -4.01938, 40.63735 ], [ -4.02288, 40.63461 ], [ -4.02522, 40.63279 ], [ -4.0264, 40.63278 ], [ -4.02763, 40.63547 ], [ -4.03005, 40.63906 ], [ -4.03007, 40.64086 ], [ -4.03009, 40.64176 ], [ -4.03366, 40.64353 ], [ -4.03606, 40.64531 ], [ -4.03727, 40.6471 ], [ -4.03966, 40.64888 ], [ -4.04088, 40.65157 ], [ -4.04326, 40.65245 ], [ -4.04447, 40.65424 ], [ -4.04567, 40.65513 ], [ -4.04687, 40.65602 ], [ -4.04691, 40.65872 ], [ -4.04811, 40.65961 ], [ -4.04694, 40.66052 ], [ -4.0446, 40.66235 ], [ -4.04345, 40.66416 ] ] ] } },
{ "type": "Feature", "properties": { "ine_code": "28011", "name": "Ambite" }, "geometry": { "type": "Polygon", "coordinates": [ [ [ -3.2142, 40.31282 ], [ -3.21184, 40.31372 ], [ -3.21067, 40.31373 ], [ -3.20832, 40.31643 ], [ -3.20715, 40.31734 ], [ -3.20715, 40.31824 ], [ -3.20481, 40.32094 ], [ -3.20363, 40.32185 ], [ -3.20363, 40.32275 ], [ -3.20364, 40.32365 ], [ -3.20364, 40.32455 ], [ -3.20364, 40.32545 ], [ -3.20246, 40.32545 ], [ -3.20247, 40.32635 ], [ -3.20247, 40.32725 ], [ -3.20129, 40.32726 ], [ -3.2013, 40.32816 ], [ -3.2013, 40.32906 ], [ -3.2013, 40.32996 ], [ -3.20012, 40.32996 ], [ -3.20013, 40.33086 ], [ -3.20013, 40.33176 ], [ -3.20013, 40.33266 ], [ -3.20013, 40.33357 ], [ -3.20014, 40.33447 ], [ -3.20014, 40.33537 ], [ -3.20014, 40.33627 ], [ -3.20015, 40.33717 ], [ -3.19897, 40.33717 ], [ -3.19897, 40.33807 ], [ -3.20015, 40.33807 ], [ -3.20015, 40.33897 ], [ -3.20015, 40.33987 ], [ -3.20133, 40.33987 ], [ -3.20133, 40.34077 ], [ -3.20251, 40.34077 ], [ -3.20369, 40.34167 ], [ -3.20488, 40.34437 ], [ -3.20018, 40.34888 ], [ -3.19901, 40.35068 ], [ -3.19666, 40.35249 ], [ -3.19195, 40.3543 ], [ -3.1896, 40.35521 ], [ -3.18842, 40.35611 ], [ -3.18607, 40.35701 ], [ -3.18372, 40.35792 ], [ -3.17901, 40.35883 ], [ -3.17784, 40.35973 ], [ -3.17666, 40.35973 ], [ -3.17666, 40.36153 ], [ -3.17666, 40.36243 ], [ -3.17667, 40.36424 ], [ -3.1755, 40.36694 ], [ -3.1755, 40.36784 ], [ -3.1755, 40.36874 ], [ -3.17669, 40.37054 ], [ -3.17787, 40.37324 ], [ -3.1767, 40.37415 ], [ -3.17434, 40.37595 ], [ -3.16963, 40.37686 ], [ -3.16846, 40.37776 ], [ -3.16728, 40.37776 ], [ -3.16021, 40.37867 ], [ -3.15786, 40.37868 ], [ -3.1555, 40.37778 ], [ -3.15314, 40.37688 ], [ -3.15078, 40.37598 ], [ -3.1496, 40.37328 ], [ -3.1496, 40.37148 ], [ -3.15077, 40.37148 ], [ -3.15195, 40.36877 ], [ -3.15312, 40.36787 ], [ -3.15194, 40.36607 ], [ -3.15076, 40.36607 ], [ -3.15076, 40.36517 ], [ -3.15076, 40.36427 ], [ -3.14958, 40.36337 ], [ -3.14957, 40.36157 ], [ -3.14957, 40.36067 ], [ -3.14957, 40.35977 ], [ -3.14839, 40.35977 ], [ -3.14721, 40.35977 ], [ -3.14721, 40.35887 ], [ -3.14603, 40.35887 ], [ -3.14486, 40.35887 ], [ -3.14368, 40.35797 ], [ -3.14368, 40.35707 ], [ -3.14367, 40.35617 ], [ -3.14367, 40.35527 ], [ -3.14367, 40.35437 ], [ -3.14367, 40.35347 ], [ -3.14367, 40.35257 ], [ -3.14249, 40.35257 ], [ -3.14131, 40.35257 ], [ -3.14131, 40.35167 ], [ -3.14131, 40.35077 ], [ -3.14248, 40.35077 ], [ -3.14248, 40.34987 ], [ -3.14366, 40.34987 ], [ -3.14484, 40.34986 ], [ -3.14602, 40.34986 ], [ -3.14719, 40.34986 ], [ -3.14719, 40.34896 ], [ -3.14601, 40.34896 ], [ -3.14601, 40.34806 ], [ -3.14719, 40.34806 ], [ -3.14719, 40.34716 ], [ -3.14836, 40.34716 ], [ -3.14954, 40.34716 ], [ -3.14954, 40.34625 ], [ -3.15072, 40.34625 ], [ -3.15072, 40.34535 ], [ -3.15189, 40.34535 ], [ -3.15189, 40.34445 ], [ -3.15189, 40.34355 ], [ -3.15307, 40.34355 ], [ -3.15424, 40.34355 ], [ -3.15424, 40.34264 ], [ -3.15542, 40.34264 ], [ -3.15542, 40.34174 ], [ -3.15424, 40.34084 ], [ -3.15188, 40.33995 ], [ -3.15188, 40.33904 ], [ -3.15188, 40.33814 ], [ -3.15187, 40.33724 ], [ -3.15187, 40.33634 ], [ -3.15187, 40.33544 ], [ -3.15187, 40.33454 ], [ -3.15187, 40.33364 ], [ -3.15304, 40.33184 ], [ -3.15422, 40.33183 ], [ -3.15892, 40.32912 ], [ -3.16245, 40.32732 ], [ -3.16244, 40.32642 ], [ -3.1648, 40.32551 ], [ -3.16479, 40.32461 ], [ -3.16597, 40.32461 ], [ -3.16715, 40.32371 ], [ -3.16832, 40.3228 ], [ -3.1695, 40.3219 ], [ -3.16949, 40.321 ], [ -3.17067, 40.321 ], [ -3.17302, 40.31829 ], [ -3.17654, 40.31649 ], [ -3.17654, 40.31559 ], [ -3.17772, 40.31558 ], [ -3.1789, 40.31558 ], [ -3.17889, 40.31468 ], [ -3.18007, 40.31468 ], [ -3.18007, 40.31378 ], [ -3.18007, 40.31288 ], [ -3.18124, 40.31288 ], [ -3.18124, 40.31197 ], [ -3.18124, 40.31107 ], [ -3.18124, 40.31017 ], [ -3.18123, 40.30927 ], [ -3.18241, 40.30927 ], [ -3.18241, 40.30837 ], [ -3.18241, 40.30747 ], [ -3.1824, 40.30657 ], [ -3.1824, 40.30567 ], [ -3.1824, 40.30476 ], [ -3.18475, 40.30476 ], [ -3.18946, 40.30475 ], [ -3.19299, 40.30475 ], [ -3.1977, 40.30564 ], [ -3.20241, 40.30653 ], [ -3.20594, 40.30653 ], [ -3.20712, 40.30653 ], [ -3.21065, 40.30922 ], [ -3.21183, 40.31012 ], [ -3.21655, 40.31281 ], [ -3.2142, 40.31282 ] ] ] } },
{ "type": "Feature", "properties": { "ine_code": "28012", "name": "Anchuelo" }, "geometry": { "type": "Polygon", "coordinates": [ [ [ -3.32088, 40.47294 ], [ -3.32088, 40.47384 ], [ -3.32088, 40.47474 ], [ -3.3197, 40.47474 ], [ -3.31971, 40.47564 ], [ -3.31853, 40.47564 ], [ -3.31735, 40.47655 ], [ -3.31618, 40.47745 ], [ -3.31618, 40.47835 ], [ -3.31501, 40.47926 ], [ -3.31265, 40.48017 ], [ -3.31148, 40.48107 ], [ -3.30912, 40.48288 ], [ -3.30912, 40.48198 ], [ -3.30676, 40.48198 ], [ -3.30558, 40.48199 ], [ -3.3044, 40.48109 ], [ -3.30085, 40.4793 ], [ -3.29967, 40.4802 ], [ -3.2985, 40.482 ], [ -3.29733, 40.48381 ], [ -3.29379, 40.48472 ], [ -3.29144, 40.48563 ], [ -3.29026, 40.48653 ], [ -3.2879, 40.48654 ], [ -3.28673, 40.48834 ], [ -3.28674, 40.49014 ], [ -3.29028, 40.49103 ], [ -3.29264, 40.49013 ], [ -3.295, 40.49012 ], [ -3.29618, 40.49102 ], [ -3.29737, 40.49282 ], [ -3.29856, 40.49462 ], [ -3.29502, 40.49463 ], [ -3.29265, 40.49373 ], [ -3.28912, 40.49464 ], [ -3.28794, 40.49464 ], [ -3.28676, 40.49465 ], [ -3.28439, 40.49375 ], [ -3.28321, 40.49375 ], [ -3.28085, 40.49286 ], [ -3.28084, 40.49106 ], [ -3.27966, 40.49016 ], [ -3.27611, 40.48837 ], [ -3.27374, 40.48657 ], [ -3.26784, 40.48568 ], [ -3.2643, 40.48569 ], [ -3.2643, 40.48479 ], [ -3.25958, 40.4848 ], [ -3.25839, 40.4839 ], [ -3.25839, 40.483 ], [ -3.25839, 40.4821 ], [ -3.25838, 40.4812 ], [ -3.2572, 40.4812 ], [ -3.2572, 40.4803 ], [ -3.25601, 40.4767 ], [ -3.25482, 40.4749 ], [ -3.25363, 40.4722 ], [ -3.25362, 40.4686 ], [ -3.25243, 40.4677 ], [ -3.25243, 40.4668 ], [ -3.25006, 40.4641 ], [ -3.25006, 40.4623 ], [ -3.25005, 40.4605 ], [ -3.25004, 40.4587 ], [ -3.24886, 40.4569 ], [ -3.24649, 40.4551 ], [ -3.24649, 40.4542 ], [ -3.24412, 40.4515 ], [ -3.24176, 40.45151 ], [ -3.24058, 40.45151 ], [ -3.23704, 40.45061 ], [ -3.23467, 40.44882 ], [ -3.23467, 40.44702 ], [ -3.23466, 40.44521 ], [ -3.23466, 40.44431 ], [ -3.23584, 40.44431 ], [ -3.2382, 40.44431 ], [ -3.23938, 40.4443 ], [ -3.24055, 40.4443 ], [ -3.24173, 40.4443 ], [ -3.24527, 40.44339 ], [ -3.24644, 40.44249 ], [ -3.2488, 40.44158 ], [ -3.25116, 40.44158 ], [ -3.25234, 40.44157 ], [ -3.25352, 40.44157 ], [ -3.25469, 40.44157 ], [ -3.25705, 40.44066 ], [ -3.26058, 40.43795 ], [ -3.26293, 40.43795 ], [ -3.2653, 40.43884 ], [ -3.26765, 40.43884 ], [ -3.26766, 40.43974 ], [ -3.26766, 40.44064 ], [ -3.26767, 40.44154 ], [ -3.26885, 40.44244 ], [ -3.26768, 40.44424 ], [ -3.26886, 40.44424 ], [ -3.27004, 40.44604 ], [ -3.27122, 40.44694 ], [ -3.27359, 40.44873 ], [ -3.27477, 40.44963 ], [ -3.27714, 40.45053 ], [ -3.27831, 40.45052 ], [ -3.28068, 40.45142 ], [ -3.28186, 40.45142 ], [ -3.28304, 40.45231 ], [ -3.28422, 40.45231 ], [ -3.28421, 40.45141 ], [ -3.28657, 40.4514 ], [ -3.28775, 40.4514 ], [ -3.29012, 40.4532 ], [ -3.29131, 40.455 ], [ -3.29249, 40.45589 ], [ -3.29367, 40.45679 ], [ -3.29722, 40.45858 ], [ -3.2984, 40.45948 ], [ -3.30195, 40.46127 ], [ -3.30668, 40.46396 ], [ -3.30786, 40.46486 ], [ -3.31259, 40.46755 ], [ -3.31614, 40.46934 ], [ -3.31732, 40.46934 ], [ -3.3185, 40.46934 ], [ -3.31969, 40.47114 ], [ -3.32087, 40.47203 ], [ -3.32088, 40.47294 ] ] ] } },
{ "type": "Feature", "properties": { "ine_code": "28013", "name": "Aranjuez" }, "geometry": { "type": "MultiPolygon", "coordinates": [ [ [ [ -3.87399, 39.9115 ], [ -3.874, 39.9124 ], [ -3.87401, 39.9133 ], [ -3.87284, 39.91331 ], [ -3.87168, 39.91422 ], [ -3.87051, 39.91423 ], [ -3.87052, 39.91513 ], [ -3.86935, 39.91514 ], [ -3.86819, 39.91605 ], [ -3.86704, 39.91696 ], [ -3.86705, 39.91786 ], [ -3.86822, 39.91785 ], [ -3.86823, 39.91875 ], [ -3.86824, 39.91965 ], [ -3.86941, 39.91964 ], [ -3.86942, 39.92054 ], [ -3.8706, 39.92143 ], [ -3.87061, 39.92234 ], [ -3.8718, 39.92323 ], [ -3.87298, 39.92412 ], [ -3.87299, 39.92502 ], [ -3.87416, 39.92501 ], [ -3.87417, 39.92591 ], [ -3.87534, 39.9259 ], [ -3.87535, 39.9268 ], [ -3.87536, 39.92771 ], [ -3.87537, 39.92861 ], [ -3.87539, 39.92951 ], [ -3.87422, 39.92952 ], [ -3.87306, 39.93043 ], [ -3.87189, 39.93043 ], [ -3.87072, 39.93044 ], [ -3.87073, 39.93134 ], [ -3.86956, 39.93135 ], [ -3.86722, 39.93137 ], [ -3.86605, 39.93138 ], [ -3.86372, 39.9323 ], [ -3.86255, 39.93231 ], [ -3.85905, 39.93323 ], [ -3.85789, 39.93414 ], [ -3.8579, 39.93504 ], [ -3.85674, 39.93595 ], [ -3.85675, 39.93685 ], [ -3.85559, 39.93776 ], [ -3.85442, 39.93777 ], [ -3.85443, 39.93867 ], [ -3.85328, 39.93958 ], [ -3.85211, 39.93959 ], [ -3.84976, 39.93961 ], [ -3.84742, 39.93963 ], [ -3.84626, 39.94053 ], [ -3.84509, 39.94054 ], [ -3.84392, 39.94055 ], [ -3.84159, 39.94147 ], [ -3.84042, 39.94148 ], [ -3.84043, 39.94238 ], [ -3.83926, 39.94239 ], [ -3.83925, 39.94149 ], [ -3.83807, 39.94059 ], [ -3.83806, 39.93969 ], [ -3.83805, 39.93879 ], [ -3.83804, 39.93789 ], [ -3.83803, 39.93699 ], [ -3.83801, 39.93519 ], [ -3.838, 39.93429 ], [ -3.83681, 39.9334 ], [ -3.8368, 39.93249 ], [ -3.83562, 39.9316 ], [ -3.83445, 39.93161 ], [ -3.83328, 39.93162 ], [ -3.83211, 39.93163 ], [ -3.83094, 39.93164 ], [ -3.83095, 39.93254 ], [ -3.82979, 39.93345 ], [ -3.8298, 39.93435 ], [ -3.82981, 39.93525 ], [ -3.82983, 39.93615 ], [ -3.82984, 39.93705 ], [ -3.82985, 39.93795 ], [ -3.82987, 39.93975 ], [ -3.82988, 39.94065 ], [ -3.82872, 39.94156 ], [ -3.82873, 39.94246 ], [ -3.82756, 39.94247 ], [ -3.82757, 39.94337 ], [ -3.82641, 39.94428 ], [ -3.82642, 39.94518 ], [ -3.82526, 39.94609 ], [ -3.8241, 39.947 ], [ -3.82293, 39.94701 ], [ -3.82176, 39.94702 ], [ -3.82058, 39.94613 ], [ -3.81941, 39.94613 ], [ -3.81824, 39.94614 ], [ -3.81825, 39.94704 ], [ -3.81708, 39.94705 ], [ -3.81592, 39.94796 ], [ -3.81593, 39.94886 ], [ -3.81477, 39.94977 ], [ -3.81478, 39.95067 ], [ -3.81362, 39.95158 ], [ -3.81246, 39.95249 ], [ -3.8113, 39.9534 ], [ -3.81013, 39.95341 ], [ -3.80897, 39.95432 ], [ -3.8078, 39.95432 ], [ -3.80663, 39.95433 ], [ -3.80546, 39.95434 ], [ -3.80429, 39.95435 ], [ -3.80428, 39.95345 ], [ -3.80311, 39.95346 ], [ -3.80194, 39.95346 ], [ -3.80193, 39.95256 ], [ -3.80192, 39.95166 ], [ -3.80191, 39.95076 ], [ -3.8019, 39.94986 ], [ -3.80189, 39.94896 ], [ -3.80187, 39.94806 ], [ -3.80069, 39.94717 ], [ -3.80068, 39.94626 ], [ -3.79951, 39.94627 ], [ -3.7995, 39.94537 ], [ -3.79833, 39.94538 ], [ -3.79834, 39.94628 ], [ -3.79717, 39.94629 ], [ -3.796, 39.9463 ], [ -3.79601, 39.9472 ], [ -3.79484, 39.94721 ], [ -3.79367, 39.94721 ], [ -3.7925, 39.94722 ], [ -3.79133, 39.94723 ], [ -3.79132, 39.94633 ], [ -3.79015, 39.94634 ], [ -3.78898, 39.94634 ], [ -3.7878, 39.94545 ], [ -3.78662, 39.94456 ], [ -3.78545, 39.94457 ], [ -3.78428, 39.94457 ], [ -3.78311, 39.94458 ], [ -3.78312, 39.94548 ], [ -3.78194, 39.94549 ], [ -3.78196, 39.94639 ], [ -3.78197, 39.94729 ], [ -3.78198, 39.94819 ], [ -3.78199, 39.94909 ], [ -3.78316, 39.94909 ], [ -3.78317, 39.94999 ], [ -3.78435, 39.95088 ], [ -3.78553, 39.95177 ], [ -3.78554, 39.95267 ], [ -3.78671, 39.95267 ], [ -3.78672, 39.95357 ], [ -3.78673, 39.95447 ], [ -3.78557, 39.95538 ], [ -3.78441, 39.95629 ], [ -3.78324, 39.95629 ], [ -3.78325, 39.9572 ], [ -3.78208, 39.9572 ], [ -3.78091, 39.95721 ], [ -3.77974, 39.95722 ], [ -3.77857, 39.95723 ], [ -3.7774, 39.95723 ], [ -3.77622, 39.95724 ], [ -3.77624, 39.95814 ], [ -3.77506, 39.95815 ], [ -3.7739, 39.95906 ], [ -3.77391, 39.95996 ], [ -3.77274, 39.95997 ], [ -3.77275, 39.96087 ], [ -3.77158, 39.96088 ], [ -3.77159, 39.96178 ], [ -3.77042, 39.96179 ], [ -3.76925, 39.96179 ], [ -3.76808, 39.9618 ], [ -3.76691, 39.96181 ], [ -3.76574, 39.96182 ], [ -3.76575, 39.96272 ], [ -3.76459, 39.96363 ], [ -3.7646, 39.96453 ], [ -3.76461, 39.96543 ], [ -3.76462, 39.96633 ], [ -3.76346, 39.96724 ], [ -3.76227, 39.96544 ], [ -3.76108, 39.96365 ], [ -3.75989, 39.96186 ], [ -3.75988, 39.96095 ], [ -3.75869, 39.96006 ], [ -3.75868, 39.95916 ], [ -3.75867, 39.95826 ], [ -3.75984, 39.95735 ], [ -3.761, 39.95644 ], [ -3.76217, 39.95643 ], [ -3.76334, 39.95643 ], [ -3.76451, 39.95642 ], [ -3.7645, 39.95552 ], [ -3.76567, 39.95551 ], [ -3.76684, 39.9555 ], [ -3.76801, 39.9555 ], [ -3.76917, 39.95459 ], [ -3.77033, 39.95368 ], [ -3.77032, 39.95278 ], [ -3.77031, 39.95188 ], [ -3.7703, 39.95098 ], [ -3.77028, 39.94917 ], [ -3.76911, 39.94918 ], [ -3.7691, 39.94828 ], [ -3.76793, 39.94829 ], [ -3.76792, 39.94739 ], [ -3.76675, 39.94739 ], [ -3.76558, 39.9474 ], [ -3.76441, 39.94741 ], [ -3.76324, 39.94742 ], [ -3.76091, 39.94833 ], [ -3.76092, 39.94924 ], [ -3.75858, 39.94925 ], [ -3.7574, 39.94926 ], [ -3.75624, 39.95017 ], [ -3.75507, 39.95017 ], [ -3.75274, 39.95109 ], [ -3.75158, 39.952 ], [ -3.75159, 39.9529 ], [ -3.7516, 39.9538 ], [ -3.75161, 39.9547 ], [ -3.75162, 39.9556 ], [ -3.75163, 39.9565 ], [ -3.75165, 39.95831 ], [ -3.75283, 39.9592 ], [ -3.75284, 39.9601 ], [ -3.75401, 39.96009 ], [ -3.75402, 39.96099 ], [ -3.7552, 39.96189 ], [ -3.75521, 39.96279 ], [ -3.75639, 39.96368 ], [ -3.7564, 39.96458 ], [ -3.75758, 39.96547 ], [ -3.75879, 39.96907 ], [ -3.75762, 39.96908 ], [ -3.75644, 39.96818 ], [ -3.75527, 39.96819 ], [ -3.7541, 39.9682 ], [ -3.75409, 39.9673 ], [ -3.75292, 39.96731 ], [ -3.75174, 39.96641 ], [ -3.75056, 39.96552 ], [ -3.75055, 39.96462 ], [ -3.74938, 39.96463 ], [ -3.74937, 39.96373 ], [ -3.7482, 39.96373 ], [ -3.74819, 39.96283 ], [ -3.74702, 39.96284 ], [ -3.74701, 39.96194 ], [ -3.74584, 39.96195 ], [ -3.74467, 39.96195 ], [ -3.74349, 39.96196 ], [ -3.74231, 39.96107 ], [ -3.74114, 39.96108 ], [ -3.73997, 39.96108 ], [ -3.7388, 39.96109 ], [ -3.73763, 39.9611 ], [ -3.73647, 39.96201 ], [ -3.7353, 39.96201 ], [ -3.73413, 39.96202 ], [ -3.73297, 39.96293 ], [ -3.7318, 39.96294 ], [ -3.73181, 39.96384 ], [ -3.73064, 39.96385 ], [ -3.72946, 39.96385 ], [ -3.72829, 39.96386 ], [ -3.7283, 39.96476 ], [ -3.72714, 39.96567 ], [ -3.72598, 39.96658 ], [ -3.72482, 39.96749 ], [ -3.72367, 39.9693 ], [ -3.72368, 39.9702 ], [ -3.72486, 39.97109 ], [ -3.72604, 39.97198 ], [ -3.72721, 39.97198 ], [ -3.72838, 39.97197 ], [ -3.72955, 39.97196 ], [ -3.73186, 39.96924 ], [ -3.73421, 39.96923 ], [ -3.73771, 39.96831 ], [ -3.73889, 39.9692 ], [ -3.74124, 39.97009 ], [ -3.74125, 39.97099 ], [ -3.74243, 39.97188 ], [ -3.74244, 39.97278 ], [ -3.74362, 39.97367 ], [ -3.74363, 39.97457 ], [ -3.74365, 39.97638 ], [ -3.74483, 39.97727 ], [ -3.74601, 39.97816 ], [ -3.74602, 39.97906 ], [ -3.74719, 39.97906 ], [ -3.7472, 39.97996 ], [ -3.74604, 39.98087 ], [ -3.74605, 39.98177 ], [ -3.74488, 39.98177 ], [ -3.74372, 39.98268 ], [ -3.74255, 39.98269 ], [ -3.74138, 39.9827 ], [ -3.7402, 39.9818 ], [ -3.73903, 39.98181 ], [ -3.73902, 39.98091 ], [ -3.73783, 39.98002 ], [ -3.73782, 39.97912 ], [ -3.73662, 39.97642 ], [ -3.73545, 39.97643 ], [ -3.73427, 39.97554 ], [ -3.73193, 39.97555 ], [ -3.73194, 39.97645 ], [ -3.73195, 39.97735 ], [ -3.73312, 39.97734 ], [ -3.73313, 39.97825 ], [ -3.73314, 39.97915 ], [ -3.73431, 39.97914 ], [ -3.73432, 39.98004 ], [ -3.73549, 39.98003 ], [ -3.7355, 39.98093 ], [ -3.73551, 39.98183 ], [ -3.73552, 39.98274 ], [ -3.73553, 39.98364 ], [ -3.73554, 39.98454 ], [ -3.73438, 39.98545 ], [ -3.73321, 39.98545 ], [ -3.73322, 39.98635 ], [ -3.73205, 39.98636 ], [ -3.73088, 39.98637 ], [ -3.7297, 39.98638 ], [ -3.72971, 39.98728 ], [ -3.72855, 39.98818 ], [ -3.72856, 39.98909 ], [ -3.72739, 39.98909 ], [ -3.72622, 39.9891 ], [ -3.72504, 39.98821 ], [ -3.72386, 39.98731 ], [ -3.72268, 39.98642 ], [ -3.72267, 39.98552 ], [ -3.7215, 39.98553 ], [ -3.72149, 39.98463 ], [ -3.72032, 39.98463 ], [ -3.71914, 39.98464 ], [ -3.71915, 39.98554 ], [ -3.71799, 39.98645 ], [ -3.718, 39.98735 ], [ -3.71917, 39.98734 ], [ -3.71918, 39.98824 ], [ -3.72035, 39.98824 ], [ -3.72036, 39.98914 ], [ -3.72154, 39.99003 ], [ -3.72155, 39.99093 ], [ -3.72272, 39.99092 ], [ -3.72273, 39.99183 ], [ -3.72391, 39.99182 ], [ -3.72391, 39.99272 ], [ -3.72392, 39.99362 ], [ -3.72393, 39.99452 ], [ -3.72394, 39.99542 ], [ -3.72395, 39.99632 ], [ -3.72396, 39.99722 ], [ -3.72397, 39.99812 ], [ -3.72281, 39.99903 ], [ -3.72282, 39.99993 ], [ -3.72283, 40.00083 ], [ -3.72166, 40.00084 ], [ -3.7205, 40.00175 ], [ -3.71932, 40.00176 ], [ -3.71815, 40.00176 ], [ -3.71816, 40.00267 ], [ -3.71699, 40.00267 ], [ -3.71583, 40.00358 ], [ -3.71467, 40.00449 ], [ -3.71351, 40.0063 ], [ -3.71353, 40.0081 ], [ -3.71354, 40.009 ], [ -3.71238, 40.00991 ], [ -3.71122, 40.01082 ], [ -3.71006, 40.01172 ], [ -3.70889, 40.01263 ], [ -3.7089, 40.01353 ], [ -3.70773, 40.01354 ], [ -3.70657, 40.01445 ], [ -3.70541, 40.01536 ], [ -3.70542, 40.01626 ], [ -3.70308, 40.01717 ], [ -3.70075, 40.01809 ], [ -3.69959, 40.0199 ], [ -3.69725, 40.01991 ], [ -3.69609, 40.02082 ], [ -3.69492, 40.02083 ], [ -3.69374, 40.02083 ], [ -3.69258, 40.02174 ], [ -3.69141, 40.02175 ], [ -3.69024, 40.02176 ], [ -3.68907, 40.02176 ], [ -3.68789, 40.02177 ], [ -3.68672, 40.02178 ], [ -3.68671, 40.02088 ], [ -3.6867, 40.01997 ], [ -3.68669, 40.01907 ], [ -3.68669, 40.01817 ], [ -3.68668, 40.01727 ], [ -3.68551, 40.01728 ], [ -3.68432, 40.01638 ], [ -3.68432, 40.01548 ], [ -3.68314, 40.01549 ], [ -3.68197, 40.0155 ], [ -3.6808, 40.0155 ], [ -3.67964, 40.01641 ], [ -3.67847, 40.01732 ], [ -3.67848, 40.01822 ], [ -3.67732, 40.01913 ], [ -3.67733, 40.02003 ], [ -3.67734, 40.02093 ], [ -3.67617, 40.02094 ], [ -3.67618, 40.02184 ], [ -3.67501, 40.02275 ], [ -3.67385, 40.02365 ], [ -3.67268, 40.02366 ], [ -3.67151, 40.02457 ], [ -3.67034, 40.02457 ], [ -3.67035, 40.02548 ], [ -3.66919, 40.02638 ], [ -3.66803, 40.02729 ], [ -3.66803, 40.02819 ], [ -3.66804, 40.02909 ], [ -3.66805, 40.02999 ], [ -3.66806, 40.03089 ], [ -3.66807, 40.0318 ], [ -3.66808, 40.0327 ], [ -3.66809, 40.0336 ], [ -3.6681, 40.0345 ], [ -3.66692, 40.03451 ], [ -3.66693, 40.03541 ], [ -3.66576, 40.03541 ], [ -3.66459, 40.03542 ], [ -3.6646, 40.03632 ], [ -3.66343, 40.03633 ], [ -3.66343, 40.03723 ], [ -3.66226, 40.03723 ], [ -3.66109, 40.03724 ], [ -3.65992, 40.03725 ], [ -3.65875, 40.03725 ], [ -3.65757, 40.03726 ], [ -3.65757, 40.03636 ], [ -3.65639, 40.03637 ], [ -3.65638, 40.03547 ], [ -3.65638, 40.03457 ], [ -3.65637, 40.03366 ], [ -3.6552, 40.03367 ], [ -3.65519, 40.03277 ], [ -3.65518, 40.03187 ], [ -3.65401, 40.03188 ], [ -3.65283, 40.03188 ], [ -3.65166, 40.03189 ], [ -3.65049, 40.0319 ], [ -3.64932, 40.0319 ], [ -3.64933, 40.0328 ], [ -3.64934, 40.0337 ], [ -3.64934, 40.03461 ], [ -3.64935, 40.03551 ], [ -3.64936, 40.03641 ], [ -3.64937, 40.03731 ], [ -3.64938, 40.03821 ], [ -3.64939, 40.03911 ], [ -3.64939, 40.04001 ], [ -3.64822, 40.04002 ], [ -3.64823, 40.04092 ], [ -3.64707, 40.04183 ], [ -3.6459, 40.04183 ], [ -3.64472, 40.04184 ], [ -3.64355, 40.04185 ], [ -3.64354, 40.04094 ], [ -3.64237, 40.04095 ], [ -3.6412, 40.04096 ], [ -3.64119, 40.04006 ], [ -3.64002, 40.04006 ], [ -3.63885, 40.04007 ], [ -3.63767, 40.04008 ], [ -3.63768, 40.04098 ], [ -3.63651, 40.04098 ], [ -3.63652, 40.04188 ], [ -3.63535, 40.04189 ], [ -3.63535, 40.04279 ], [ -3.63536, 40.04369 ], [ -3.63654, 40.04369 ], [ -3.63654, 40.04459 ], [ -3.63772, 40.04458 ], [ -3.63772, 40.04548 ], [ -3.6389, 40.04547 ], [ -3.6389, 40.04638 ], [ -3.64008, 40.04637 ], [ -3.64009, 40.04727 ], [ -3.64009, 40.04817 ], [ -3.6401, 40.04907 ], [ -3.64011, 40.04997 ], [ -3.63894, 40.04998 ], [ -3.63895, 40.05088 ], [ -3.63777, 40.05089 ], [ -3.6366, 40.05089 ], [ -3.63543, 40.0509 ], [ -3.63544, 40.0518 ], [ -3.63427, 40.05181 ], [ -3.63309, 40.05181 ], [ -3.6331, 40.05271 ], [ -3.63193, 40.05272 ], [ -3.63194, 40.05362 ], [ -3.63077, 40.05363 ], [ -3.62959, 40.05363 ], [ -3.62842, 40.05364 ], [ -3.62725, 40.05365 ], [ -3.62608, 40.05365 ], [ -3.6249, 40.05366 ], [ -3.62373, 40.05367 ], [ -3.62256, 40.05367 ], [ -3.62257, 40.05457 ], [ -3.62139, 40.05458 ], [ -3.6214, 40.05548 ], [ -3.62141, 40.05638 ], [ -3.62024, 40.05639 ], [ -3.61907, 40.05729 ], [ -3.62144, 40.05908 ], [ -3.6238, 40.06087 ], [ -3.62264, 40.06268 ], [ -3.62265, 40.06358 ], [ -3.62032, 40.0654 ], [ -3.61916, 40.0663 ], [ -3.61798, 40.06631 ], [ -3.61799, 40.06721 ], [ -3.61684, 40.06902 ], [ -3.61802, 40.06991 ], [ -3.6192, 40.07081 ], [ -3.62155, 40.0717 ], [ -3.62273, 40.07259 ], [ -3.6239, 40.07259 ], [ -3.62508, 40.07348 ], [ -3.62626, 40.07347 ], [ -3.62627, 40.07437 ], [ -3.62744, 40.07437 ], [ -3.62745, 40.07527 ], [ -3.62862, 40.07526 ], [ -3.62863, 40.07616 ], [ -3.62864, 40.07706 ], [ -3.62864, 40.07797 ], [ -3.62515, 40.08069 ], [ -3.62281, 40.0816 ], [ -3.61928, 40.07982 ], [ -3.61694, 40.08073 ], [ -3.61109, 40.08256 ], [ -3.60991, 40.08167 ], [ -3.60993, 40.08347 ], [ -3.60876, 40.08348 ], [ -3.60876, 40.08438 ], [ -3.60877, 40.08528 ], [ -3.60878, 40.08618 ], [ -3.60761, 40.08619 ], [ -3.60761, 40.08709 ], [ -3.60762, 40.08799 ], [ -3.60763, 40.08889 ], [ -3.60646, 40.0889 ], [ -3.60647, 40.0898 ], [ -3.6053, 40.0907 ], [ -3.60531, 40.0916 ], [ -3.60414, 40.09161 ], [ -3.60414, 40.09251 ], [ -3.60415, 40.09341 ], [ -3.60416, 40.09431 ], [ -3.60533, 40.09431 ], [ -3.60534, 40.09521 ], [ -3.60651, 40.0952 ], [ -3.60769, 40.0952 ], [ -3.60886, 40.09519 ], [ -3.60885, 40.09429 ], [ -3.61002, 40.09428 ], [ -3.61002, 40.09338 ], [ -3.61119, 40.09338 ], [ -3.61118, 40.09247 ], [ -3.61235, 40.09247 ], [ -3.61353, 40.09246 ], [ -3.6147, 40.09246 ], [ -3.61471, 40.09336 ], [ -3.61588, 40.09335 ], [ -3.61589, 40.09425 ], [ -3.6159, 40.09515 ], [ -3.61591, 40.09605 ], [ -3.61591, 40.09695 ], [ -3.61592, 40.09785 ], [ -3.61475, 40.09786 ], [ -3.61476, 40.09876 ], [ -3.61359, 40.09967 ], [ -3.6136, 40.10057 ], [ -3.61361, 40.10147 ], [ -3.61362, 40.10237 ], [ -3.61362, 40.10327 ], [ -3.61245, 40.10328 ], [ -3.61246, 40.10418 ], [ -3.61129, 40.10509 ], [ -3.61013, 40.10599 ], [ -3.61014, 40.1069 ], [ -3.60896, 40.1069 ], [ -3.60897, 40.1078 ], [ -3.60898, 40.1087 ], [ -3.60781, 40.10871 ], [ -3.60663, 40.10872 ], [ -3.60664, 40.10962 ], [ -3.60547, 40.10962 ], [ -3.60429, 40.10963 ], [ -3.60429, 40.10873 ], [ -3.60311, 40.10873 ], [ -3.60194, 40.10874 ], [ -3.60077, 40.10875 ], [ -3.59959, 40.10875 ], [ -3.5996, 40.10965 ], [ -3.59843, 40.10966 ], [ -3.59844, 40.11056 ], [ -3.59844, 40.11146 ], [ -3.59727, 40.11147 ], [ -3.59728, 40.11237 ], [ -3.59729, 40.11327 ], [ -3.59729, 40.11417 ], [ -3.5973, 40.11507 ], [ -3.59848, 40.11597 ], [ -3.59849, 40.11687 ], [ -3.59966, 40.11686 ], [ -3.59967, 40.11776 ], [ -3.60085, 40.11866 ], [ -3.60086, 40.11956 ], [ -3.60087, 40.12046 ], [ -3.60088, 40.12136 ], [ -3.5997, 40.12136 ], [ -3.59971, 40.12227 ], [ -3.59854, 40.12227 ], [ -3.59737, 40.12228 ], [ -3.59619, 40.12228 ], [ -3.59502, 40.12229 ], [ -3.59384, 40.1223 ], [ -3.59385, 40.1232 ], [ -3.59268, 40.1232 ], [ -3.59269, 40.1241 ], [ -3.59269, 40.125 ], [ -3.5927, 40.12591 ], [ -3.59271, 40.12681 ], [ -3.59154, 40.12681 ], [ -3.59154, 40.12771 ], [ -3.59037, 40.12772 ], [ -3.5892, 40.12773 ], [ -3.58802, 40.12773 ], [ -3.58685, 40.12774 ], [ -3.58568, 40.12774 ], [ -3.5845, 40.12775 ], [ -3.58451, 40.12865 ], [ -3.58334, 40.12866 ], [ -3.58216, 40.12866 ], [ -3.58099, 40.12867 ], [ -3.581, 40.12957 ], [ -3.581, 40.13047 ], [ -3.57983, 40.13048 ], [ -3.57982, 40.12957 ], [ -3.57865, 40.12958 ], [ -3.57864, 40.12868 ], [ -3.57863, 40.12778 ], [ -3.57862, 40.12598 ], [ -3.57743, 40.12418 ], [ -3.57506, 40.12149 ], [ -3.57389, 40.1224 ], [ -3.57039, 40.12422 ], [ -3.56804, 40.12423 ], [ -3.56687, 40.12423 ], [ -3.56335, 40.12515 ], [ -3.56219, 40.12606 ], [ -3.55983, 40.12517 ], [ -3.55749, 40.12518 ], [ -3.55865, 40.12337 ], [ -3.55981, 40.12247 ], [ -3.5598, 40.12066 ], [ -3.56097, 40.12066 ], [ -3.56331, 40.11975 ], [ -3.56447, 40.11794 ], [ -3.56681, 40.11703 ], [ -3.56915, 40.11611 ], [ -3.57031, 40.11521 ], [ -3.57266, 40.11519 ], [ -3.575, 40.11428 ], [ -3.57617, 40.11338 ], [ -3.57614, 40.11067 ], [ -3.57729, 40.10796 ], [ -3.57846, 40.10706 ], [ -3.57844, 40.10435 ], [ -3.5796, 40.10345 ], [ -3.58077, 40.10254 ], [ -3.58075, 40.10074 ], [ -3.58074, 40.09894 ], [ -3.58305, 40.09532 ], [ -3.58537, 40.09261 ], [ -3.58536, 40.09081 ], [ -3.58416, 40.08811 ], [ -3.58533, 40.0872 ], [ -3.58532, 40.0863 ], [ -3.58648, 40.08449 ], [ -3.58646, 40.08269 ], [ -3.58645, 40.08089 ], [ -3.5876, 40.07908 ], [ -3.58875, 40.07637 ], [ -3.58991, 40.07457 ], [ -3.59107, 40.07276 ], [ -3.59106, 40.07186 ], [ -3.59104, 40.06915 ], [ -3.59103, 40.06825 ], [ -3.59219, 40.06735 ], [ -3.59454, 40.06733 ], [ -3.59334, 40.06464 ], [ -3.59215, 40.06194 ], [ -3.58977, 40.05835 ], [ -3.58742, 40.05746 ], [ -3.58625, 40.05837 ], [ -3.58274, 40.05838 ], [ -3.58157, 40.05929 ], [ -3.58041, 40.0602 ], [ -3.57573, 40.06202 ], [ -3.57457, 40.06293 ], [ -3.56989, 40.06475 ], [ -3.56638, 40.06567 ], [ -3.56521, 40.06568 ], [ -3.56404, 40.06568 ], [ -3.56286, 40.06569 ], [ -3.56287, 40.06659 ], [ -3.5617, 40.0666 ], [ -3.56053, 40.0666 ], [ -3.55935, 40.06661 ], [ -3.55818, 40.06661 ], [ -3.55701, 40.06662 ], [ -3.55584, 40.06663 ], [ -3.55466, 40.06663 ], [ -3.55349, 40.06664 ], [ -3.55232, 40.06664 ], [ -3.55115, 40.06665 ], [ -3.54998, 40.06755 ], [ -3.54764, 40.06757 ], [ -3.54529, 40.06758 ], [ -3.54294, 40.06759 ], [ -3.54177, 40.06759 ], [ -3.54061, 40.0685 ], [ -3.53943, 40.0685 ], [ -3.53826, 40.06851 ], [ -3.53709, 40.06852 ], [ -3.53592, 40.06852 ], [ -3.53466, 40.05772 ], [ -3.53344, 40.05232 ], [ -3.54048, 40.05228 ], [ -3.54633, 40.05045 ], [ -3.54397, 40.04956 ], [ -3.5428, 40.04957 ], [ -3.54163, 40.04957 ], [ -3.54164, 40.05048 ], [ -3.54046, 40.05048 ], [ -3.53929, 40.05049 ], [ -3.53812, 40.05049 ], [ -3.53811, 40.04959 ], [ -3.53694, 40.0496 ], [ -3.53693, 40.0487 ], [ -3.53576, 40.0487 ], [ -3.53577, 40.0496 ], [ -3.5346, 40.04961 ], [ -3.5346, 40.05051 ], [ -3.53343, 40.05051 ], [ -3.53344, 40.05141 ], [ -3.53227, 40.05142 ], [ -3.53227, 40.05232 ], [ -3.5311, 40.05233 ], [ -3.53109, 40.05142 ], [ -3.52992, 40.05143 ], [ -3.52875, 40.05144 ], [ -3.52874, 40.05053 ], [ -3.52873, 40.04963 ], [ -3.52873, 40.04873 ], [ -3.52755, 40.04874 ], [ -3.52755, 40.04784 ], [ -3.52638, 40.04784 ], [ -3.5252, 40.04785 ], [ -3.52521, 40.04875 ], [ -3.52522, 40.04965 ], [ -3.52405, 40.05056 ], [ -3.52289, 40.05146 ], [ -3.52171, 40.05147 ], [ -3.52055, 40.05237 ], [ -3.51938, 40.05238 ], [ -3.5182, 40.05238 ], [ -3.5182, 40.05148 ], [ -3.51819, 40.05058 ], [ -3.51936, 40.05058 ], [ -3.51936, 40.04968 ], [ -3.51935, 40.04878 ], [ -3.51817, 40.04788 ], [ -3.51816, 40.04698 ], [ -3.51699, 40.04698 ], [ -3.51582, 40.04699 ], [ -3.51583, 40.04789 ], [ -3.51583, 40.04879 ], [ -3.51466, 40.0488 ], [ -3.51349, 40.0488 ], [ -3.51348, 40.0479 ], [ -3.51347, 40.047 ], [ -3.51347, 40.0461 ], [ -3.51346, 40.0452 ], [ -3.51463, 40.04519 ], [ -3.5158, 40.04519 ], [ -3.51698, 40.04518 ], [ -3.51697, 40.04428 ], [ -3.51696, 40.04338 ], [ -3.51579, 40.04339 ], [ -3.51578, 40.04248 ], [ -3.51695, 40.04158 ], [ -3.51694, 40.04068 ], [ -3.51694, 40.03978 ], [ -3.51692, 40.03797 ], [ -3.51692, 40.03707 ], [ -3.51691, 40.03617 ], [ -3.51807, 40.03527 ], [ -3.51807, 40.03437 ], [ -3.51923, 40.03346 ], [ -3.52038, 40.03075 ], [ -3.52152, 40.02624 ], [ -3.52032, 40.02264 ], [ -3.52032, 40.02174 ], [ -3.51914, 40.02085 ], [ -3.52498, 40.01902 ], [ -3.52733, 40.01901 ], [ -3.53083, 40.01809 ], [ -3.53318, 40.01808 ], [ -3.53552, 40.01807 ], [ -3.53786, 40.01806 ], [ -3.54021, 40.01805 ], [ -3.54255, 40.01804 ], [ -3.5449, 40.01802 ], [ -3.54724, 40.01801 ], [ -3.54958, 40.018 ], [ -3.55075, 40.018 ], [ -3.55427, 40.01798 ], [ -3.55544, 40.01797 ], [ -3.55661, 40.01797 ], [ -3.55778, 40.01706 ], [ -3.55895, 40.01706 ], [ -3.56012, 40.01705 ], [ -3.56246, 40.01704 ], [ -3.56597, 40.01612 ], [ -3.56714, 40.01612 ], [ -3.57066, 40.0161 ], [ -3.573, 40.01609 ], [ -3.57417, 40.01608 ], [ -3.57533, 40.01427 ], [ -3.57532, 40.01337 ], [ -3.58001, 40.01335 ], [ -3.58352, 40.01243 ], [ -3.5847, 40.01333 ], [ -3.58704, 40.01331 ], [ -3.59056, 40.0133 ], [ -3.59055, 40.0124 ], [ -3.59169, 40.00879 ], [ -3.59284, 40.00698 ], [ -3.59284, 40.00608 ], [ -3.59283, 40.00518 ], [ -3.59398, 40.00337 ], [ -3.59398, 40.00247 ], [ -3.59514, 40.00156 ], [ -3.59748, 40.00065 ], [ -3.60215, 39.99972 ], [ -3.6045, 39.99971 ], [ -3.60683, 39.9988 ], [ -3.60799, 39.99789 ], [ -3.60917, 39.99788 ], [ -3.61034, 39.99788 ], [ -3.61151, 39.99787 ], [ -3.61266, 39.99606 ], [ -3.61383, 39.99516 ], [ -3.61499, 39.99425 ], [ -3.61616, 39.99424 ], [ -3.61615, 39.99334 ], [ -3.6185, 39.99333 ], [ -3.61849, 39.99243 ], [ -3.62082, 39.99151 ], [ -3.62199, 39.99151 ], [ -3.62434, 39.9915 ], [ -3.62552, 39.99239 ], [ -3.62669, 39.99238 ], [ -3.62903, 39.99237 ], [ -3.63136, 39.99146 ], [ -3.63254, 39.99145 ], [ -3.63369, 39.98964 ], [ -3.63485, 39.98874 ], [ -3.63837, 39.98872 ], [ -3.63835, 39.98691 ], [ -3.63716, 39.98512 ], [ -3.63598, 39.98422 ], [ -3.63597, 39.98242 ], [ -3.63479, 39.98153 ], [ -3.63477, 39.97973 ], [ -3.63476, 39.97883 ], [ -3.63475, 39.97792 ], [ -3.63356, 39.97523 ], [ -3.63354, 39.97343 ], [ -3.63353, 39.97253 ], [ -3.63235, 39.97163 ], [ -3.63234, 39.97073 ], [ -3.63117, 39.96984 ], [ -3.62999, 39.96894 ], [ -3.6335, 39.96892 ], [ -3.63348, 39.96712 ], [ -3.63465, 39.96621 ], [ -3.63698, 39.9653 ], [ -3.63932, 39.96529 ], [ -3.64167, 39.96617 ], [ -3.64401, 39.96616 ], [ -3.64635, 39.96615 ], [ -3.6487, 39.96614 ], [ -3.65104, 39.96612 ], [ -3.65338, 39.96611 ], [ -3.65572, 39.9661 ], [ -3.65806, 39.96608 ], [ -3.65923, 39.96608 ], [ -3.6604, 39.96607 ], [ -3.66157, 39.96606 ], [ -3.66274, 39.96515 ], [ -3.66391, 39.96515 ], [ -3.66623, 39.96333 ], [ -3.66856, 39.96242 ], [ -3.67441, 39.96148 ], [ -3.67791, 39.96056 ], [ -3.68371, 39.95512 ], [ -3.68838, 39.95329 ], [ -3.69186, 39.95057 ], [ -3.69768, 39.94693 ], [ -3.69886, 39.94782 ], [ -3.70356, 39.9496 ], [ -3.70591, 39.95048 ], [ -3.70945, 39.95317 ], [ -3.71064, 39.95496 ], [ -3.71296, 39.95314 ], [ -3.71529, 39.95223 ], [ -3.71644, 39.95042 ], [ -3.71995, 39.9495 ], [ -3.72228, 39.94858 ], [ -3.72693, 39.94585 ], [ -3.73042, 39.94403 ], [ -3.7351, 39.94309 ], [ -3.7386, 39.94217 ], [ -3.7421, 39.94125 ], [ -3.74444, 39.94123 ], [ -3.74443, 39.94033 ], [ -3.74559, 39.93942 ], [ -3.74555, 39.93582 ], [ -3.74553, 39.93402 ], [ -3.74669, 39.93311 ], [ -3.74899, 39.92949 ], [ -3.75132, 39.92767 ], [ -3.75362, 39.92406 ], [ -3.75477, 39.92225 ], [ -3.7571, 39.92133 ], [ -3.75942, 39.91951 ], [ -3.76174, 39.9177 ], [ -3.76757, 39.91586 ], [ -3.7699, 39.91494 ], [ -3.77107, 39.91493 ], [ -3.77224, 39.91492 ], [ -3.77455, 39.9122 ], [ -3.77922, 39.91127 ], [ -3.78268, 39.90765 ], [ -3.78498, 39.90403 ], [ -3.7873, 39.90221 ], [ -3.78961, 39.89949 ], [ -3.79193, 39.89767 ], [ -3.79541, 39.89495 ], [ -3.80004, 39.89131 ], [ -3.80469, 39.88857 ], [ -3.80585, 39.88767 ], [ -3.80465, 39.88497 ], [ -3.80933, 39.88494 ], [ -3.81167, 39.88582 ], [ -3.81284, 39.88581 ], [ -3.81518, 39.8858 ], [ -3.8199, 39.88937 ], [ -3.82225, 39.89025 ], [ -3.82461, 39.89204 ], [ -3.82817, 39.89562 ], [ -3.82935, 39.89651 ], [ -3.82936, 39.89741 ], [ -3.83407, 39.90008 ], [ -3.83994, 39.90184 ], [ -3.84463, 39.90271 ], [ -3.84814, 39.90268 ], [ -3.85282, 39.90265 ], [ -3.85399, 39.90264 ], [ -3.85633, 39.90262 ], [ -3.85984, 39.90259 ], [ -3.86336, 39.90347 ], [ -3.8657, 39.90345 ], [ -3.86688, 39.90434 ], [ -3.86806, 39.90524 ], [ -3.86923, 39.90523 ], [ -3.86924, 39.90613 ], [ -3.86926, 39.90793 ], [ -3.8716, 39.90791 ], [ -3.87277, 39.9079 ], [ -3.87395, 39.9088 ], [ -3.87279, 39.90971 ], [ -3.87396, 39.9097 ], [ -3.87515, 39.91059 ], [ -3.87516, 39.91149 ], [ -3.87399, 39.9115 ] ] ], [ [ [ -3.57748, 40.13049 ], [ -3.57865, 40.12958 ], [ -3.57866, 40.13048 ], [ -3.57748, 40.13049 ] ] ] ] } },
{ "type": "Feature", "properties": { "ine_code": "28014", "name": "Arganda del Rey" }, "geometry": { "type": "Polygon", "coordinates": [ [ [ -3.51772, 40.29744 ], [ -3.5142, 40.29926 ], [ -3.51303, 40.29927 ], [ -3.51068, 40.30018 ], [ -3.50951, 40.30108 ], [ -3.50952, 40.30198 ], [ -3.51188, 40.30288 ], [ -3.51542, 40.30466 ], [ -3.51308, 40.30647 ], [ -3.50955, 40.30649 ], [ -3.50603, 40.30831 ], [ -3.50486, 40.30921 ], [ -3.50958, 40.31009 ], [ -3.50959, 40.31189 ], [ -3.51077, 40.31279 ], [ -3.51195, 40.31279 ], [ -3.51313, 40.31278 ], [ -3.5143, 40.31277 ], [ -3.51432, 40.31458 ], [ -3.51434, 40.31728 ], [ -3.51199, 40.31819 ], [ -3.51081, 40.3182 ], [ -3.50964, 40.3182 ], [ -3.50846, 40.31821 ], [ -3.50845, 40.31731 ], [ -3.50728, 40.31731 ], [ -3.5061, 40.31732 ], [ -3.50492, 40.31732 ], [ -3.50375, 40.31733 ], [ -3.50374, 40.31643 ], [ -3.50256, 40.31643 ], [ -3.5002, 40.31554 ], [ -3.49785, 40.31555 ], [ -3.49667, 40.31555 ], [ -3.49549, 40.31556 ], [ -3.49432, 40.31556 ], [ -3.49315, 40.31647 ], [ -3.48497, 40.32461 ], [ -3.48378, 40.32372 ], [ -3.48142, 40.32283 ], [ -3.48142, 40.32193 ], [ -3.47787, 40.32014 ], [ -3.47904, 40.31923 ], [ -3.47669, 40.31924 ], [ -3.47434, 40.31925 ], [ -3.47316, 40.31926 ], [ -3.4708, 40.31927 ], [ -3.47082, 40.32197 ], [ -3.46965, 40.32287 ], [ -3.46966, 40.32378 ], [ -3.47084, 40.32467 ], [ -3.47085, 40.32557 ], [ -3.47085, 40.32647 ], [ -3.47086, 40.32737 ], [ -3.47087, 40.32828 ], [ -3.47087, 40.32918 ], [ -3.47206, 40.33007 ], [ -3.47206, 40.33097 ], [ -3.47207, 40.33187 ], [ -3.4709, 40.33278 ], [ -3.4709, 40.33368 ], [ -3.47091, 40.33458 ], [ -3.47092, 40.33548 ], [ -3.47211, 40.33818 ], [ -3.46859, 40.3391 ], [ -3.46624, 40.34001 ], [ -3.46154, 40.34183 ], [ -3.45684, 40.34275 ], [ -3.45331, 40.34366 ], [ -3.45213, 40.34277 ], [ -3.44744, 40.34549 ], [ -3.4451, 40.3482 ], [ -3.44275, 40.34911 ], [ -3.44158, 40.35001 ], [ -3.4404, 40.35002 ], [ -3.43922, 40.35002 ], [ -3.43923, 40.35092 ], [ -3.43805, 40.35093 ], [ -3.43688, 40.35183 ], [ -3.4357, 40.35184 ], [ -3.43217, 40.35185 ], [ -3.42628, 40.35097 ], [ -3.42627, 40.35007 ], [ -3.42743, 40.34646 ], [ -3.4286, 40.34556 ], [ -3.42976, 40.34285 ], [ -3.43208, 40.33834 ], [ -3.43206, 40.33383 ], [ -3.43087, 40.33204 ], [ -3.43203, 40.32933 ], [ -3.432, 40.32482 ], [ -3.43198, 40.32212 ], [ -3.42959, 40.31672 ], [ -3.42487, 40.31494 ], [ -3.42134, 40.31405 ], [ -3.41545, 40.31317 ], [ -3.41191, 40.31138 ], [ -3.40836, 40.30869 ], [ -3.40835, 40.30779 ], [ -3.40834, 40.30599 ], [ -3.40363, 40.30511 ], [ -3.40245, 40.30511 ], [ -3.40009, 40.30332 ], [ -3.39892, 40.30422 ], [ -3.39656, 40.30423 ], [ -3.39656, 40.30333 ], [ -3.39655, 40.30243 ], [ -3.39537, 40.30153 ], [ -3.39184, 40.30064 ], [ -3.38713, 40.29976 ], [ -3.38595, 40.29976 ], [ -3.3836, 40.29977 ], [ -3.38242, 40.29977 ], [ -3.38241, 40.29797 ], [ -3.38006, 40.29798 ], [ -3.37769, 40.29528 ], [ -3.3765, 40.29348 ], [ -3.37649, 40.29168 ], [ -3.37765, 40.28898 ], [ -3.37999, 40.28627 ], [ -3.38115, 40.28356 ], [ -3.38466, 40.28085 ], [ -3.38112, 40.27725 ], [ -3.37757, 40.27456 ], [ -3.37402, 40.27097 ], [ -3.37165, 40.26737 ], [ -3.36929, 40.26558 ], [ -3.3775, 40.26195 ], [ -3.37866, 40.25924 ], [ -3.381, 40.25743 ], [ -3.38569, 40.25471 ], [ -3.38802, 40.2502 ], [ -3.39037, 40.25019 ], [ -3.39272, 40.24929 ], [ -3.39624, 40.24837 ], [ -3.39743, 40.25017 ], [ -3.39979, 40.25196 ], [ -3.40215, 40.25376 ], [ -3.40451, 40.25555 ], [ -3.40805, 40.25734 ], [ -3.41157, 40.25553 ], [ -3.41627, 40.25461 ], [ -3.42332, 40.25458 ], [ -3.42568, 40.25548 ], [ -3.42685, 40.25547 ], [ -3.42921, 40.25636 ], [ -3.43274, 40.25725 ], [ -3.4351, 40.25814 ], [ -3.43981, 40.25813 ], [ -3.44098, 40.25812 ], [ -3.44686, 40.2572 ], [ -3.44921, 40.25719 ], [ -3.45273, 40.25717 ], [ -3.45627, 40.25806 ], [ -3.45862, 40.25805 ], [ -3.4598, 40.25805 ], [ -3.46214, 40.25714 ], [ -3.46566, 40.25622 ], [ -3.46684, 40.25622 ], [ -3.46801, 40.25531 ], [ -3.47036, 40.2553 ], [ -3.47271, 40.25529 ], [ -3.47742, 40.25617 ], [ -3.4786, 40.25617 ], [ -3.48095, 40.25616 ], [ -3.48213, 40.25706 ], [ -3.48449, 40.25795 ], [ -3.48568, 40.25974 ], [ -3.48569, 40.26064 ], [ -3.48569, 40.26155 ], [ -3.48688, 40.26334 ], [ -3.48807, 40.26514 ], [ -3.48925, 40.26604 ], [ -3.48926, 40.26694 ], [ -3.48927, 40.26784 ], [ -3.49044, 40.26783 ], [ -3.49045, 40.26873 ], [ -3.49162, 40.26873 ], [ -3.49163, 40.26963 ], [ -3.49281, 40.27052 ], [ -3.49282, 40.27143 ], [ -3.494, 40.27142 ], [ -3.49517, 40.27142 ], [ -3.49635, 40.27141 ], [ -3.49752, 40.27141 ], [ -3.49753, 40.27231 ], [ -3.49871, 40.2723 ], [ -3.49871, 40.2732 ], [ -3.4999, 40.2741 ], [ -3.4999, 40.275 ], [ -3.50109, 40.27589 ], [ -3.50226, 40.27589 ], [ -3.50227, 40.27679 ], [ -3.50345, 40.27679 ], [ -3.50345, 40.27769 ], [ -3.50464, 40.27948 ], [ -3.507, 40.28037 ], [ -3.50819, 40.28217 ], [ -3.51174, 40.28486 ], [ -3.51175, 40.28576 ], [ -3.51294, 40.28755 ], [ -3.5153, 40.28935 ], [ -3.51768, 40.29204 ], [ -3.51886, 40.29293 ], [ -3.51887, 40.29384 ], [ -3.52004, 40.29383 ], [ -3.51772, 40.29744 ] ] ] } },
{ "type": "Feature", "properties": { "ine_code": "28015", "name": "Arroyomolinos" }, "geometry": { "type": "Polygon", "coordinates": [ [ [ -3.94315, 40.26142 ], [ -3.94433, 40.26141 ], [ -3.94432, 40.26051 ], [ -3.94549, 40.2605 ], [ -3.9455, 40.2614 ], [ -3.94668, 40.2614 ], [ -3.94669, 40.2623 ], [ -3.94787, 40.26229 ], [ -3.94788, 40.26319 ], [ -3.94789, 40.26409 ], [ -3.94791, 40.26499 ], [ -3.94792, 40.26589 ], [ -3.94674, 40.2659 ], [ -3.94676, 40.2668 ], [ -3.94677, 40.2677 ], [ -3.94678, 40.2686 ], [ -3.94797, 40.26949 ], [ -3.94798, 40.27039 ], [ -3.94799, 40.27129 ], [ -3.94801, 40.2722 ], [ -3.94918, 40.27219 ], [ -3.9492, 40.27309 ], [ -3.94921, 40.27399 ], [ -3.94804, 40.2749 ], [ -3.94806, 40.2758 ], [ -3.94807, 40.2767 ], [ -3.94691, 40.27761 ], [ -3.94574, 40.27852 ], [ -3.94576, 40.27942 ], [ -3.94458, 40.27943 ], [ -3.94459, 40.28033 ], [ -3.94342, 40.28034 ], [ -3.94343, 40.28124 ], [ -3.94344, 40.28214 ], [ -3.94345, 40.28304 ], [ -3.94228, 40.28305 ], [ -3.94229, 40.28395 ], [ -3.9423, 40.28485 ], [ -3.94231, 40.28576 ], [ -3.94233, 40.28666 ], [ -3.94234, 40.28756 ], [ -3.94235, 40.28846 ], [ -3.94236, 40.28936 ], [ -3.94238, 40.29026 ], [ -3.94239, 40.29116 ], [ -3.9424, 40.29206 ], [ -3.94121, 40.29117 ], [ -3.93886, 40.29119 ], [ -3.93768, 40.2912 ], [ -3.9365, 40.29031 ], [ -3.93532, 40.29032 ], [ -3.93533, 40.29122 ], [ -3.93416, 40.29123 ], [ -3.93298, 40.29124 ], [ -3.9318, 40.29125 ], [ -3.93063, 40.29126 ], [ -3.92945, 40.29127 ], [ -3.92827, 40.29127 ], [ -3.9271, 40.29128 ], [ -3.92592, 40.29129 ], [ -3.92474, 40.2913 ], [ -3.92356, 40.29041 ], [ -3.92238, 40.29042 ], [ -3.9212, 40.29043 ], [ -3.92003, 40.29044 ], [ -3.92001, 40.28954 ], [ -3.91884, 40.28955 ], [ -3.91766, 40.28956 ], [ -3.91649, 40.28957 ], [ -3.91652, 40.29227 ], [ -3.9177, 40.29226 ], [ -3.91887, 40.29225 ], [ -3.92006, 40.29314 ], [ -3.92244, 40.29492 ], [ -3.92363, 40.29582 ], [ -3.92481, 40.29581 ], [ -3.92598, 40.2958 ], [ -3.92716, 40.29579 ], [ -3.92833, 40.29578 ], [ -3.93069, 40.29576 ], [ -3.93185, 40.29485 ], [ -3.93302, 40.29394 ], [ -3.93536, 40.29302 ], [ -3.9377, 40.2921 ], [ -3.93887, 40.29209 ], [ -3.94005, 40.29208 ], [ -3.94124, 40.29297 ], [ -3.94125, 40.29387 ], [ -3.94126, 40.29477 ], [ -3.94128, 40.29567 ], [ -3.94129, 40.29657 ], [ -3.9413, 40.29748 ], [ -3.94012, 40.29749 ], [ -3.93895, 40.29749 ], [ -3.93894, 40.29659 ], [ -3.93776, 40.2966 ], [ -3.93777, 40.2975 ], [ -3.93659, 40.29751 ], [ -3.93542, 40.29752 ], [ -3.93543, 40.29842 ], [ -3.93425, 40.29843 ], [ -3.93427, 40.29933 ], [ -3.93309, 40.29934 ], [ -3.93191, 40.29935 ], [ -3.93193, 40.30025 ], [ -3.93075, 40.30026 ], [ -3.93076, 40.30116 ], [ -3.92959, 40.30117 ], [ -3.92841, 40.30118 ], [ -3.92723, 40.30119 ], [ -3.92606, 40.3012 ], [ -3.92607, 40.3021 ], [ -3.92489, 40.30211 ], [ -3.92373, 40.30302 ], [ -3.92255, 40.30303 ], [ -3.92254, 40.30213 ], [ -3.92136, 40.30214 ], [ -3.92137, 40.30304 ], [ -3.9202, 40.30305 ], [ -3.91902, 40.30306 ], [ -3.91901, 40.30216 ], [ -3.91783, 40.30217 ], [ -3.91782, 40.30127 ], [ -3.91781, 40.30037 ], [ -3.91663, 40.30038 ], [ -3.91662, 40.29948 ], [ -3.91544, 40.29949 ], [ -3.91543, 40.29858 ], [ -3.91542, 40.29768 ], [ -3.91541, 40.29678 ], [ -3.91537, 40.29408 ], [ -3.91536, 40.29318 ], [ -3.91419, 40.29409 ], [ -3.91302, 40.2941 ], [ -3.91303, 40.295 ], [ -3.91185, 40.29501 ], [ -3.91186, 40.29591 ], [ -3.91188, 40.29681 ], [ -3.9107, 40.29682 ], [ -3.91071, 40.29772 ], [ -3.90955, 40.29863 ], [ -3.90956, 40.29953 ], [ -3.90838, 40.29954 ], [ -3.9084, 40.30044 ], [ -3.90841, 40.30134 ], [ -3.90723, 40.30135 ], [ -3.90724, 40.30225 ], [ -3.90607, 40.30226 ], [ -3.90608, 40.30316 ], [ -3.9049, 40.30317 ], [ -3.90491, 40.30407 ], [ -3.90374, 40.30408 ], [ -3.90256, 40.30409 ], [ -3.90257, 40.30499 ], [ -3.9014, 40.305 ], [ -3.90138, 40.3041 ], [ -3.90021, 40.30411 ], [ -3.89904, 40.30502 ], [ -3.89787, 40.30503 ], [ -3.89785, 40.30413 ], [ -3.89668, 40.30414 ], [ -3.8955, 40.30415 ], [ -3.89549, 40.30324 ], [ -3.89429, 40.30145 ], [ -3.89195, 40.30237 ], [ -3.89191, 40.29967 ], [ -3.8907, 40.29698 ], [ -3.88952, 40.29698 ], [ -3.88951, 40.29608 ], [ -3.8895, 40.29518 ], [ -3.88949, 40.29428 ], [ -3.88831, 40.29429 ], [ -3.8871, 40.2916 ], [ -3.88357, 40.29162 ], [ -3.88123, 40.29254 ], [ -3.87885, 40.29076 ], [ -3.87767, 40.28987 ], [ -3.87647, 40.28807 ], [ -3.87645, 40.28717 ], [ -3.87762, 40.28626 ], [ -3.88582, 40.2835 ], [ -3.88699, 40.28349 ], [ -3.88697, 40.28169 ], [ -3.88578, 40.2808 ], [ -3.88459, 40.2799 ], [ -3.88575, 40.27809 ], [ -3.8869, 40.27628 ], [ -3.88806, 40.27537 ], [ -3.89039, 40.27355 ], [ -3.89156, 40.27264 ], [ -3.89155, 40.27174 ], [ -3.89389, 40.27082 ], [ -3.89387, 40.26992 ], [ -3.8962, 40.2681 ], [ -3.89738, 40.26809 ], [ -3.89854, 40.26718 ], [ -3.89853, 40.26628 ], [ -3.89852, 40.26538 ], [ -3.90083, 40.26266 ], [ -3.902, 40.26175 ], [ -3.90433, 40.25993 ], [ -3.9055, 40.25992 ], [ -3.90784, 40.259 ], [ -3.91018, 40.25808 ], [ -3.91251, 40.25626 ], [ -3.91368, 40.25625 ], [ -3.9137, 40.25716 ], [ -3.91371, 40.25806 ], [ -3.91372, 40.25896 ], [ -3.91373, 40.25986 ], [ -3.91491, 40.25985 ], [ -3.9161, 40.26074 ], [ -3.91727, 40.26073 ], [ -3.91961, 40.25981 ], [ -3.92078, 40.2589 ], [ -3.92311, 40.25798 ], [ -3.92545, 40.25706 ], [ -3.92663, 40.25705 ], [ -3.92781, 40.25704 ], [ -3.92898, 40.25703 ], [ -3.93014, 40.25612 ], [ -3.93132, 40.25611 ], [ -3.93133, 40.25702 ], [ -3.93251, 40.25701 ], [ -3.93252, 40.25791 ], [ -3.9337, 40.2579 ], [ -3.93371, 40.2588 ], [ -3.9349, 40.25969 ], [ -3.93607, 40.25968 ], [ -3.93725, 40.25967 ], [ -3.93842, 40.25966 ], [ -3.93844, 40.26056 ], [ -3.93845, 40.26146 ], [ -3.93964, 40.26235 ], [ -3.94081, 40.26234 ], [ -3.94199, 40.26233 ], [ -3.94317, 40.26232 ], [ -3.94315, 40.26142 ] ] ] } },
{ "type": "Feature", "properties": { "ine_code": "28016", "name": "El Atazar" }, "geometry": { "type": "Polygon", "coordinates": [ [ [ -3.50003, 40.92634 ], [ -3.49766, 40.92725 ], [ -3.49767, 40.92815 ], [ -3.49649, 40.92905 ], [ -3.49651, 40.93266 ], [ -3.49653, 40.93536 ], [ -3.49654, 40.93626 ], [ -3.49655, 40.93806 ], [ -3.49658, 40.94166 ], [ -3.49541, 40.94347 ], [ -3.49309, 40.95159 ], [ -3.48956, 40.95611 ], [ -3.48838, 40.95791 ], [ -3.48485, 40.96243 ], [ -3.48366, 40.96244 ], [ -3.48367, 40.96334 ], [ -3.48248, 40.96334 ], [ -3.48129, 40.96335 ], [ -3.4813, 40.96425 ], [ -3.48011, 40.96425 ], [ -3.48012, 40.96516 ], [ -3.48012, 40.96606 ], [ -3.47894, 40.96696 ], [ -3.47538, 40.96698 ], [ -3.47419, 40.96698 ], [ -3.46229, 40.96523 ], [ -3.45992, 40.96524 ], [ -3.45041, 40.96528 ], [ -3.44922, 40.96528 ], [ -3.44803, 40.96528 ], [ -3.44803, 40.96438 ], [ -3.44684, 40.96439 ], [ -3.44565, 40.96439 ], [ -3.44446, 40.9644 ], [ -3.44327, 40.9644 ], [ -3.44208, 40.96441 ], [ -3.44209, 40.96531 ], [ -3.4409, 40.96531 ], [ -3.44091, 40.96621 ], [ -3.43972, 40.96622 ], [ -3.43853, 40.96622 ], [ -3.43734, 40.96623 ], [ -3.43615, 40.96533 ], [ -3.43496, 40.96533 ], [ -3.43377, 40.96534 ], [ -3.43258, 40.96534 ], [ -3.4219, 40.96719 ], [ -3.42189, 40.96628 ], [ -3.42426, 40.96447 ], [ -3.42662, 40.96266 ], [ -3.4278, 40.96086 ], [ -3.42779, 40.95996 ], [ -3.42898, 40.95905 ], [ -3.42897, 40.95725 ], [ -3.42896, 40.95635 ], [ -3.43015, 40.95634 ], [ -3.43014, 40.95454 ], [ -3.43132, 40.95364 ], [ -3.43248, 40.94913 ], [ -3.43366, 40.94822 ], [ -3.43484, 40.94732 ], [ -3.43602, 40.94641 ], [ -3.43601, 40.94371 ], [ -3.43599, 40.94191 ], [ -3.43599, 40.94101 ], [ -3.43718, 40.941 ], [ -3.43717, 40.9401 ], [ -3.43716, 40.9392 ], [ -3.43598, 40.93921 ], [ -3.43597, 40.93831 ], [ -3.43596, 40.93741 ], [ -3.43713, 40.9347 ], [ -3.43713, 40.9338 ], [ -3.4383, 40.93109 ], [ -3.43949, 40.93109 ], [ -3.44067, 40.93018 ], [ -3.44186, 40.93018 ], [ -3.44185, 40.92928 ], [ -3.44304, 40.92927 ], [ -3.44303, 40.92837 ], [ -3.44421, 40.92746 ], [ -3.44658, 40.92565 ], [ -3.44776, 40.92475 ], [ -3.44775, 40.92385 ], [ -3.44893, 40.92294 ], [ -3.44893, 40.92204 ], [ -3.44892, 40.92114 ], [ -3.44892, 40.92024 ], [ -3.44891, 40.91934 ], [ -3.4489, 40.91844 ], [ -3.4489, 40.91754 ], [ -3.45008, 40.91663 ], [ -3.45007, 40.91573 ], [ -3.45126, 40.91573 ], [ -3.45125, 40.91483 ], [ -3.45007, 40.91483 ], [ -3.45006, 40.91393 ], [ -3.45125, 40.91393 ], [ -3.45124, 40.91302 ], [ -3.45243, 40.91302 ], [ -3.45244, 40.91392 ], [ -3.45362, 40.91392 ], [ -3.45481, 40.91391 ], [ -3.456, 40.91391 ], [ -3.456, 40.91481 ], [ -3.45719, 40.9148 ], [ -3.45838, 40.9148 ], [ -3.45957, 40.91479 ], [ -3.46075, 40.91389 ], [ -3.46193, 40.91388 ], [ -3.46312, 40.91388 ], [ -3.46431, 40.91387 ], [ -3.46432, 40.91477 ], [ -3.46313, 40.91478 ], [ -3.46313, 40.91568 ], [ -3.46195, 40.91568 ], [ -3.46195, 40.91659 ], [ -3.46077, 40.91659 ], [ -3.46077, 40.91749 ], [ -3.46196, 40.91749 ], [ -3.46197, 40.91839 ], [ -3.46315, 40.91838 ], [ -3.46434, 40.91838 ], [ -3.46553, 40.91837 ], [ -3.46672, 40.91837 ], [ -3.4679, 40.91836 ], [ -3.46909, 40.91836 ], [ -3.46908, 40.91746 ], [ -3.46908, 40.91656 ], [ -3.46789, 40.91656 ], [ -3.46788, 40.91566 ], [ -3.46788, 40.91476 ], [ -3.46906, 40.91385 ], [ -3.46905, 40.91295 ], [ -3.47024, 40.91295 ], [ -3.47023, 40.91205 ], [ -3.47142, 40.91204 ], [ -3.47261, 40.91204 ], [ -3.4738, 40.91203 ], [ -3.47379, 40.91113 ], [ -3.47498, 40.91113 ], [ -3.47616, 40.91112 ], [ -3.47616, 40.91022 ], [ -3.47615, 40.90932 ], [ -3.47734, 40.90932 ], [ -3.47853, 40.91021 ], [ -3.47854, 40.91111 ], [ -3.47735, 40.91112 ], [ -3.47736, 40.91202 ], [ -3.47617, 40.91202 ], [ -3.47618, 40.91292 ], [ -3.47737, 40.91292 ], [ -3.47855, 40.91291 ], [ -3.47974, 40.91291 ], [ -3.48093, 40.9129 ], [ -3.48211, 40.9129 ], [ -3.48211, 40.912 ], [ -3.4821, 40.9111 ], [ -3.4821, 40.9102 ], [ -3.48091, 40.9102 ], [ -3.4809, 40.9093 ], [ -3.48089, 40.9084 ], [ -3.48208, 40.9084 ], [ -3.48327, 40.90839 ], [ -3.48328, 40.90929 ], [ -3.48446, 40.90929 ], [ -3.48447, 40.91019 ], [ -3.48566, 40.91018 ], [ -3.48566, 40.91108 ], [ -3.48685, 40.91108 ], [ -3.48804, 40.91107 ], [ -3.48803, 40.91017 ], [ -3.48922, 40.91017 ], [ -3.48921, 40.90927 ], [ -3.4904, 40.90926 ], [ -3.49041, 40.91016 ], [ -3.49159, 40.91016 ], [ -3.49278, 40.91015 ], [ -3.49397, 40.91015 ], [ -3.49516, 40.91014 ], [ -3.49634, 40.91014 ], [ -3.49753, 40.91013 ], [ -3.49873, 40.91103 ], [ -3.50112, 40.91372 ], [ -3.50113, 40.91462 ], [ -3.50113, 40.91552 ], [ -3.50114, 40.91642 ], [ -3.50115, 40.91732 ], [ -3.50234, 40.91732 ], [ -3.50234, 40.91822 ], [ -3.50353, 40.91821 ], [ -3.50354, 40.91911 ], [ -3.50354, 40.92001 ], [ -3.50355, 40.92092 ], [ -3.50356, 40.92182 ], [ -3.50356, 40.92272 ], [ -3.50238, 40.92272 ], [ -3.50238, 40.92362 ], [ -3.50239, 40.92452 ], [ -3.50003, 40.92634 ] ] ] } },
{ "type": "Feature", "properties": { "ine_code": "28017", "name": "Batres" }, "geometry": { "type": "Polygon", "coordinates": [ [ [ -3.9564, 40.20005 ], [ -3.95641, 40.20095 ], [ -3.95524, 40.20096 ], [ -3.95525, 40.20186 ], [ -3.95526, 40.20276 ], [ -3.95528, 40.20367 ], [ -3.95529, 40.20457 ], [ -3.95413, 40.20548 ], [ -3.95414, 40.20638 ], [ -3.95415, 40.20728 ], [ -3.95298, 40.20729 ], [ -3.95299, 40.20819 ], [ -3.953, 40.20909 ], [ -3.95302, 40.20999 ], [ -3.95303, 40.21089 ], [ -3.95304, 40.21179 ], [ -3.95305, 40.21269 ], [ -3.95307, 40.21359 ], [ -3.95308, 40.21449 ], [ -3.9519, 40.2145 ], [ -3.95192, 40.21541 ], [ -3.95193, 40.21631 ], [ -3.95075, 40.21632 ], [ -3.95077, 40.21722 ], [ -3.95078, 40.21812 ], [ -3.94962, 40.21903 ], [ -3.94963, 40.21993 ], [ -3.94964, 40.22083 ], [ -3.94847, 40.22084 ], [ -3.94845, 40.21994 ], [ -3.94728, 40.21995 ], [ -3.9461, 40.21996 ], [ -3.94612, 40.22086 ], [ -3.94613, 40.22176 ], [ -3.94614, 40.22266 ], [ -3.94615, 40.22356 ], [ -3.94617, 40.22446 ], [ -3.94618, 40.22536 ], [ -3.94735, 40.22535 ], [ -3.94737, 40.22625 ], [ -3.94738, 40.22715 ], [ -3.94739, 40.22806 ], [ -3.9474, 40.22896 ], [ -3.94742, 40.22986 ], [ -3.94743, 40.23076 ], [ -3.94744, 40.23166 ], [ -3.94745, 40.23256 ], [ -3.94863, 40.23255 ], [ -3.94864, 40.23345 ], [ -3.94865, 40.23435 ], [ -3.94983, 40.23434 ], [ -3.94984, 40.23524 ], [ -3.94986, 40.23614 ], [ -3.94987, 40.23704 ], [ -3.95104, 40.23703 ], [ -3.95106, 40.23794 ], [ -3.95107, 40.23884 ], [ -3.95108, 40.23974 ], [ -3.95109, 40.24064 ], [ -3.95111, 40.24154 ], [ -3.95112, 40.24244 ], [ -3.95113, 40.24334 ], [ -3.94996, 40.24335 ], [ -3.94879, 40.24426 ], [ -3.94881, 40.24516 ], [ -3.94882, 40.24606 ], [ -3.94999, 40.24605 ], [ -3.95001, 40.24695 ], [ -3.95118, 40.24694 ], [ -3.95119, 40.24784 ], [ -3.95121, 40.24875 ], [ -3.95122, 40.24965 ], [ -3.95123, 40.25055 ], [ -3.95125, 40.25145 ], [ -3.94889, 40.25147 ], [ -3.94772, 40.25148 ], [ -3.94654, 40.25149 ], [ -3.94537, 40.2515 ], [ -3.94418, 40.2506 ], [ -3.943, 40.25061 ], [ -3.94183, 40.25062 ], [ -3.94065, 40.25063 ], [ -3.93946, 40.24974 ], [ -3.93711, 40.24976 ], [ -3.93594, 40.24977 ], [ -3.93592, 40.24887 ], [ -3.93474, 40.24798 ], [ -3.93356, 40.24799 ], [ -3.93355, 40.24709 ], [ -3.93237, 40.2471 ], [ -3.9312, 40.24711 ], [ -3.93121, 40.24801 ], [ -3.93003, 40.24802 ], [ -3.92886, 40.24803 ], [ -3.92768, 40.24804 ], [ -3.92769, 40.24894 ], [ -3.92652, 40.24895 ], [ -3.92533, 40.24805 ], [ -3.92532, 40.24715 ], [ -3.92531, 40.24625 ], [ -3.92413, 40.24626 ], [ -3.92412, 40.24536 ], [ -3.92294, 40.24537 ], [ -3.92177, 40.24538 ], [ -3.92059, 40.24539 ], [ -3.91942, 40.2454 ], [ -3.9194, 40.2445 ], [ -3.91823, 40.24451 ], [ -3.91822, 40.24361 ], [ -3.91704, 40.24362 ], [ -3.91587, 40.24362 ], [ -3.91469, 40.24363 ], [ -3.91468, 40.24273 ], [ -3.9135, 40.24274 ], [ -3.91349, 40.24184 ], [ -3.91231, 40.24185 ], [ -3.91114, 40.24186 ], [ -3.91113, 40.24096 ], [ -3.90995, 40.24097 ], [ -3.90994, 40.24007 ], [ -3.90875, 40.23918 ], [ -3.90874, 40.23828 ], [ -3.90756, 40.23828 ], [ -3.90639, 40.23829 ], [ -3.90638, 40.23739 ], [ -3.9052, 40.2374 ], [ -3.90519, 40.2365 ], [ -3.90518, 40.2356 ], [ -3.904, 40.23561 ], [ -3.90399, 40.23471 ], [ -3.90398, 40.23381 ], [ -3.9028, 40.23382 ], [ -3.90279, 40.23292 ], [ -3.90278, 40.23202 ], [ -3.9016, 40.23202 ], [ -3.90159, 40.23112 ], [ -3.90158, 40.23022 ], [ -3.90039, 40.22933 ], [ -3.90038, 40.22843 ], [ -3.89919, 40.22754 ], [ -3.89918, 40.22664 ], [ -3.90036, 40.22663 ], [ -3.90034, 40.22573 ], [ -3.90152, 40.22572 ], [ -3.90269, 40.22571 ], [ -3.90268, 40.22481 ], [ -3.90267, 40.22391 ], [ -3.90266, 40.22301 ], [ -3.90265, 40.22211 ], [ -3.90147, 40.22212 ], [ -3.90146, 40.22121 ], [ -3.90145, 40.22031 ], [ -3.90027, 40.22032 ], [ -3.90026, 40.21942 ], [ -3.90025, 40.21852 ], [ -3.90023, 40.21672 ], [ -3.90021, 40.21582 ], [ -3.89904, 40.21583 ], [ -3.89903, 40.21493 ], [ -3.89785, 40.21494 ], [ -3.89784, 40.21404 ], [ -3.89666, 40.21404 ], [ -3.89665, 40.21314 ], [ -3.89548, 40.21315 ], [ -3.89547, 40.21225 ], [ -3.89429, 40.21226 ], [ -3.89428, 40.21136 ], [ -3.89427, 40.21046 ], [ -3.89425, 40.20956 ], [ -3.89423, 40.20776 ], [ -3.89422, 40.20686 ], [ -3.89421, 40.20596 ], [ -3.89538, 40.20595 ], [ -3.89537, 40.20505 ], [ -3.89536, 40.20414 ], [ -3.89535, 40.20324 ], [ -3.89534, 40.20234 ], [ -3.89532, 40.20144 ], [ -3.89531, 40.20054 ], [ -3.89644, 40.19693 ], [ -3.8976, 40.19602 ], [ -3.89761, 40.19692 ], [ -3.89879, 40.19691 ], [ -3.8988, 40.19781 ], [ -3.89997, 40.1978 ], [ -3.89999, 40.1987 ], [ -3.90116, 40.19869 ], [ -3.90117, 40.19959 ], [ -3.90235, 40.19959 ], [ -3.90354, 40.20048 ], [ -3.90471, 40.20047 ], [ -3.90588, 40.20046 ], [ -3.90707, 40.20135 ], [ -3.90825, 40.20134 ], [ -3.90942, 40.20133 ], [ -3.90943, 40.20223 ], [ -3.91061, 40.20222 ], [ -3.91178, 40.20221 ], [ -3.91296, 40.20221 ], [ -3.91295, 40.2013 ], [ -3.91412, 40.20129 ], [ -3.9153, 40.20129 ], [ -3.91647, 40.20128 ], [ -3.91764, 40.20127 ], [ -3.91882, 40.20126 ], [ -3.91999, 40.20125 ], [ -3.92116, 40.20034 ], [ -3.92233, 40.20033 ], [ -3.92351, 40.20032 ], [ -3.92468, 40.20031 ], [ -3.92586, 40.2003 ], [ -3.92587, 40.2012 ], [ -3.92704, 40.20119 ], [ -3.92706, 40.20209 ], [ -3.92824, 40.20298 ], [ -3.92942, 40.20298 ], [ -3.92943, 40.20388 ], [ -3.9306, 40.20387 ], [ -3.93178, 40.20386 ], [ -3.93295, 40.20385 ], [ -3.93294, 40.20295 ], [ -3.93412, 40.20294 ], [ -3.93529, 40.20293 ], [ -3.93882, 40.2029 ], [ -3.93883, 40.2038 ], [ -3.94, 40.20379 ], [ -3.94118, 40.20378 ], [ -3.94237, 40.20467 ], [ -3.94354, 40.20466 ], [ -3.94472, 40.20465 ], [ -3.94589, 40.20464 ], [ -3.94707, 40.20463 ], [ -3.94824, 40.20462 ], [ -3.94942, 40.20461 ], [ -3.9494, 40.20371 ], [ -3.94939, 40.20281 ], [ -3.94938, 40.20191 ], [ -3.95055, 40.2019 ], [ -3.95054, 40.201 ], [ -3.95053, 40.2001 ], [ -3.95051, 40.1992 ], [ -3.9505, 40.1983 ], [ -3.95049, 40.1974 ], [ -3.95048, 40.1965 ], [ -3.95165, 40.19649 ], [ -3.95166, 40.19739 ], [ -3.95284, 40.19738 ], [ -3.95285, 40.19828 ], [ -3.95403, 40.19827 ], [ -3.95401, 40.19737 ], [ -3.95519, 40.19736 ], [ -3.9552, 40.19826 ], [ -3.95638, 40.19825 ], [ -3.95639, 40.19915 ], [ -3.9564, 40.20005 ] ] ] } },
{ "type": "Feature", "properties": { "ine_code": "28018", "name": "Becerril de la Sierra" }, "geometry": { "type": "Polygon", "coordinates": [ [ [ -3.99932, 40.7195 ], [ -3.99816, 40.72131 ], [ -3.99585, 40.72494 ], [ -3.99233, 40.72767 ], [ -3.98768, 40.73311 ], [ -3.98651, 40.73403 ], [ -3.98423, 40.74035 ], [ -3.98307, 40.74216 ], [ -3.9831, 40.74396 ], [ -3.98311, 40.74486 ], [ -3.98318, 40.74937 ], [ -3.98208, 40.75478 ], [ -3.97744, 40.76203 ], [ -3.97274, 40.76477 ], [ -3.96804, 40.76751 ], [ -3.96565, 40.76573 ], [ -3.96327, 40.76485 ], [ -3.96206, 40.76306 ], [ -3.96204, 40.76216 ], [ -3.96085, 40.76127 ], [ -3.96082, 40.75947 ], [ -3.96081, 40.75856 ], [ -3.95956, 40.75407 ], [ -3.96069, 40.75046 ], [ -3.96062, 40.74595 ], [ -3.96057, 40.74235 ], [ -3.96056, 40.74145 ], [ -3.96052, 40.73875 ], [ -3.9605, 40.73695 ], [ -3.96047, 40.73515 ], [ -3.96046, 40.73424 ], [ -3.95925, 40.73245 ], [ -3.95804, 40.73066 ], [ -3.95801, 40.72886 ], [ -3.95681, 40.72797 ], [ -3.95441, 40.72529 ], [ -3.9532, 40.72349 ], [ -3.95199, 40.7217 ], [ -3.95197, 40.7208 ], [ -3.95079, 40.72081 ], [ -3.95078, 40.71991 ], [ -3.95075, 40.71811 ], [ -3.94956, 40.71722 ], [ -3.95191, 40.7163 ], [ -3.95189, 40.7145 ], [ -3.95307, 40.71449 ], [ -3.95423, 40.71268 ], [ -3.9554, 40.71177 ], [ -3.95657, 40.71086 ], [ -3.95774, 40.70994 ], [ -3.95891, 40.70903 ], [ -3.96007, 40.70722 ], [ -3.96362, 40.70719 ], [ -3.96479, 40.70628 ], [ -3.96597, 40.70627 ], [ -3.96716, 40.70626 ], [ -3.96834, 40.70625 ], [ -3.9695, 40.70444 ], [ -3.97067, 40.70353 ], [ -3.97187, 40.70442 ], [ -3.97188, 40.70532 ], [ -3.97306, 40.70531 ], [ -3.97426, 40.7062 ], [ -3.97544, 40.70619 ], [ -3.97663, 40.70618 ], [ -3.97664, 40.70708 ], [ -3.97782, 40.70707 ], [ -3.98019, 40.70705 ], [ -3.98136, 40.70614 ], [ -3.98252, 40.70433 ], [ -3.98484, 40.70161 ], [ -3.98602, 40.7007 ], [ -3.98599, 40.6989 ], [ -3.98713, 40.69618 ], [ -3.9883, 40.69527 ], [ -3.99066, 40.69435 ], [ -3.99183, 40.69344 ], [ -3.99301, 40.69343 ], [ -3.993, 40.69253 ], [ -3.99535, 40.69161 ], [ -3.9977, 40.69069 ], [ -3.99889, 40.69068 ], [ -3.9989, 40.69158 ], [ -4.00012, 40.69427 ], [ -4.00133, 40.69606 ], [ -4.00254, 40.69785 ], [ -4.00257, 40.69965 ], [ -4.00378, 40.70145 ], [ -4.0038, 40.70235 ], [ -4.00381, 40.70325 ], [ -4.00382, 40.70415 ], [ -4.00384, 40.70505 ], [ -4.00385, 40.70595 ], [ -4.00386, 40.70685 ], [ -4.00388, 40.70775 ], [ -4.00389, 40.70865 ], [ -4.0039, 40.70955 ], [ -4.00509, 40.70954 ], [ -4.0051, 40.71044 ], [ -4.00393, 40.71135 ], [ -4.00277, 40.71317 ], [ -4.00284, 40.71767 ], [ -3.99932, 40.7195 ] ] ] } },
{ "type": "Feature", "properties": { "ine_code": "28019", "name": "Belmonte de Tajo" }, "geometry": { "type": "Polygon", "coordinates": [ [ [ -3.3768, 40.13492 ], [ -3.37329, 40.13673 ], [ -3.36977, 40.13854 ], [ -3.36626, 40.14036 ], [ -3.3604, 40.14128 ], [ -3.35805, 40.14219 ], [ -3.35337, 40.144 ], [ -3.34869, 40.14762 ], [ -3.34635, 40.14853 ], [ -3.34283, 40.14944 ], [ -3.34166, 40.15124 ], [ -3.33931, 40.15035 ], [ -3.33815, 40.15216 ], [ -3.33465, 40.15667 ], [ -3.33349, 40.15938 ], [ -3.33232, 40.16118 ], [ -3.32882, 40.1648 ], [ -3.32765, 40.1675 ], [ -3.32532, 40.17111 ], [ -3.32416, 40.17382 ], [ -3.32182, 40.17563 ], [ -3.32066, 40.17833 ], [ -3.31947, 40.17563 ], [ -3.3171, 40.17113 ], [ -3.31592, 40.16934 ], [ -3.31355, 40.16574 ], [ -3.31118, 40.16124 ], [ -3.30764, 40.15584 ], [ -3.30409, 40.15135 ], [ -3.30409, 40.15045 ], [ -3.3029, 40.14775 ], [ -3.30172, 40.14505 ], [ -3.29934, 40.13875 ], [ -3.29696, 40.13155 ], [ -3.30048, 40.13154 ], [ -3.30401, 40.13153 ], [ -3.30753, 40.13152 ], [ -3.30987, 40.13151 ], [ -3.31104, 40.12971 ], [ -3.31455, 40.1279 ], [ -3.31923, 40.12338 ], [ -3.32157, 40.12157 ], [ -3.3239, 40.11976 ], [ -3.32506, 40.11706 ], [ -3.32623, 40.11615 ], [ -3.32741, 40.11615 ], [ -3.32858, 40.11524 ], [ -3.33092, 40.11434 ], [ -3.33208, 40.11253 ], [ -3.33208, 40.11163 ], [ -3.33325, 40.11073 ], [ -3.33675, 40.10711 ], [ -3.33792, 40.10621 ], [ -3.34143, 40.10439 ], [ -3.34143, 40.10349 ], [ -3.34259, 40.10259 ], [ -3.3461, 40.09988 ], [ -3.34844, 40.09807 ], [ -3.34727, 40.09987 ], [ -3.34494, 40.10258 ], [ -3.34495, 40.10438 ], [ -3.34379, 40.10619 ], [ -3.3438, 40.10979 ], [ -3.34499, 40.11159 ], [ -3.34734, 40.11249 ], [ -3.34852, 40.11428 ], [ -3.35088, 40.11698 ], [ -3.35206, 40.11788 ], [ -3.35558, 40.11787 ], [ -3.36028, 40.11875 ], [ -3.36264, 40.12055 ], [ -3.36381, 40.12054 ], [ -3.36499, 40.12144 ], [ -3.36852, 40.12413 ], [ -3.3697, 40.12413 ], [ -3.37087, 40.12503 ], [ -3.37323, 40.12682 ], [ -3.37324, 40.12772 ], [ -3.37441, 40.12772 ], [ -3.37442, 40.12862 ], [ -3.37442, 40.12952 ], [ -3.37678, 40.13131 ], [ -3.37797, 40.13401 ], [ -3.3768, 40.13492 ] ] ] } },
{ "type": "Feature", "properties": { "ine_code": "28020", "name": "Berzosa del Lozoya" }, "geometry": { "type": "Polygon", "coordinates": [ [ [ -3.55966, 40.95579 ], [ -3.55967, 40.95669 ], [ -3.55848, 40.9567 ], [ -3.5573, 40.9576 ], [ -3.55731, 40.9585 ], [ -3.55732, 40.9594 ], [ -3.55851, 40.9603 ], [ -3.55852, 40.9612 ], [ -3.55972, 40.96209 ], [ -3.56091, 40.96299 ], [ -3.56092, 40.96389 ], [ -3.56211, 40.96388 ], [ -3.56212, 40.96479 ], [ -3.56212, 40.96569 ], [ -3.56331, 40.96568 ], [ -3.56332, 40.96658 ], [ -3.56333, 40.96748 ], [ -3.56451, 40.96748 ], [ -3.56452, 40.96838 ], [ -3.56453, 40.96928 ], [ -3.56454, 40.97018 ], [ -3.56455, 40.97108 ], [ -3.56336, 40.97108 ], [ -3.56336, 40.97199 ], [ -3.56218, 40.97289 ], [ -3.561, 40.9729 ], [ -3.55981, 40.9729 ], [ -3.5598, 40.972 ], [ -3.55861, 40.97201 ], [ -3.55862, 40.97291 ], [ -3.55743, 40.97292 ], [ -3.55744, 40.97382 ], [ -3.55625, 40.97382 ], [ -3.55507, 40.97473 ], [ -3.55388, 40.97473 ], [ -3.55389, 40.97563 ], [ -3.5527, 40.97564 ], [ -3.55271, 40.97654 ], [ -3.55152, 40.97655 ], [ -3.55152, 40.97745 ], [ -3.55034, 40.97745 ], [ -3.55034, 40.97835 ], [ -3.5456, 40.97928 ], [ -3.54441, 40.97928 ], [ -3.54322, 40.97929 ], [ -3.54323, 40.98019 ], [ -3.54323, 40.98109 ], [ -3.54205, 40.9811 ], [ -3.54086, 40.9811 ], [ -3.53967, 40.98111 ], [ -3.53968, 40.98201 ], [ -3.53849, 40.98201 ], [ -3.5373, 40.98202 ], [ -3.53612, 40.98293 ], [ -3.53375, 40.98384 ], [ -3.5302, 40.98566 ], [ -3.52426, 40.98658 ], [ -3.52427, 40.98748 ], [ -3.52427, 40.98838 ], [ -3.52428, 40.98929 ], [ -3.51953, 40.98931 ], [ -3.51834, 40.98931 ], [ -3.51715, 40.98932 ], [ -3.51715, 40.99022 ], [ -3.51716, 40.99112 ], [ -3.51597, 40.99112 ], [ -3.51598, 40.99203 ], [ -3.51599, 40.99293 ], [ -3.5148, 40.99293 ], [ -3.5148, 40.99383 ], [ -3.51362, 40.99384 ], [ -3.51243, 40.99384 ], [ -3.51124, 40.99385 ], [ -3.51122, 40.99205 ], [ -3.50647, 40.99207 ], [ -3.49578, 40.99392 ], [ -3.49576, 40.99121 ], [ -3.49575, 40.98941 ], [ -3.49574, 40.98851 ], [ -3.49574, 40.98761 ], [ -3.49573, 40.98671 ], [ -3.49572, 40.98581 ], [ -3.49453, 40.98581 ], [ -3.49453, 40.98491 ], [ -3.49452, 40.98401 ], [ -3.49333, 40.98402 ], [ -3.49332, 40.98312 ], [ -3.49332, 40.98222 ], [ -3.49331, 40.98131 ], [ -3.4933, 40.98041 ], [ -3.4933, 40.97951 ], [ -3.49329, 40.97861 ], [ -3.5004, 40.97588 ], [ -3.50983, 40.96503 ], [ -3.5122, 40.96502 ], [ -3.51577, 40.965 ], [ -3.51815, 40.96499 ], [ -3.52408, 40.96406 ], [ -3.52646, 40.96495 ], [ -3.5312, 40.96313 ], [ -3.53593, 40.9595 ], [ -3.53949, 40.95949 ], [ -3.54421, 40.95496 ], [ -3.54299, 40.95136 ], [ -3.54298, 40.95046 ], [ -3.54417, 40.95046 ], [ -3.54536, 40.95045 ], [ -3.54655, 40.95045 ], [ -3.54656, 40.95135 ], [ -3.54774, 40.95134 ], [ -3.54893, 40.95134 ], [ -3.54894, 40.95224 ], [ -3.55013, 40.95223 ], [ -3.55131, 40.95223 ], [ -3.5525, 40.95222 ], [ -3.55369, 40.95221 ], [ -3.55488, 40.95221 ], [ -3.55607, 40.9522 ], [ -3.55608, 40.9531 ], [ -3.55726, 40.9531 ], [ -3.55845, 40.95309 ], [ -3.55846, 40.95399 ], [ -3.55847, 40.95489 ], [ -3.55965, 40.95489 ], [ -3.56084, 40.95488 ], [ -3.56085, 40.95578 ], [ -3.55966, 40.95579 ] ] ] } },
{ "type": "Feature", "properties": { "ine_code": "28021", "name": "El Berrueco" }, "geometry": { "type": "Polygon", "coordinates": [ [ [ -3.60066, 40.89072 ], [ -3.60186, 40.89252 ], [ -3.60188, 40.89432 ], [ -3.59951, 40.89523 ], [ -3.59478, 40.89706 ], [ -3.59122, 40.89708 ], [ -3.58885, 40.89799 ], [ -3.58649, 40.8989 ], [ -3.58174, 40.89893 ], [ -3.57819, 40.89985 ], [ -3.57701, 40.90075 ], [ -3.57345, 40.90167 ], [ -3.57227, 40.90168 ], [ -3.57227, 40.90258 ], [ -3.57346, 40.90257 ], [ -3.57347, 40.90347 ], [ -3.57228, 40.90348 ], [ -3.57109, 40.90348 ], [ -3.5711, 40.90439 ], [ -3.56991, 40.90439 ], [ -3.56873, 40.9044 ], [ -3.56754, 40.9044 ], [ -3.56635, 40.90441 ], [ -3.56635, 40.90351 ], [ -3.56516, 40.90351 ], [ -3.56517, 40.90441 ], [ -3.56398, 40.90442 ], [ -3.56399, 40.90532 ], [ -3.5628, 40.90533 ], [ -3.56281, 40.90623 ], [ -3.56162, 40.90623 ], [ -3.56161, 40.90533 ], [ -3.56042, 40.90534 ], [ -3.55924, 40.90534 ], [ -3.55805, 40.90535 ], [ -3.55804, 40.90445 ], [ -3.55685, 40.90446 ], [ -3.55567, 40.90446 ], [ -3.55566, 40.90356 ], [ -3.55447, 40.90357 ], [ -3.55329, 40.90357 ], [ -3.5521, 40.90358 ], [ -3.55092, 40.90448 ], [ -3.54973, 40.90449 ], [ -3.54854, 40.90359 ], [ -3.54735, 40.9036 ], [ -3.54617, 40.90451 ], [ -3.54498, 40.90451 ], [ -3.54378, 40.90272 ], [ -3.54259, 40.90182 ], [ -3.54258, 40.90092 ], [ -3.54138, 40.90002 ], [ -3.54019, 40.89913 ], [ -3.53899, 40.89823 ], [ -3.53663, 40.89915 ], [ -3.53663, 40.90005 ], [ -3.53784, 40.90184 ], [ -3.53665, 40.90185 ], [ -3.53547, 40.90275 ], [ -3.53427, 40.90186 ], [ -3.53308, 40.90096 ], [ -3.5307, 40.90007 ], [ -3.53069, 40.89917 ], [ -3.5295, 40.89918 ], [ -3.52951, 40.90008 ], [ -3.52832, 40.90009 ], [ -3.52596, 40.901 ], [ -3.52477, 40.901 ], [ -3.52239, 40.90011 ], [ -3.5212, 40.90012 ], [ -3.51883, 40.90103 ], [ -3.51765, 40.90194 ], [ -3.51767, 40.90374 ], [ -3.51285, 40.89475 ], [ -3.51521, 40.89294 ], [ -3.51639, 40.89203 ], [ -3.51638, 40.89113 ], [ -3.51755, 40.88842 ], [ -3.51871, 40.88572 ], [ -3.51987, 40.88211 ], [ -3.52105, 40.8812 ], [ -3.52341, 40.87939 ], [ -3.5234, 40.87759 ], [ -3.52457, 40.87578 ], [ -3.52809, 40.87036 ], [ -3.52808, 40.86946 ], [ -3.52927, 40.86945 ], [ -3.52926, 40.86855 ], [ -3.53045, 40.86855 ], [ -3.53044, 40.86765 ], [ -3.53163, 40.86764 ], [ -3.53281, 40.86763 ], [ -3.53281, 40.86673 ], [ -3.53399, 40.86673 ], [ -3.53399, 40.86583 ], [ -3.53398, 40.86493 ], [ -3.53516, 40.86492 ], [ -3.53633, 40.86221 ], [ -3.53752, 40.86221 ], [ -3.5387, 40.8622 ], [ -3.5399, 40.8631 ], [ -3.53989, 40.8622 ], [ -3.54108, 40.86219 ], [ -3.54107, 40.86129 ], [ -3.54225, 40.86128 ], [ -3.54225, 40.86038 ], [ -3.54343, 40.86038 ], [ -3.54343, 40.85948 ], [ -3.54342, 40.85858 ], [ -3.54341, 40.85768 ], [ -3.5446, 40.85767 ], [ -3.54578, 40.85766 ], [ -3.54578, 40.85676 ], [ -3.54696, 40.85676 ], [ -3.54696, 40.85586 ], [ -3.54814, 40.85585 ], [ -3.54815, 40.85675 ], [ -3.54934, 40.85675 ], [ -3.54934, 40.85765 ], [ -3.55053, 40.85764 ], [ -3.55172, 40.85764 ], [ -3.5529, 40.85763 ], [ -3.55409, 40.85762 ], [ -3.5541, 40.85853 ], [ -3.55528, 40.85852 ], [ -3.55528, 40.85762 ], [ -3.55646, 40.85761 ], [ -3.55764, 40.85671 ], [ -3.55883, 40.8567 ], [ -3.56001, 40.85579 ], [ -3.56119, 40.85579 ], [ -3.56356, 40.85488 ], [ -3.56474, 40.85397 ], [ -3.5671, 40.85306 ], [ -3.56828, 40.85215 ], [ -3.56946, 40.85124 ], [ -3.57065, 40.85124 ], [ -3.57184, 40.85213 ], [ -3.57185, 40.85303 ], [ -3.57305, 40.85483 ], [ -3.57544, 40.85662 ], [ -3.57783, 40.85931 ], [ -3.58023, 40.862 ], [ -3.58262, 40.86379 ], [ -3.58382, 40.86559 ], [ -3.58622, 40.86828 ], [ -3.58623, 40.86918 ], [ -3.58744, 40.87187 ], [ -3.58983, 40.87366 ], [ -3.59101, 40.87366 ], [ -3.59102, 40.87456 ], [ -3.59103, 40.87546 ], [ -3.59222, 40.87635 ], [ -3.59342, 40.87725 ], [ -3.59461, 40.87814 ], [ -3.59582, 40.87994 ], [ -3.59823, 40.88443 ], [ -3.59824, 40.88533 ], [ -3.59825, 40.88623 ], [ -3.59825, 40.88713 ], [ -3.59945, 40.88803 ], [ -3.59946, 40.88893 ], [ -3.60066, 40.89072 ] ] ] } },
{ "type": "Feature", "properties": { "ine_code": "28022", "name": "Boadilla del Monte" }, "geometry": { "type": "Polygon", "coordinates": [ [ [ -3.94882, 40.41453 ], [ -3.94884, 40.41543 ], [ -3.94885, 40.41633 ], [ -3.94886, 40.41723 ], [ -3.94887, 40.41814 ], [ -3.9477, 40.41814 ], [ -3.94771, 40.41905 ], [ -3.94772, 40.41995 ], [ -3.94654, 40.41996 ], [ -3.94655, 40.42086 ], [ -3.94657, 40.42176 ], [ -3.94776, 40.42265 ], [ -3.94777, 40.42355 ], [ -3.94895, 40.42354 ], [ -3.95014, 40.42443 ], [ -3.95133, 40.42532 ], [ -3.95251, 40.42531 ], [ -3.95252, 40.42621 ], [ -3.95254, 40.42711 ], [ -3.95255, 40.42801 ], [ -3.95256, 40.42892 ], [ -3.95257, 40.42982 ], [ -3.95259, 40.43072 ], [ -3.9526, 40.43162 ], [ -3.95261, 40.43252 ], [ -3.95143, 40.43253 ], [ -3.95145, 40.43343 ], [ -3.95146, 40.43433 ], [ -3.95147, 40.43523 ], [ -3.95149, 40.43613 ], [ -3.9515, 40.43703 ], [ -3.95268, 40.43702 ], [ -3.95269, 40.43792 ], [ -3.9527, 40.43882 ], [ -3.95152, 40.43883 ], [ -3.95154, 40.43973 ], [ -3.95155, 40.44064 ], [ -3.95037, 40.44065 ], [ -3.95038, 40.44155 ], [ -3.95039, 40.44245 ], [ -3.95041, 40.44335 ], [ -3.95161, 40.44514 ], [ -3.95162, 40.44604 ], [ -3.95045, 40.44605 ], [ -3.94927, 40.44606 ], [ -3.94928, 40.44696 ], [ -3.94929, 40.44786 ], [ -3.9493, 40.44876 ], [ -3.94932, 40.44966 ], [ -3.94933, 40.45056 ], [ -3.94934, 40.45146 ], [ -3.94816, 40.45147 ], [ -3.94698, 40.45148 ], [ -3.947, 40.45238 ], [ -3.94582, 40.45239 ], [ -3.94583, 40.45329 ], [ -3.94466, 40.45421 ], [ -3.94468, 40.45511 ], [ -3.94348, 40.45421 ], [ -3.94231, 40.45422 ], [ -3.93637, 40.45157 ], [ -3.93281, 40.4498 ], [ -3.93043, 40.44801 ], [ -3.93041, 40.44711 ], [ -3.92922, 40.44622 ], [ -3.92684, 40.44444 ], [ -3.92564, 40.44265 ], [ -3.92444, 40.44176 ], [ -3.92327, 40.44177 ], [ -3.91974, 40.44269 ], [ -3.9115, 40.44366 ], [ -3.90913, 40.44278 ], [ -3.90682, 40.4464 ], [ -3.90684, 40.4482 ], [ -3.90453, 40.45182 ], [ -3.9022, 40.45364 ], [ -3.89988, 40.45636 ], [ -3.8987, 40.45637 ], [ -3.89752, 40.45638 ], [ -3.89751, 40.45548 ], [ -3.89633, 40.45549 ], [ -3.89632, 40.45459 ], [ -3.89514, 40.4546 ], [ -3.89395, 40.45371 ], [ -3.89275, 40.45282 ], [ -3.89274, 40.45192 ], [ -3.89156, 40.45192 ], [ -3.89155, 40.45102 ], [ -3.89037, 40.45103 ], [ -3.89036, 40.45013 ], [ -3.89035, 40.44923 ], [ -3.88442, 40.44657 ], [ -3.88205, 40.44569 ], [ -3.87732, 40.44483 ], [ -3.86905, 40.44399 ], [ -3.86316, 40.44403 ], [ -3.86193, 40.44044 ], [ -3.85718, 40.43777 ], [ -3.85716, 40.43597 ], [ -3.85596, 40.43418 ], [ -3.85478, 40.43418 ], [ -3.85477, 40.43328 ], [ -3.85358, 40.43239 ], [ -3.85357, 40.43149 ], [ -3.85237, 40.4297 ], [ -3.85235, 40.4288 ], [ -3.85234, 40.4279 ], [ -3.85233, 40.427 ], [ -3.85232, 40.42609 ], [ -3.85113, 40.4252 ], [ -3.85112, 40.4243 ], [ -3.84993, 40.42341 ], [ -3.84992, 40.42251 ], [ -3.84874, 40.42252 ], [ -3.84873, 40.42162 ], [ -3.84754, 40.42072 ], [ -3.84753, 40.41982 ], [ -3.84634, 40.41893 ], [ -3.84632, 40.41803 ], [ -3.84513, 40.41714 ], [ -3.84396, 40.41715 ], [ -3.8428, 40.41896 ], [ -3.8416, 40.41716 ], [ -3.84158, 40.41536 ], [ -3.84155, 40.41356 ], [ -3.84154, 40.41266 ], [ -3.84151, 40.40996 ], [ -3.8403, 40.40726 ], [ -3.83788, 40.40278 ], [ -3.83904, 40.40097 ], [ -3.84021, 40.40006 ], [ -3.84136, 40.39825 ], [ -3.84135, 40.39735 ], [ -3.84251, 40.39554 ], [ -3.84365, 40.39282 ], [ -3.84481, 40.39101 ], [ -3.84599, 40.39101 ], [ -3.84715, 40.3901 ], [ -3.84832, 40.38919 ], [ -3.85183, 40.38736 ], [ -3.853, 40.38645 ], [ -3.85534, 40.38553 ], [ -3.85651, 40.38462 ], [ -3.86002, 40.38279 ], [ -3.86001, 40.38189 ], [ -3.86352, 40.38007 ], [ -3.86585, 40.37825 ], [ -3.86702, 40.37734 ], [ -3.86941, 40.38002 ], [ -3.87179, 40.38181 ], [ -3.87652, 40.38357 ], [ -3.87889, 40.38445 ], [ -3.88247, 40.38803 ], [ -3.88365, 40.38802 ], [ -3.88602, 40.3889 ], [ -3.8872, 40.3889 ], [ -3.88721, 40.3898 ], [ -3.88486, 40.39071 ], [ -3.88727, 40.3943 ], [ -3.88846, 40.39519 ], [ -3.89085, 40.39788 ], [ -3.8944, 40.39875 ], [ -3.90031, 40.40051 ], [ -3.90624, 40.40316 ], [ -3.90743, 40.40405 ], [ -3.90862, 40.40494 ], [ -3.9098, 40.40494 ], [ -3.90981, 40.40584 ], [ -3.91099, 40.40583 ], [ -3.91336, 40.40671 ], [ -3.91689, 40.40668 ], [ -3.92162, 40.40754 ], [ -3.92517, 40.40842 ], [ -3.92636, 40.40931 ], [ -3.92874, 40.41109 ], [ -3.92993, 40.41198 ], [ -3.93111, 40.41197 ], [ -3.93112, 40.41287 ], [ -3.9323, 40.41286 ], [ -3.93348, 40.41285 ], [ -3.93467, 40.41375 ], [ -3.93585, 40.41374 ], [ -3.93586, 40.41464 ], [ -3.93704, 40.41463 ], [ -3.93822, 40.41462 ], [ -3.93823, 40.41552 ], [ -3.93941, 40.41551 ], [ -3.94059, 40.4155 ], [ -3.94176, 40.41549 ], [ -3.94294, 40.41548 ], [ -3.94411, 40.41457 ], [ -3.94529, 40.41456 ], [ -3.94881, 40.41363 ], [ -3.94882, 40.41453 ] ] ] } },
{ "type": "Feature", "properties": { "ine_code": "28023", "name": "El Boalo" }, "geometry": { "type": "Polygon", "coordinates": [ [ [ -3.96687, 40.76842 ], [ -3.96569, 40.76843 ], [ -3.96211, 40.76666 ], [ -3.95973, 40.76578 ], [ -3.95734, 40.7649 ], [ -3.95497, 40.76492 ], [ -3.95139, 40.76315 ], [ -3.95018, 40.76136 ], [ -3.94659, 40.75868 ], [ -3.9418, 40.75512 ], [ -3.93824, 40.75425 ], [ -3.93585, 40.75336 ], [ -3.93347, 40.75248 ], [ -3.92869, 40.74892 ], [ -3.92509, 40.74624 ], [ -3.92271, 40.74536 ], [ -3.9215, 40.74357 ], [ -3.91674, 40.74181 ], [ -3.91555, 40.74092 ], [ -3.91198, 40.74004 ], [ -3.90722, 40.73828 ], [ -3.90601, 40.73649 ], [ -3.9048, 40.73469 ], [ -3.90358, 40.732 ], [ -3.90119, 40.73022 ], [ -3.89997, 40.72753 ], [ -3.89996, 40.72662 ], [ -3.89872, 40.72303 ], [ -3.8987, 40.72123 ], [ -3.89748, 40.71854 ], [ -3.89268, 40.71407 ], [ -3.89381, 40.70956 ], [ -3.89259, 40.70686 ], [ -3.89258, 40.70596 ], [ -3.89138, 40.70507 ], [ -3.89137, 40.70417 ], [ -3.89255, 40.70416 ], [ -3.89254, 40.70326 ], [ -3.89372, 40.70325 ], [ -3.89371, 40.70235 ], [ -3.89489, 40.70234 ], [ -3.89608, 40.70233 ], [ -3.90196, 40.69958 ], [ -3.90547, 40.69685 ], [ -3.9078, 40.69413 ], [ -3.91129, 40.6896 ], [ -3.91363, 40.68778 ], [ -3.91833, 40.68504 ], [ -3.92067, 40.68322 ], [ -3.92301, 40.6814 ], [ -3.92418, 40.68049 ], [ -3.92417, 40.67959 ], [ -3.92416, 40.67869 ], [ -3.92415, 40.67779 ], [ -3.92534, 40.67868 ], [ -3.92654, 40.67957 ], [ -3.92892, 40.68045 ], [ -3.9301, 40.68044 ], [ -3.93128, 40.68043 ], [ -3.93366, 40.68131 ], [ -3.93604, 40.6822 ], [ -3.93724, 40.68309 ], [ -3.93962, 40.68397 ], [ -3.94081, 40.68486 ], [ -3.94439, 40.68663 ], [ -3.94677, 40.68751 ], [ -3.94796, 40.6884 ], [ -3.94916, 40.6893 ], [ -3.95034, 40.68929 ], [ -3.95036, 40.69019 ], [ -3.95037, 40.69109 ], [ -3.95155, 40.69108 ], [ -3.95156, 40.69198 ], [ -3.95276, 40.69287 ], [ -3.95277, 40.69377 ], [ -3.95279, 40.69467 ], [ -3.9528, 40.69557 ], [ -3.95281, 40.69647 ], [ -3.95282, 40.69737 ], [ -3.95284, 40.69827 ], [ -3.95286, 40.70008 ], [ -3.95171, 40.70189 ], [ -3.95053, 40.7028 ], [ -3.94819, 40.70462 ], [ -3.94705, 40.70733 ], [ -3.94586, 40.70734 ], [ -3.94588, 40.70824 ], [ -3.94352, 40.70916 ], [ -3.94236, 40.71097 ], [ -3.94119, 40.71188 ], [ -3.94121, 40.71278 ], [ -3.93885, 40.7137 ], [ -3.93651, 40.71552 ], [ -3.93538, 40.71914 ], [ -3.93424, 40.72275 ], [ -3.93307, 40.72366 ], [ -3.93308, 40.72456 ], [ -3.9331, 40.72546 ], [ -3.93428, 40.72545 ], [ -3.93546, 40.72544 ], [ -3.93548, 40.72634 ], [ -3.93666, 40.72633 ], [ -3.93667, 40.72723 ], [ -3.93786, 40.72722 ], [ -3.93904, 40.72721 ], [ -3.94375, 40.72537 ], [ -3.94846, 40.72353 ], [ -3.9508, 40.72171 ], [ -3.9532, 40.72349 ], [ -3.95441, 40.72529 ], [ -3.95681, 40.72797 ], [ -3.95801, 40.72886 ], [ -3.95804, 40.73066 ], [ -3.95925, 40.73245 ], [ -3.96046, 40.73424 ], [ -3.96047, 40.73515 ], [ -3.9605, 40.73695 ], [ -3.96052, 40.73875 ], [ -3.96056, 40.74145 ], [ -3.96057, 40.74235 ], [ -3.96062, 40.74595 ], [ -3.96069, 40.75046 ], [ -3.95956, 40.75407 ], [ -3.96081, 40.75856 ], [ -3.96082, 40.75947 ], [ -3.96085, 40.76127 ], [ -3.96204, 40.76216 ], [ -3.96206, 40.76306 ], [ -3.96327, 40.76485 ], [ -3.96565, 40.76573 ], [ -3.96804, 40.76751 ], [ -3.96687, 40.76842 ] ] ] } },
{ "type": "Feature", "properties": { "ine_code": "28024", "name": "Braojos" }, "geometry": { "type": "Polygon", "coordinates": [ [ [ -3.70473, 41.0775 ], [ -3.70355, 41.07841 ], [ -3.70119, 41.08023 ], [ -3.69764, 41.08205 ], [ -3.69527, 41.08297 ], [ -3.6929, 41.08388 ], [ -3.68934, 41.0848 ], [ -3.68815, 41.08481 ], [ -3.68695, 41.08482 ], [ -3.68576, 41.08482 ], [ -3.68457, 41.08483 ], [ -3.6798, 41.08396 ], [ -3.67744, 41.08577 ], [ -3.67626, 41.08668 ], [ -3.67505, 41.08489 ], [ -3.67386, 41.08489 ], [ -3.66787, 41.08133 ], [ -3.66429, 41.08045 ], [ -3.65951, 41.07867 ], [ -3.65712, 41.07779 ], [ -3.65233, 41.07511 ], [ -3.64875, 41.07423 ], [ -3.6428, 41.07426 ], [ -3.63443, 41.07071 ], [ -3.62847, 41.06894 ], [ -3.62727, 41.06804 ], [ -3.62608, 41.06805 ], [ -3.62486, 41.06535 ], [ -3.62485, 41.06445 ], [ -3.62483, 41.06175 ], [ -3.62358, 41.05545 ], [ -3.62353, 41.05005 ], [ -3.62704, 41.04462 ], [ -3.6317, 41.03379 ], [ -3.63289, 41.03378 ], [ -3.63288, 41.03288 ], [ -3.63407, 41.03287 ], [ -3.63406, 41.03197 ], [ -3.63405, 41.03107 ], [ -3.63405, 41.03017 ], [ -3.63523, 41.03016 ], [ -3.63642, 41.03016 ], [ -3.63761, 41.02925 ], [ -3.63879, 41.02924 ], [ -3.63998, 41.02924 ], [ -3.64118, 41.03013 ], [ -3.64119, 41.03103 ], [ -3.64238, 41.03103 ], [ -3.64239, 41.03193 ], [ -3.64358, 41.03192 ], [ -3.64359, 41.03282 ], [ -3.64478, 41.03281 ], [ -3.64597, 41.03281 ], [ -3.64716, 41.0328 ], [ -3.64835, 41.03279 ], [ -3.65072, 41.03278 ], [ -3.65191, 41.03187 ], [ -3.65549, 41.03365 ], [ -3.66148, 41.03722 ], [ -3.67223, 41.04167 ], [ -3.6795, 41.05423 ], [ -3.68548, 41.0578 ], [ -3.69266, 41.06136 ], [ -3.70231, 41.07301 ], [ -3.70592, 41.0766 ], [ -3.70473, 41.0775 ] ] ] } },
{ "type": "Feature", "properties": { "ine_code": "28025", "name": "Brea de Tajo" }, "geometry": { "type": "Polygon", "coordinates": [ [ [ -3.17281, 40.23631 ], [ -3.17165, 40.24081 ], [ -3.17047, 40.24172 ], [ -3.17048, 40.24352 ], [ -3.16813, 40.24713 ], [ -3.16579, 40.24983 ], [ -3.16344, 40.25254 ], [ -3.1611, 40.25525 ], [ -3.15993, 40.25705 ], [ -3.15758, 40.25795 ], [ -3.15523, 40.25976 ], [ -3.15406, 40.26156 ], [ -3.15406, 40.26336 ], [ -3.15054, 40.26517 ], [ -3.14348, 40.26608 ], [ -3.14231, 40.26788 ], [ -3.13996, 40.26879 ], [ -3.13761, 40.27149 ], [ -3.13526, 40.2724 ], [ -3.12939, 40.27691 ], [ -3.12822, 40.27871 ], [ -3.12234, 40.28142 ], [ -3.11882, 40.28323 ], [ -3.11294, 40.28503 ], [ -3.10941, 40.28504 ], [ -3.10941, 40.28414 ], [ -3.1094, 40.28323 ], [ -3.10822, 40.28053 ], [ -3.10469, 40.27964 ], [ -3.10116, 40.27784 ], [ -3.0988, 40.27423 ], [ -3.09762, 40.27243 ], [ -3.09645, 40.27063 ], [ -3.09644, 40.26883 ], [ -3.09644, 40.26703 ], [ -3.09879, 40.26342 ], [ -3.09996, 40.26162 ], [ -3.09878, 40.26072 ], [ -3.0976, 40.25712 ], [ -3.09525, 40.25622 ], [ -3.09525, 40.25442 ], [ -3.09407, 40.25352 ], [ -3.09289, 40.25262 ], [ -3.09171, 40.24992 ], [ -3.08936, 40.24902 ], [ -3.08818, 40.24812 ], [ -3.08701, 40.24722 ], [ -3.087, 40.24541 ], [ -3.087, 40.24451 ], [ -3.08818, 40.24271 ], [ -3.08935, 40.24091 ], [ -3.08935, 40.24001 ], [ -3.08935, 40.23911 ], [ -3.08817, 40.2364 ], [ -3.08699, 40.2346 ], [ -3.08699, 40.2337 ], [ -3.08464, 40.2328 ], [ -3.08346, 40.2319 ], [ -3.08111, 40.2292 ], [ -3.07993, 40.2274 ], [ -3.07993, 40.2265 ], [ -3.07992, 40.2238 ], [ -3.07992, 40.21929 ], [ -3.07992, 40.21839 ], [ -3.08109, 40.21749 ], [ -3.08227, 40.21659 ], [ -3.08226, 40.21479 ], [ -3.07991, 40.20848 ], [ -3.08108, 40.20398 ], [ -3.08342, 40.20217 ], [ -3.08695, 40.20127 ], [ -3.08812, 40.20037 ], [ -3.09047, 40.20127 ], [ -3.09165, 40.20126 ], [ -3.09282, 40.20126 ], [ -3.094, 40.20126 ], [ -3.094, 40.20216 ], [ -3.09517, 40.20216 ], [ -3.09635, 40.20216 ], [ -3.09752, 40.20216 ], [ -3.0987, 40.20216 ], [ -3.09987, 40.20216 ], [ -3.09988, 40.20306 ], [ -3.10105, 40.20306 ], [ -3.10223, 40.20306 ], [ -3.1034, 40.20306 ], [ -3.10458, 40.20306 ], [ -3.10575, 40.20305 ], [ -3.10693, 40.20305 ], [ -3.1081, 40.20305 ], [ -3.1081, 40.20395 ], [ -3.10928, 40.20395 ], [ -3.11045, 40.20395 ], [ -3.11163, 40.20485 ], [ -3.1128, 40.20485 ], [ -3.1128, 40.20575 ], [ -3.11398, 40.20575 ], [ -3.11515, 40.20575 ], [ -3.11516, 40.20665 ], [ -3.11633, 40.20665 ], [ -3.11751, 40.20665 ], [ -3.11751, 40.20755 ], [ -3.11868, 40.20755 ], [ -3.11986, 40.20755 ], [ -3.11986, 40.20845 ], [ -3.12103, 40.20844 ], [ -3.12221, 40.20844 ], [ -3.12221, 40.20934 ], [ -3.12339, 40.20934 ], [ -3.12456, 40.20934 ], [ -3.12456, 40.21024 ], [ -3.12574, 40.21024 ], [ -3.12692, 40.21114 ], [ -3.12809, 40.21204 ], [ -3.12809, 40.21294 ], [ -3.12927, 40.21294 ], [ -3.12927, 40.21384 ], [ -3.13045, 40.21384 ], [ -3.13162, 40.21384 ], [ -3.1328, 40.21474 ], [ -3.13397, 40.21474 ], [ -3.13397, 40.21564 ], [ -3.13515, 40.21564 ], [ -3.13633, 40.21654 ], [ -3.1375, 40.21653 ], [ -3.13868, 40.21743 ], [ -3.13985, 40.21743 ], [ -3.14103, 40.21833 ], [ -3.14221, 40.21833 ], [ -3.14338, 40.21923 ], [ -3.14339, 40.22013 ], [ -3.14456, 40.22013 ], [ -3.14574, 40.22013 ], [ -3.14691, 40.22013 ], [ -3.14809, 40.22103 ], [ -3.14926, 40.22103 ], [ -3.15044, 40.22192 ], [ -3.15044, 40.22283 ], [ -3.1528, 40.22372 ], [ -3.15397, 40.22462 ], [ -3.15751, 40.22732 ], [ -3.16104, 40.22912 ], [ -3.16222, 40.23092 ], [ -3.1681, 40.23361 ], [ -3.17163, 40.23451 ], [ -3.17398, 40.2345 ], [ -3.17281, 40.23631 ] ] ] } },
{ "type": "Feature", "properties": { "ine_code": "28026", "name": "Brunete" }, "geometry": { "type": "Polygon", "coordinates": [ [ [ -4.04626, 40.38937 ], [ -4.04508, 40.38938 ], [ -4.0451, 40.39028 ], [ -4.04629, 40.39117 ], [ -4.04511, 40.39118 ], [ -4.04514, 40.39298 ], [ -4.04515, 40.39388 ], [ -4.04397, 40.39389 ], [ -4.04399, 40.39479 ], [ -4.04281, 40.3948 ], [ -4.04163, 40.39481 ], [ -4.04403, 40.3975 ], [ -4.04406, 40.3993 ], [ -4.04407, 40.4002 ], [ -4.03941, 40.40384 ], [ -4.03826, 40.40566 ], [ -4.03362, 40.4102 ], [ -4.036, 40.41198 ], [ -4.03485, 40.41379 ], [ -4.03019, 40.41744 ], [ -4.03024, 40.42014 ], [ -4.03026, 40.42194 ], [ -4.03028, 40.42284 ], [ -4.02911, 40.42375 ], [ -4.02796, 40.42557 ], [ -4.02797, 40.42647 ], [ -4.02564, 40.42829 ], [ -4.02684, 40.42918 ], [ -4.02566, 40.42919 ], [ -4.02449, 40.4301 ], [ -4.02212, 40.42922 ], [ -4.01983, 40.43375 ], [ -4.01867, 40.43466 ], [ -4.01514, 40.43559 ], [ -4.01161, 40.43562 ], [ -4.00807, 40.43565 ], [ -4.00569, 40.43387 ], [ -4.00449, 40.43298 ], [ -4.00214, 40.433 ], [ -4.00212, 40.4321 ], [ -3.99859, 40.43213 ], [ -3.99622, 40.43125 ], [ -3.99386, 40.43127 ], [ -3.9915, 40.43129 ], [ -3.98917, 40.43311 ], [ -3.98799, 40.43312 ], [ -3.98681, 40.43313 ], [ -3.98562, 40.43224 ], [ -3.98563, 40.43314 ], [ -3.98445, 40.43315 ], [ -3.98447, 40.43405 ], [ -3.98329, 40.43406 ], [ -3.9833, 40.43496 ], [ -3.98331, 40.43587 ], [ -3.98214, 40.43588 ], [ -3.98212, 40.43497 ], [ -3.97978, 40.4359 ], [ -3.97857, 40.4341 ], [ -3.97856, 40.4332 ], [ -3.97855, 40.4323 ], [ -3.97853, 40.4314 ], [ -3.97852, 40.4305 ], [ -3.97851, 40.4296 ], [ -3.97849, 40.4287 ], [ -3.97728, 40.42601 ], [ -3.97487, 40.42242 ], [ -3.97248, 40.42064 ], [ -3.9689, 40.41707 ], [ -3.96771, 40.41618 ], [ -3.96176, 40.41262 ], [ -3.96058, 40.41263 ], [ -3.96057, 40.41173 ], [ -3.95821, 40.41175 ], [ -3.9582, 40.41085 ], [ -3.95702, 40.41086 ], [ -3.95584, 40.41087 ], [ -3.95583, 40.40997 ], [ -3.95465, 40.40998 ], [ -3.95464, 40.40908 ], [ -3.95346, 40.40909 ], [ -3.95345, 40.40819 ], [ -3.95227, 40.4082 ], [ -3.95109, 40.40821 ], [ -3.94638, 40.40825 ], [ -3.94637, 40.40734 ], [ -3.94635, 40.40644 ], [ -3.94634, 40.40554 ], [ -3.94633, 40.40464 ], [ -3.94631, 40.40374 ], [ -3.9463, 40.40284 ], [ -3.94629, 40.40194 ], [ -3.94628, 40.40104 ], [ -3.94626, 40.40014 ], [ -3.94625, 40.39924 ], [ -3.94624, 40.39834 ], [ -3.94506, 40.39835 ], [ -3.94505, 40.39745 ], [ -3.94504, 40.39654 ], [ -3.94502, 40.39564 ], [ -3.9462, 40.39563 ], [ -3.94619, 40.39473 ], [ -3.94618, 40.39383 ], [ -3.94735, 40.39382 ], [ -3.94734, 40.39292 ], [ -3.94852, 40.39291 ], [ -3.94851, 40.39201 ], [ -3.94969, 40.392 ], [ -3.94967, 40.3911 ], [ -3.94966, 40.3902 ], [ -3.95084, 40.39019 ], [ -3.95083, 40.38929 ], [ -3.95081, 40.38839 ], [ -3.9508, 40.38749 ], [ -3.94962, 40.3875 ], [ -3.94961, 40.3866 ], [ -3.94843, 40.38661 ], [ -3.94842, 40.38571 ], [ -3.94841, 40.38481 ], [ -3.94723, 40.38482 ], [ -3.94722, 40.38391 ], [ -3.9472, 40.38301 ], [ -3.94719, 40.38211 ], [ -3.94718, 40.38121 ], [ -3.94717, 40.38031 ], [ -3.94715, 40.37941 ], [ -3.94596, 40.37852 ], [ -3.94595, 40.37762 ], [ -3.94477, 40.37763 ], [ -3.94476, 40.37673 ], [ -3.94358, 40.37674 ], [ -3.94357, 40.37584 ], [ -3.94473, 40.37493 ], [ -3.94472, 40.37402 ], [ -3.94471, 40.37312 ], [ -3.9447, 40.37222 ], [ -3.94587, 40.37221 ], [ -3.94586, 40.37131 ], [ -3.94585, 40.37041 ], [ -3.94703, 40.3704 ], [ -3.94701, 40.3695 ], [ -3.94819, 40.36949 ], [ -3.94818, 40.36859 ], [ -3.94936, 40.36858 ], [ -3.95053, 40.36857 ], [ -3.95171, 40.36856 ], [ -3.95289, 40.36855 ], [ -3.95407, 40.36854 ], [ -3.95525, 40.36853 ], [ -3.95642, 40.36852 ], [ -3.95644, 40.36942 ], [ -3.95761, 40.36941 ], [ -3.95879, 40.3694 ], [ -3.95997, 40.36939 ], [ -3.95998, 40.3703 ], [ -3.96116, 40.37029 ], [ -3.96234, 40.37028 ], [ -3.96351, 40.37027 ], [ -3.96469, 40.37026 ], [ -3.96587, 40.37025 ], [ -3.96705, 40.37024 ], [ -3.96703, 40.36934 ], [ -3.96821, 40.36933 ], [ -3.96939, 40.36932 ], [ -3.96938, 40.36842 ], [ -3.97056, 40.36841 ], [ -3.97173, 40.3684 ], [ -3.97291, 40.36839 ], [ -3.97409, 40.36838 ], [ -3.97527, 40.36837 ], [ -3.97644, 40.36836 ], [ -3.97646, 40.36926 ], [ -3.97763, 40.36925 ], [ -3.97881, 40.36924 ], [ -3.97999, 40.36923 ], [ -3.98, 40.37013 ], [ -3.98118, 40.37012 ], [ -3.98467, 40.36739 ], [ -3.99051, 40.36373 ], [ -3.99404, 40.3637 ], [ -3.9964, 40.36368 ], [ -4.00108, 40.36184 ], [ -4.00575, 40.3591 ], [ -4.00694, 40.35999 ], [ -4.00696, 40.36089 ], [ -4.00697, 40.36179 ], [ -4.00698, 40.36269 ], [ -4.007, 40.36359 ], [ -4.00701, 40.36449 ], [ -4.00819, 40.36448 ], [ -4.01172, 40.36445 ], [ -4.01173, 40.36535 ], [ -4.01292, 40.36624 ], [ -4.01294, 40.36714 ], [ -4.01529, 40.36712 ], [ -4.01648, 40.36801 ], [ -4.01768, 40.3689 ], [ -4.01887, 40.36979 ], [ -4.02006, 40.37068 ], [ -4.02124, 40.37067 ], [ -4.02125, 40.37157 ], [ -4.02243, 40.37156 ], [ -4.02244, 40.37246 ], [ -4.02481, 40.37334 ], [ -4.02717, 40.37332 ], [ -4.02955, 40.3751 ], [ -4.02958, 40.3769 ], [ -4.03195, 40.37778 ], [ -4.03314, 40.37867 ], [ -4.03549, 40.37865 ], [ -4.03551, 40.37955 ], [ -4.0367, 40.38044 ], [ -4.03908, 40.38222 ], [ -4.04148, 40.38491 ], [ -4.04386, 40.38669 ], [ -4.04625, 40.38847 ], [ -4.04626, 40.38937 ] ] ] } },
{ "type": "Feature", "properties": { "ine_code": "28027", "name": "Buitrago del Lozoya" }, "geometry": { "type": "MultiPolygon", "coordinates": [ [ [ [ -3.66343, 40.99487 ], [ -3.66225, 40.99578 ], [ -3.66224, 40.99488 ], [ -3.66105, 40.99489 ], [ -3.65986, 40.99489 ], [ -3.65867, 40.9949 ], [ -3.65749, 40.99491 ], [ -3.6563, 40.99492 ], [ -3.65511, 40.99492 ], [ -3.65392, 40.99493 ], [ -3.65274, 40.99584 ], [ -3.65156, 40.99674 ], [ -3.65157, 40.99764 ], [ -3.65277, 40.99854 ], [ -3.65395, 40.99853 ], [ -3.65396, 40.99943 ], [ -3.65515, 40.99943 ], [ -3.65516, 41.00033 ], [ -3.65635, 41.00032 ], [ -3.65754, 41.00031 ], [ -3.65755, 41.00121 ], [ -3.65874, 41.00121 ], [ -3.65875, 41.00211 ], [ -3.65994, 41.0021 ], [ -3.65994, 41.003 ], [ -3.65876, 41.00301 ], [ -3.65876, 41.00391 ], [ -3.65758, 41.00392 ], [ -3.6564, 41.00482 ], [ -3.6564, 41.00572 ], [ -3.65641, 41.00663 ], [ -3.65642, 41.00753 ], [ -3.65523, 41.00753 ], [ -3.65404, 41.00754 ], [ -3.65404, 41.00664 ], [ -3.65285, 41.00665 ], [ -3.65284, 41.00574 ], [ -3.65283, 41.00484 ], [ -3.65282, 41.00394 ], [ -3.65281, 41.00304 ], [ -3.6528, 41.00214 ], [ -3.65161, 41.00215 ], [ -3.6516, 41.00125 ], [ -3.65041, 41.00125 ], [ -3.65042, 41.00216 ], [ -3.64923, 41.00216 ], [ -3.64924, 41.00306 ], [ -3.64806, 41.00397 ], [ -3.64568, 41.00308 ], [ -3.64449, 41.00309 ], [ -3.6433, 41.0031 ], [ -3.64331, 41.004 ], [ -3.64212, 41.004 ], [ -3.64211, 41.0031 ], [ -3.6421, 41.0022 ], [ -3.64091, 41.00221 ], [ -3.6409, 41.00131 ], [ -3.63971, 41.00131 ], [ -3.63852, 41.00132 ], [ -3.63734, 41.00133 ], [ -3.63734, 41.00223 ], [ -3.63616, 41.00223 ], [ -3.63497, 41.00224 ], [ -3.63498, 41.00314 ], [ -3.63379, 41.00315 ], [ -3.63379, 41.00405 ], [ -3.6338, 41.00495 ], [ -3.63381, 41.00585 ], [ -3.63382, 41.00675 ], [ -3.63383, 41.00765 ], [ -3.63264, 41.00766 ], [ -3.63386, 41.01035 ], [ -3.63386, 41.01126 ], [ -3.63387, 41.01216 ], [ -3.63507, 41.01305 ], [ -3.63508, 41.01395 ], [ -3.63509, 41.01485 ], [ -3.6351, 41.01575 ], [ -3.6351, 41.01665 ], [ -3.63392, 41.01666 ], [ -3.63392, 41.01756 ], [ -3.63511, 41.01755 ], [ -3.63512, 41.01846 ], [ -3.63631, 41.01845 ], [ -3.63632, 41.01935 ], [ -3.63513, 41.01936 ], [ -3.63514, 41.02026 ], [ -3.63515, 41.02116 ], [ -3.63396, 41.02116 ], [ -3.63276, 41.02027 ], [ -3.63157, 41.02028 ], [ -3.63038, 41.02028 ], [ -3.6292, 41.02119 ], [ -3.62801, 41.0212 ], [ -3.62802, 41.0221 ], [ -3.62683, 41.0221 ], [ -3.62684, 41.023 ], [ -3.62685, 41.02391 ], [ -3.62566, 41.02391 ], [ -3.62447, 41.02392 ], [ -3.62448, 41.02482 ], [ -3.62328, 41.02392 ], [ -3.62327, 41.02302 ], [ -3.62326, 41.02212 ], [ -3.62207, 41.02213 ], [ -3.62088, 41.02214 ], [ -3.6197, 41.02214 ], [ -3.61969, 41.02124 ], [ -3.6185, 41.02125 ], [ -3.61849, 41.02035 ], [ -3.61848, 41.01945 ], [ -3.61847, 41.01855 ], [ -3.61846, 41.01764 ], [ -3.61846, 41.01674 ], [ -3.61845, 41.01584 ], [ -3.61844, 41.01494 ], [ -3.61843, 41.01404 ], [ -3.61842, 41.01314 ], [ -3.6184, 41.01134 ], [ -3.61722, 41.01135 ], [ -3.61603, 41.01135 ], [ -3.61484, 41.01136 ], [ -3.61365, 41.01136 ], [ -3.61364, 41.01046 ], [ -3.61245, 41.01047 ], [ -3.61244, 41.00957 ], [ -3.61125, 41.00958 ], [ -3.61006, 41.00958 ], [ -3.60887, 41.00959 ], [ -3.60768, 41.00869 ], [ -3.60767, 41.00779 ], [ -3.60648, 41.0078 ], [ -3.60647, 41.0069 ], [ -3.60528, 41.00691 ], [ -3.60527, 41.006 ], [ -3.60409, 41.00601 ], [ -3.60408, 41.00511 ], [ -3.60407, 41.00421 ], [ -3.60406, 41.00331 ], [ -3.60287, 41.00331 ], [ -3.60286, 41.00241 ], [ -3.60167, 41.00152 ], [ -3.60166, 41.00062 ], [ -3.60047, 41.00062 ], [ -3.60046, 40.99972 ], [ -3.59926, 40.99883 ], [ -3.59807, 40.99884 ], [ -3.59689, 40.99884 ], [ -3.59569, 40.99795 ], [ -3.5945, 40.99795 ], [ -3.59331, 40.99796 ], [ -3.59212, 40.99797 ], [ -3.59093, 40.99797 ], [ -3.59092, 40.99707 ], [ -3.59092, 40.99617 ], [ -3.59091, 40.99527 ], [ -3.58972, 40.99528 ], [ -3.58853, 40.99528 ], [ -3.58733, 40.99439 ], [ -3.58615, 40.99439 ], [ -3.58495, 40.9935 ], [ -3.58376, 40.9935 ], [ -3.58256, 40.99261 ], [ -3.58255, 40.99171 ], [ -3.58255, 40.99081 ], [ -3.58136, 40.99081 ], [ -3.58017, 40.99082 ], [ -3.58016, 40.98992 ], [ -3.58015, 40.98902 ], [ -3.58015, 40.98812 ], [ -3.58133, 40.98721 ], [ -3.58132, 40.98631 ], [ -3.5825, 40.9854 ], [ -3.58249, 40.9845 ], [ -3.58368, 40.9845 ], [ -3.58367, 40.9836 ], [ -3.58366, 40.98269 ], [ -3.58485, 40.98269 ], [ -3.58603, 40.98178 ], [ -3.58722, 40.98178 ], [ -3.58841, 40.98177 ], [ -3.5896, 40.98176 ], [ -3.58961, 40.98266 ], [ -3.5908, 40.98266 ], [ -3.59198, 40.98265 ], [ -3.59317, 40.98265 ], [ -3.59436, 40.98264 ], [ -3.59556, 40.98353 ], [ -3.59675, 40.98353 ], [ -3.59794, 40.98352 ], [ -3.59912, 40.98262 ], [ -3.6003, 40.98171 ], [ -3.60148, 40.9808 ], [ -3.60267, 40.9808 ], [ -3.60266, 40.97989 ], [ -3.60144, 40.9772 ], [ -3.60263, 40.97629 ], [ -3.60381, 40.97628 ], [ -3.60381, 40.97538 ], [ -3.60499, 40.97538 ], [ -3.60617, 40.97447 ], [ -3.60617, 40.97357 ], [ -3.60735, 40.97356 ], [ -3.61092, 40.97355 ], [ -3.6133, 40.97353 ], [ -3.61449, 40.97353 ], [ -3.61567, 40.97262 ], [ -3.61685, 40.97261 ], [ -3.61685, 40.97171 ], [ -3.61803, 40.97171 ], [ -3.61803, 40.9708 ], [ -3.61921, 40.9708 ], [ -3.6204, 40.97079 ], [ -3.62159, 40.97079 ], [ -3.62278, 40.97078 ], [ -3.62397, 40.97077 ], [ -3.62396, 40.96987 ], [ -3.62395, 40.96897 ], [ -3.62394, 40.96807 ], [ -3.62512, 40.96716 ], [ -3.62511, 40.96626 ], [ -3.62629, 40.96536 ], [ -3.62747, 40.96445 ], [ -3.62747, 40.96355 ], [ -3.62865, 40.96354 ], [ -3.62982, 40.96173 ], [ -3.63338, 40.96081 ], [ -3.63574, 40.959 ], [ -3.6381, 40.95718 ], [ -3.64401, 40.95355 ], [ -3.64759, 40.95533 ], [ -3.65, 40.95892 ], [ -3.65238, 40.95981 ], [ -3.65357, 40.9598 ], [ -3.65358, 40.9607 ], [ -3.65359, 40.9616 ], [ -3.6536, 40.9625 ], [ -3.65361, 40.9634 ], [ -3.65362, 40.9643 ], [ -3.65363, 40.9652 ], [ -3.65363, 40.9661 ], [ -3.65246, 40.96701 ], [ -3.65246, 40.96791 ], [ -3.65247, 40.96881 ], [ -3.65129, 40.96972 ], [ -3.6513, 40.97062 ], [ -3.65131, 40.97152 ], [ -3.65012, 40.97153 ], [ -3.65013, 40.97243 ], [ -3.64895, 40.97334 ], [ -3.64896, 40.97424 ], [ -3.64777, 40.97424 ], [ -3.64778, 40.97515 ], [ -3.64779, 40.97605 ], [ -3.6478, 40.97695 ], [ -3.64899, 40.97694 ], [ -3.65018, 40.97693 ], [ -3.65136, 40.97693 ], [ -3.65254, 40.97602 ], [ -3.65373, 40.97601 ], [ -3.65491, 40.97511 ], [ -3.6549, 40.9742 ], [ -3.65609, 40.9742 ], [ -3.65608, 40.9733 ], [ -3.65727, 40.97329 ], [ -3.65728, 40.97419 ], [ -3.65729, 40.97509 ], [ -3.6573, 40.97599 ], [ -3.65731, 40.97689 ], [ -3.65732, 40.97779 ], [ -3.65732, 40.97869 ], [ -3.65615, 40.9796 ], [ -3.65496, 40.97961 ], [ -3.65497, 40.98051 ], [ -3.65497, 40.98141 ], [ -3.65616, 40.9814 ], [ -3.65617, 40.9823 ], [ -3.65737, 40.9832 ], [ -3.65738, 40.9841 ], [ -3.65857, 40.98409 ], [ -3.65858, 40.98499 ], [ -3.65859, 40.98589 ], [ -3.65978, 40.98679 ], [ -3.66097, 40.98678 ], [ -3.66216, 40.98677 ], [ -3.66335, 40.98677 ], [ -3.66455, 40.98766 ], [ -3.66574, 40.98765 ], [ -3.66574, 40.98856 ], [ -3.66693, 40.98855 ], [ -3.66694, 40.98945 ], [ -3.66695, 40.99035 ], [ -3.66814, 40.99034 ], [ -3.66815, 40.99124 ], [ -3.66816, 40.99214 ], [ -3.66817, 40.99305 ], [ -3.66699, 40.99395 ], [ -3.66581, 40.99486 ], [ -3.66582, 40.99576 ], [ -3.66463, 40.99577 ], [ -3.66343, 40.99487 ] ], [ [ -3.65041, 41.00035 ], [ -3.64922, 41.00036 ], [ -3.64923, 41.00126 ], [ -3.65041, 41.00125 ], [ -3.65041, 41.00035 ] ] ], [ [ [ -3.66114, 41.0039 ], [ -3.65995, 41.0039 ], [ -3.65994, 41.003 ], [ -3.66113, 41.00299 ], [ -3.66114, 41.0039 ] ] ] ] } },
{ "type": "Feature", "properties": { "ine_code": "28028", "name": "Bustarviejo" }, "geometry": { "type": "Polygon", "coordinates": [ [ [ -3.7877, 40.84726 ], [ -3.78771, 40.84816 ], [ -3.78772, 40.84906 ], [ -3.78654, 40.84907 ], [ -3.78418, 40.84998 ], [ -3.78419, 40.85089 ], [ -3.78538, 40.85178 ], [ -3.78421, 40.85269 ], [ -3.78423, 40.85449 ], [ -3.78424, 40.85539 ], [ -3.78188, 40.85631 ], [ -3.78069, 40.85631 ], [ -3.7807, 40.85721 ], [ -3.77953, 40.85812 ], [ -3.77835, 40.85903 ], [ -3.77717, 40.85994 ], [ -3.77599, 40.85995 ], [ -3.776, 40.86085 ], [ -3.77602, 40.86265 ], [ -3.77604, 40.86445 ], [ -3.77485, 40.86446 ], [ -3.77486, 40.86536 ], [ -3.77369, 40.86627 ], [ -3.7725, 40.86628 ], [ -3.77132, 40.86629 ], [ -3.77013, 40.86629 ], [ -3.76894, 40.8663 ], [ -3.76776, 40.86631 ], [ -3.76657, 40.86632 ], [ -3.76658, 40.86722 ], [ -3.76422, 40.86814 ], [ -3.76423, 40.86904 ], [ -3.76304, 40.86904 ], [ -3.76185, 40.86905 ], [ -3.76067, 40.86906 ], [ -3.76066, 40.86816 ], [ -3.75947, 40.86817 ], [ -3.75828, 40.86817 ], [ -3.75709, 40.86728 ], [ -3.7559, 40.86729 ], [ -3.75471, 40.8673 ], [ -3.75353, 40.8673 ], [ -3.75234, 40.86731 ], [ -3.75115, 40.86732 ], [ -3.75116, 40.86822 ], [ -3.7488, 40.86914 ], [ -3.74762, 40.87005 ], [ -3.74644, 40.87005 ], [ -3.74527, 40.87186 ], [ -3.7441, 40.87277 ], [ -3.74172, 40.87279 ], [ -3.73937, 40.8746 ], [ -3.73818, 40.87461 ], [ -3.73699, 40.87372 ], [ -3.73461, 40.87373 ], [ -3.73223, 40.87285 ], [ -3.72986, 40.87286 ], [ -3.72867, 40.87287 ], [ -3.72629, 40.87198 ], [ -3.72509, 40.87109 ], [ -3.72273, 40.87201 ], [ -3.72157, 40.87472 ], [ -3.72039, 40.87562 ], [ -3.71803, 40.87654 ], [ -3.71565, 40.87655 ], [ -3.71447, 40.87656 ], [ -3.71328, 40.87657 ], [ -3.71091, 40.87658 ], [ -3.71092, 40.87748 ], [ -3.70854, 40.8775 ], [ -3.70498, 40.87752 ], [ -3.7038, 40.87753 ], [ -3.70025, 40.87845 ], [ -3.69789, 40.88027 ], [ -3.6967, 40.88027 ], [ -3.69552, 40.88028 ], [ -3.69433, 40.88029 ], [ -3.68952, 40.87401 ], [ -3.68472, 40.86954 ], [ -3.68352, 40.86774 ], [ -3.6835, 40.86594 ], [ -3.68347, 40.86324 ], [ -3.68104, 40.85785 ], [ -3.67867, 40.85786 ], [ -3.67983, 40.85515 ], [ -3.68098, 40.85154 ], [ -3.67976, 40.84794 ], [ -3.67854, 40.84525 ], [ -3.67614, 40.84256 ], [ -3.67613, 40.84166 ], [ -3.67611, 40.83896 ], [ -3.67371, 40.83627 ], [ -3.67131, 40.83358 ], [ -3.67841, 40.83264 ], [ -3.6796, 40.83263 ], [ -3.67959, 40.83173 ], [ -3.67958, 40.83083 ], [ -3.68077, 40.83082 ], [ -3.68195, 40.83082 ], [ -3.68314, 40.83081 ], [ -3.68313, 40.82991 ], [ -3.68432, 40.8299 ], [ -3.6855, 40.82989 ], [ -3.68668, 40.82899 ], [ -3.68787, 40.82898 ], [ -3.68904, 40.82807 ], [ -3.69023, 40.82806 ], [ -3.69022, 40.82716 ], [ -3.6914, 40.82716 ], [ -3.69259, 40.82715 ], [ -3.69258, 40.82625 ], [ -3.69377, 40.82624 ], [ -3.69495, 40.82623 ], [ -3.69613, 40.82533 ], [ -3.69731, 40.82532 ], [ -3.6985, 40.82531 ], [ -3.69969, 40.8253 ], [ -3.70086, 40.8244 ], [ -3.70084, 40.82259 ], [ -3.70079, 40.81719 ], [ -3.70195, 40.81538 ], [ -3.70069, 40.80818 ], [ -3.70179, 40.80007 ], [ -3.70298, 40.80006 ], [ -3.70297, 40.79916 ], [ -3.70415, 40.79915 ], [ -3.70534, 40.79915 ], [ -3.70652, 40.79914 ], [ -3.70771, 40.79913 ], [ -3.70889, 40.79822 ], [ -3.71007, 40.79822 ], [ -3.71126, 40.79821 ], [ -3.71125, 40.79731 ], [ -3.71243, 40.7973 ], [ -3.71362, 40.79729 ], [ -3.71361, 40.79639 ], [ -3.71479, 40.79638 ], [ -3.71478, 40.79548 ], [ -3.71597, 40.79548 ], [ -3.71596, 40.79458 ], [ -3.71714, 40.79457 ], [ -3.71951, 40.79455 ], [ -3.71952, 40.79545 ], [ -3.72071, 40.79545 ], [ -3.72072, 40.79635 ], [ -3.7219, 40.79634 ], [ -3.72191, 40.79724 ], [ -3.7231, 40.79723 ], [ -3.72311, 40.79813 ], [ -3.72429, 40.79813 ], [ -3.7243, 40.79903 ], [ -3.72431, 40.79993 ], [ -3.72432, 40.80083 ], [ -3.72551, 40.80082 ], [ -3.72669, 40.80081 ], [ -3.72788, 40.80081 ], [ -3.72789, 40.80171 ], [ -3.72908, 40.8017 ], [ -3.72909, 40.8026 ], [ -3.73027, 40.80259 ], [ -3.73146, 40.80259 ], [ -3.73264, 40.80258 ], [ -3.73265, 40.80348 ], [ -3.73384, 40.80347 ], [ -3.73385, 40.80437 ], [ -3.73386, 40.80527 ], [ -3.73504, 40.80527 ], [ -3.73623, 40.80526 ], [ -3.73741, 40.80525 ], [ -3.7386, 40.80524 ], [ -3.73978, 40.80524 ], [ -3.74097, 40.80523 ], [ -3.74215, 40.80522 ], [ -3.74216, 40.80612 ], [ -3.74335, 40.80611 ], [ -3.74454, 40.80611 ], [ -3.74455, 40.80701 ], [ -3.74573, 40.807 ], [ -3.74574, 40.8079 ], [ -3.74456, 40.80791 ], [ -3.74457, 40.80881 ], [ -3.74575, 40.8088 ], [ -3.74695, 40.80969 ], [ -3.74696, 40.81059 ], [ -3.74697, 40.8115 ], [ -3.75175, 40.81507 ], [ -3.75294, 40.81506 ], [ -3.75415, 40.81775 ], [ -3.75534, 40.81775 ], [ -3.75653, 40.81864 ], [ -3.75773, 40.81953 ], [ -3.75893, 40.82043 ], [ -3.76012, 40.82132 ], [ -3.76131, 40.82131 ], [ -3.76132, 40.82221 ], [ -3.7625, 40.8222 ], [ -3.76251, 40.8231 ], [ -3.7637, 40.8231 ], [ -3.7649, 40.82399 ], [ -3.76608, 40.82398 ], [ -3.76609, 40.82488 ], [ -3.76728, 40.82487 ], [ -3.76846, 40.82487 ], [ -3.76847, 40.82577 ], [ -3.77322, 40.82574 ], [ -3.77323, 40.82664 ], [ -3.77441, 40.82663 ], [ -3.77442, 40.82753 ], [ -3.77562, 40.82842 ], [ -3.77681, 40.82841 ], [ -3.77682, 40.82931 ], [ -3.778, 40.82931 ], [ -3.77801, 40.83021 ], [ -3.7792, 40.8302 ], [ -3.77921, 40.8311 ], [ -3.7804, 40.83109 ], [ -3.78041, 40.83199 ], [ -3.77922, 40.832 ], [ -3.77923, 40.8329 ], [ -3.78042, 40.83289 ], [ -3.78043, 40.83379 ], [ -3.78162, 40.83469 ], [ -3.78163, 40.83559 ], [ -3.78282, 40.83558 ], [ -3.78283, 40.83648 ], [ -3.78403, 40.83737 ], [ -3.78521, 40.83737 ], [ -3.78522, 40.83827 ], [ -3.78523, 40.83917 ], [ -3.78525, 40.84007 ], [ -3.78526, 40.84097 ], [ -3.78527, 40.84187 ], [ -3.78645, 40.84186 ], [ -3.78646, 40.84276 ], [ -3.78647, 40.84366 ], [ -3.78767, 40.84456 ], [ -3.79005, 40.84544 ], [ -3.78888, 40.84635 ], [ -3.7877, 40.84726 ] ] ] } },
{ "type": "Feature", "properties": { "ine_code": "28029", "name": "Cabanillas de la Sierra" }, "geometry": { "type": "Polygon", "coordinates": [ [ [ -3.65917, 40.80572 ], [ -3.658, 40.80663 ], [ -3.65682, 40.80754 ], [ -3.65564, 40.80845 ], [ -3.65565, 40.80935 ], [ -3.65566, 40.81025 ], [ -3.65448, 40.81116 ], [ -3.65449, 40.81206 ], [ -3.6545, 40.81296 ], [ -3.65451, 40.81386 ], [ -3.65452, 40.81476 ], [ -3.65453, 40.81566 ], [ -3.65454, 40.81746 ], [ -3.65455, 40.81836 ], [ -3.65338, 40.81927 ], [ -3.65339, 40.82017 ], [ -3.65339, 40.82107 ], [ -3.65222, 40.82198 ], [ -3.65223, 40.82288 ], [ -3.65224, 40.82378 ], [ -3.65107, 40.82559 ], [ -3.65345, 40.82648 ], [ -3.65347, 40.82828 ], [ -3.65347, 40.82918 ], [ -3.65349, 40.83098 ], [ -3.6535, 40.83188 ], [ -3.65351, 40.83278 ], [ -3.65352, 40.83368 ], [ -3.65233, 40.83369 ], [ -3.65234, 40.83459 ], [ -3.65116, 40.8346 ], [ -3.65116, 40.8355 ], [ -3.64999, 40.83641 ], [ -3.65, 40.83731 ], [ -3.65, 40.83821 ], [ -3.65001, 40.83911 ], [ -3.65002, 40.84001 ], [ -3.65122, 40.8409 ], [ -3.65123, 40.8418 ], [ -3.6489, 40.84632 ], [ -3.64772, 40.84723 ], [ -3.64654, 40.84814 ], [ -3.64537, 40.84904 ], [ -3.64302, 40.85176 ], [ -3.64183, 40.85177 ], [ -3.64182, 40.85086 ], [ -3.64063, 40.84997 ], [ -3.63943, 40.84908 ], [ -3.63824, 40.84818 ], [ -3.63704, 40.84729 ], [ -3.63586, 40.84729 ], [ -3.63585, 40.84639 ], [ -3.63347, 40.84551 ], [ -3.63228, 40.84551 ], [ -3.6299, 40.84462 ], [ -3.62871, 40.84373 ], [ -3.62632, 40.84194 ], [ -3.62512, 40.84105 ], [ -3.62156, 40.84107 ], [ -3.62038, 40.84107 ], [ -3.61918, 40.84018 ], [ -3.61682, 40.84109 ], [ -3.61681, 40.84019 ], [ -3.6168, 40.83929 ], [ -3.61679, 40.83839 ], [ -3.61679, 40.83749 ], [ -3.61797, 40.83748 ], [ -3.61796, 40.83658 ], [ -3.61796, 40.83568 ], [ -3.61677, 40.83569 ], [ -3.61676, 40.83479 ], [ -3.61557, 40.83389 ], [ -3.61437, 40.833 ], [ -3.61436, 40.8321 ], [ -3.61315, 40.8294 ], [ -3.61075, 40.82581 ], [ -3.60955, 40.82401 ], [ -3.60834, 40.82222 ], [ -3.60952, 40.82131 ], [ -3.61305, 40.81859 ], [ -3.61423, 40.81768 ], [ -3.61421, 40.81498 ], [ -3.61419, 40.81318 ], [ -3.61297, 40.80958 ], [ -3.61535, 40.81047 ], [ -3.61653, 40.80956 ], [ -3.6177, 40.80866 ], [ -3.62482, 40.80862 ], [ -3.626, 40.80861 ], [ -3.62719, 40.80861 ], [ -3.62957, 40.80949 ], [ -3.63075, 40.80949 ], [ -3.63194, 40.80948 ], [ -3.63313, 40.80947 ], [ -3.63432, 40.81037 ], [ -3.6355, 40.81036 ], [ -3.63551, 40.81126 ], [ -3.63671, 40.81216 ], [ -3.63789, 40.81215 ], [ -3.63907, 40.81124 ], [ -3.63906, 40.81034 ], [ -3.64022, 40.80763 ], [ -3.64258, 40.80672 ], [ -3.64376, 40.80581 ], [ -3.64375, 40.80491 ], [ -3.64611, 40.804 ], [ -3.64848, 40.80308 ], [ -3.64965, 40.80217 ], [ -3.65083, 40.80127 ], [ -3.65204, 40.80396 ], [ -3.65679, 40.80484 ], [ -3.65798, 40.80483 ], [ -3.65916, 40.80482 ], [ -3.65917, 40.80572 ] ] ] } },
{ "type": "Feature", "properties": { "ine_code": "28030", "name": "La Cabrera" }, "geometry": { "type": "Polygon", "coordinates": [ [ [ -3.64448, 40.87968 ], [ -3.63973, 40.8797 ], [ -3.63735, 40.87972 ], [ -3.6338, 40.88064 ], [ -3.62788, 40.88157 ], [ -3.6267, 40.88248 ], [ -3.62195, 40.8825 ], [ -3.61957, 40.88161 ], [ -3.61484, 40.88344 ], [ -3.61011, 40.88527 ], [ -3.60774, 40.88618 ], [ -3.60538, 40.88709 ], [ -3.59945, 40.88803 ], [ -3.59825, 40.88713 ], [ -3.59825, 40.88623 ], [ -3.59824, 40.88533 ], [ -3.59823, 40.88443 ], [ -3.59582, 40.87994 ], [ -3.59461, 40.87814 ], [ -3.59342, 40.87725 ], [ -3.59222, 40.87635 ], [ -3.59103, 40.87546 ], [ -3.59102, 40.87456 ], [ -3.59101, 40.87366 ], [ -3.58983, 40.87366 ], [ -3.58744, 40.87187 ], [ -3.58623, 40.86918 ], [ -3.58622, 40.86828 ], [ -3.58382, 40.86559 ], [ -3.58262, 40.86379 ], [ -3.58023, 40.862 ], [ -3.57783, 40.85931 ], [ -3.57544, 40.85662 ], [ -3.57305, 40.85483 ], [ -3.57185, 40.85303 ], [ -3.57184, 40.85213 ], [ -3.57065, 40.85124 ], [ -3.57182, 40.85033 ], [ -3.573, 40.84942 ], [ -3.57419, 40.84942 ], [ -3.57537, 40.84941 ], [ -3.57655, 40.84851 ], [ -3.57774, 40.8485 ], [ -3.57893, 40.84849 ], [ -3.58485, 40.84756 ], [ -3.58604, 40.84756 ], [ -3.58722, 40.84755 ], [ -3.58959, 40.84664 ], [ -3.59077, 40.84663 ], [ -3.5967, 40.8466 ], [ -3.59907, 40.84569 ], [ -3.60497, 40.84206 ], [ -3.60734, 40.84204 ], [ -3.60971, 40.84203 ], [ -3.61208, 40.84202 ], [ -3.61327, 40.84201 ], [ -3.61445, 40.8411 ], [ -3.61563, 40.8411 ], [ -3.61682, 40.84109 ], [ -3.61918, 40.84018 ], [ -3.62038, 40.84107 ], [ -3.62156, 40.84107 ], [ -3.62512, 40.84105 ], [ -3.62632, 40.84194 ], [ -3.62871, 40.84373 ], [ -3.6299, 40.84462 ], [ -3.63228, 40.84551 ], [ -3.63347, 40.84551 ], [ -3.63585, 40.84639 ], [ -3.63586, 40.84729 ], [ -3.63704, 40.84729 ], [ -3.63824, 40.84818 ], [ -3.63943, 40.84908 ], [ -3.64063, 40.84997 ], [ -3.64182, 40.85086 ], [ -3.64183, 40.85177 ], [ -3.64302, 40.85176 ], [ -3.64304, 40.85356 ], [ -3.64306, 40.85626 ], [ -3.64308, 40.85806 ], [ -3.64427, 40.85896 ], [ -3.64428, 40.85986 ], [ -3.6443, 40.86166 ], [ -3.64432, 40.86346 ], [ -3.64433, 40.86436 ], [ -3.64553, 40.86616 ], [ -3.64554, 40.86706 ], [ -3.64674, 40.86795 ], [ -3.64674, 40.86885 ], [ -3.64795, 40.87065 ], [ -3.64796, 40.87155 ], [ -3.64797, 40.87245 ], [ -3.64798, 40.87425 ], [ -3.64799, 40.87515 ], [ -3.648, 40.87605 ], [ -3.64801, 40.87695 ], [ -3.65041, 40.87964 ], [ -3.64448, 40.87968 ] ] ] } },
{ "type": "Feature", "properties": { "ine_code": "28031", "name": "Cadalso de los Vidrios" }, "geometry": { "type": "Polygon", "coordinates": [ [ [ -4.49507, 40.27903 ], [ -4.49509, 40.27993 ], [ -4.49626, 40.27992 ], [ -4.49628, 40.28082 ], [ -4.49746, 40.2808 ], [ -4.49864, 40.28079 ], [ -4.49981, 40.28077 ], [ -4.49983, 40.28167 ], [ -4.50101, 40.28166 ], [ -4.50218, 40.28164 ], [ -4.50336, 40.28163 ], [ -4.50338, 40.28253 ], [ -4.50456, 40.28251 ], [ -4.50573, 40.2825 ], [ -4.50575, 40.2834 ], [ -4.50458, 40.28341 ], [ -4.5046, 40.28431 ], [ -4.50342, 40.28433 ], [ -4.50226, 40.28524 ], [ -4.50109, 40.28526 ], [ -4.50111, 40.28616 ], [ -4.49993, 40.28618 ], [ -4.49995, 40.28708 ], [ -4.49877, 40.28709 ], [ -4.49879, 40.28799 ], [ -4.49762, 40.28801 ], [ -4.49644, 40.28802 ], [ -4.49646, 40.28892 ], [ -4.49529, 40.28894 ], [ -4.49411, 40.28895 ], [ -4.49295, 40.28987 ], [ -4.4918, 40.29079 ], [ -4.49062, 40.2908 ], [ -4.49064, 40.2917 ], [ -4.48947, 40.29172 ], [ -4.48949, 40.29262 ], [ -4.48831, 40.29263 ], [ -4.48713, 40.29265 ], [ -4.48715, 40.29355 ], [ -4.486, 40.29446 ], [ -4.48602, 40.29536 ], [ -4.48484, 40.29538 ], [ -4.48486, 40.29628 ], [ -4.48368, 40.2963 ], [ -4.48251, 40.29631 ], [ -4.48253, 40.29721 ], [ -4.48135, 40.29723 ], [ -4.48137, 40.29813 ], [ -4.48019, 40.29814 ], [ -4.48021, 40.29904 ], [ -4.47904, 40.29906 ], [ -4.47786, 40.29907 ], [ -4.47668, 40.29909 ], [ -4.4767, 40.29999 ], [ -4.47553, 40.3 ], [ -4.47555, 40.3009 ], [ -4.47437, 40.30092 ], [ -4.47439, 40.30182 ], [ -4.47557, 40.3018 ], [ -4.47559, 40.30271 ], [ -4.47561, 40.30361 ], [ -4.47563, 40.30451 ], [ -4.47445, 40.30452 ], [ -4.47327, 40.30454 ], [ -4.47329, 40.30544 ], [ -4.47214, 40.30635 ], [ -4.47096, 40.30637 ], [ -4.47098, 40.30727 ], [ -4.4698, 40.30728 ], [ -4.46863, 40.3073 ], [ -4.46865, 40.3082 ], [ -4.46747, 40.30821 ], [ -4.46629, 40.30823 ], [ -4.46631, 40.30913 ], [ -4.46633, 40.31003 ], [ -4.46751, 40.31001 ], [ -4.46753, 40.31092 ], [ -4.46755, 40.31182 ], [ -4.46757, 40.31272 ], [ -4.46876, 40.3136 ], [ -4.46878, 40.3145 ], [ -4.4688, 40.3154 ], [ -4.46763, 40.31542 ], [ -4.46645, 40.31543 ], [ -4.46647, 40.31633 ], [ -4.46649, 40.31723 ], [ -4.46766, 40.31722 ], [ -4.46768, 40.31812 ], [ -4.46886, 40.31811 ], [ -4.46884, 40.31721 ], [ -4.47002, 40.31719 ], [ -4.47121, 40.31808 ], [ -4.47241, 40.31896 ], [ -4.47243, 40.31986 ], [ -4.46772, 40.31992 ], [ -4.46653, 40.31904 ], [ -4.46533, 40.31815 ], [ -4.46415, 40.31817 ], [ -4.463, 40.31908 ], [ -4.46182, 40.3191 ], [ -4.45947, 40.31913 ], [ -4.45711, 40.31916 ], [ -4.45594, 40.31917 ], [ -4.45596, 40.32007 ], [ -4.45598, 40.32097 ], [ -4.456, 40.32187 ], [ -4.45482, 40.32189 ], [ -4.45484, 40.32279 ], [ -4.45368, 40.3237 ], [ -4.4537, 40.3246 ], [ -4.45374, 40.3264 ], [ -4.45262, 40.32912 ], [ -4.45387, 40.33271 ], [ -4.45152, 40.33274 ], [ -4.4503, 40.33095 ], [ -4.44674, 40.3292 ], [ -4.44556, 40.32921 ], [ -4.44436, 40.32832 ], [ -4.44201, 40.32835 ], [ -4.43966, 40.32838 ], [ -4.43377, 40.32846 ], [ -4.43259, 40.32847 ], [ -4.4291, 40.33032 ], [ -4.42793, 40.33033 ], [ -4.42675, 40.33034 ], [ -4.42557, 40.33036 ], [ -4.4244, 40.33037 ], [ -4.42441, 40.33127 ], [ -4.42206, 40.3313 ], [ -4.41855, 40.33225 ], [ -4.415, 40.33139 ], [ -4.41263, 40.33052 ], [ -4.4079, 40.32967 ], [ -4.40672, 40.32969 ], [ -4.40316, 40.32793 ], [ -4.40196, 40.32704 ], [ -4.39602, 40.32441 ], [ -4.39128, 40.32267 ], [ -4.38651, 40.32002 ], [ -4.38297, 40.31916 ], [ -4.38059, 40.31829 ], [ -4.3794, 40.31741 ], [ -4.37938, 40.3165 ], [ -4.3782, 40.31652 ], [ -4.37819, 40.31562 ], [ -4.37817, 40.31472 ], [ -4.37815, 40.31382 ], [ -4.37933, 40.3138 ], [ -4.3805, 40.31379 ], [ -4.38048, 40.31289 ], [ -4.38166, 40.31287 ], [ -4.38164, 40.31197 ], [ -4.38162, 40.31107 ], [ -4.38161, 40.31017 ], [ -4.38278, 40.31016 ], [ -4.38276, 40.30926 ], [ -4.38394, 40.30924 ], [ -4.38392, 40.30834 ], [ -4.38275, 40.30836 ], [ -4.38157, 40.30837 ], [ -4.38155, 40.30747 ], [ -4.38271, 40.30656 ], [ -4.38269, 40.30565 ], [ -4.38387, 40.30564 ], [ -4.38385, 40.30474 ], [ -4.38502, 40.30473 ], [ -4.38501, 40.30383 ], [ -4.38499, 40.30292 ], [ -4.38616, 40.30291 ], [ -4.38615, 40.30201 ], [ -4.38732, 40.302 ], [ -4.3873, 40.30109 ], [ -4.38613, 40.30111 ], [ -4.38611, 40.30021 ], [ -4.38493, 40.30022 ], [ -4.38376, 40.30024 ], [ -4.38374, 40.29934 ], [ -4.38372, 40.29844 ], [ -4.3837, 40.29753 ], [ -4.38368, 40.29663 ], [ -4.38486, 40.29662 ], [ -4.38484, 40.29572 ], [ -4.38482, 40.29482 ], [ -4.3848, 40.29392 ], [ -4.38479, 40.29302 ], [ -4.38477, 40.29212 ], [ -4.38475, 40.29122 ], [ -4.38473, 40.29032 ], [ -4.38471, 40.28941 ], [ -4.38354, 40.28943 ], [ -4.38469, 40.28851 ], [ -4.38585, 40.2876 ], [ -4.38936, 40.28666 ], [ -4.39054, 40.28664 ], [ -4.39289, 40.28661 ], [ -4.39407, 40.2866 ], [ -4.3964, 40.28567 ], [ -4.39756, 40.28476 ], [ -4.40103, 40.28201 ], [ -4.40333, 40.27928 ], [ -4.40446, 40.27746 ], [ -4.40562, 40.27655 ], [ -4.40678, 40.27563 ], [ -4.40792, 40.27382 ], [ -4.40909, 40.2738 ], [ -4.41027, 40.27379 ], [ -4.41143, 40.27288 ], [ -4.41258, 40.27196 ], [ -4.41256, 40.27106 ], [ -4.41374, 40.27105 ], [ -4.41372, 40.27014 ], [ -4.4149, 40.27013 ], [ -4.41721, 40.2683 ], [ -4.41719, 40.2674 ], [ -4.41837, 40.26739 ], [ -4.41835, 40.26648 ], [ -4.41953, 40.26647 ], [ -4.41951, 40.26557 ], [ -4.41949, 40.26467 ], [ -4.42066, 40.26465 ], [ -4.42182, 40.26374 ], [ -4.42415, 40.26281 ], [ -4.42531, 40.26189 ], [ -4.42649, 40.26188 ], [ -4.42647, 40.26098 ], [ -4.42762, 40.26006 ], [ -4.42643, 40.25918 ], [ -4.42641, 40.25828 ], [ -4.42759, 40.25826 ], [ -4.42876, 40.25825 ], [ -4.42878, 40.25915 ], [ -4.42996, 40.25913 ], [ -4.43113, 40.25912 ], [ -4.43231, 40.25911 ], [ -4.43348, 40.25909 ], [ -4.43466, 40.25908 ], [ -4.43828, 40.26354 ], [ -4.43947, 40.26442 ], [ -4.44067, 40.26531 ], [ -4.44423, 40.26707 ], [ -4.44664, 40.26974 ], [ -4.44784, 40.27062 ], [ -4.44786, 40.27152 ], [ -4.44905, 40.27241 ], [ -4.45025, 40.2733 ], [ -4.45142, 40.27328 ], [ -4.45262, 40.27417 ], [ -4.45379, 40.27415 ], [ -4.45617, 40.27502 ], [ -4.45619, 40.27592 ], [ -4.46212, 40.27855 ], [ -4.4633, 40.27854 ], [ -4.46567, 40.27941 ], [ -4.46804, 40.28028 ], [ -4.47041, 40.28115 ], [ -4.47396, 40.28201 ], [ -4.47514, 40.28199 ], [ -4.47751, 40.28286 ], [ -4.47868, 40.28285 ], [ -4.47866, 40.28195 ], [ -4.48217, 40.281 ], [ -4.48448, 40.27917 ], [ -4.48799, 40.27822 ], [ -4.48919, 40.27911 ], [ -4.49152, 40.27818 ], [ -4.49387, 40.27815 ], [ -4.49507, 40.27903 ] ] ] } },
{ "type": "Feature", "properties": { "ine_code": "28032", "name": "Camarma de Esteruelas" }, "geometry": { "type": "Polygon", "coordinates": [ [ [ -3.4157, 40.54651 ], [ -3.41454, 40.54831 ], [ -3.41335, 40.54832 ], [ -3.41218, 40.54922 ], [ -3.40981, 40.54833 ], [ -3.40864, 40.54923 ], [ -3.40747, 40.55104 ], [ -3.40513, 40.55465 ], [ -3.40277, 40.55556 ], [ -3.40159, 40.55557 ], [ -3.40159, 40.55647 ], [ -3.40042, 40.55737 ], [ -3.39924, 40.55828 ], [ -3.40516, 40.56096 ], [ -3.4028, 40.56097 ], [ -3.40282, 40.56457 ], [ -3.40165, 40.56638 ], [ -3.40166, 40.56728 ], [ -3.39931, 40.56909 ], [ -3.39931, 40.56999 ], [ -3.39697, 40.5736 ], [ -3.39579, 40.5745 ], [ -3.3946, 40.57271 ], [ -3.39341, 40.57181 ], [ -3.39223, 40.57181 ], [ -3.39105, 40.57182 ], [ -3.39106, 40.57272 ], [ -3.3887, 40.57453 ], [ -3.38872, 40.57633 ], [ -3.38872, 40.57723 ], [ -3.38873, 40.57813 ], [ -3.38873, 40.57903 ], [ -3.38755, 40.57994 ], [ -3.38637, 40.57994 ], [ -3.38284, 40.58266 ], [ -3.38285, 40.58446 ], [ -3.38167, 40.58446 ], [ -3.38405, 40.58716 ], [ -3.38288, 40.58896 ], [ -3.38288, 40.58986 ], [ -3.38524, 40.58895 ], [ -3.38526, 40.59166 ], [ -3.38526, 40.59256 ], [ -3.38527, 40.59346 ], [ -3.38409, 40.59436 ], [ -3.3841, 40.59616 ], [ -3.38411, 40.59707 ], [ -3.3853, 40.59886 ], [ -3.38412, 40.59887 ], [ -3.38412, 40.59977 ], [ -3.38413, 40.60067 ], [ -3.38413, 40.60157 ], [ -3.38414, 40.60247 ], [ -3.38533, 40.60337 ], [ -3.38533, 40.60427 ], [ -3.38415, 40.60427 ], [ -3.3818, 40.60608 ], [ -3.38298, 40.60698 ], [ -3.38181, 40.60788 ], [ -3.37944, 40.60699 ], [ -3.37707, 40.607 ], [ -3.37707, 40.6061 ], [ -3.37589, 40.6061 ], [ -3.37235, 40.60791 ], [ -3.36998, 40.60702 ], [ -3.36879, 40.60612 ], [ -3.36761, 40.60523 ], [ -3.36287, 40.60344 ], [ -3.36169, 40.60344 ], [ -3.35814, 40.60255 ], [ -3.35577, 40.60166 ], [ -3.3534, 40.60167 ], [ -3.35222, 40.60167 ], [ -3.34986, 40.60168 ], [ -3.34868, 40.60168 ], [ -3.34749, 40.60079 ], [ -3.3463, 40.59989 ], [ -3.34512, 40.59989 ], [ -3.34393, 40.59899 ], [ -3.34393, 40.59809 ], [ -3.34156, 40.5972 ], [ -3.3392, 40.59721 ], [ -3.33919, 40.59631 ], [ -3.33802, 40.59721 ], [ -3.33682, 40.59451 ], [ -3.33681, 40.59181 ], [ -3.33798, 40.5909 ], [ -3.33917, 40.5927 ], [ -3.34035, 40.5918 ], [ -3.34152, 40.58999 ], [ -3.34034, 40.5891 ], [ -3.34269, 40.58639 ], [ -3.34268, 40.58548 ], [ -3.34504, 40.58368 ], [ -3.34621, 40.58277 ], [ -3.3474, 40.58277 ], [ -3.34739, 40.58187 ], [ -3.34739, 40.58097 ], [ -3.34502, 40.58007 ], [ -3.34384, 40.58098 ], [ -3.34147, 40.57918 ], [ -3.34146, 40.57828 ], [ -3.34265, 40.57828 ], [ -3.34382, 40.57737 ], [ -3.34618, 40.57556 ], [ -3.34499, 40.57467 ], [ -3.34499, 40.57377 ], [ -3.34617, 40.57376 ], [ -3.34616, 40.57286 ], [ -3.34734, 40.57286 ], [ -3.34971, 40.57375 ], [ -3.35089, 40.57285 ], [ -3.35441, 40.56923 ], [ -3.35205, 40.56924 ], [ -3.35323, 40.56834 ], [ -3.35441, 40.56833 ], [ -3.35678, 40.56923 ], [ -3.35794, 40.56652 ], [ -3.3603, 40.56561 ], [ -3.36265, 40.5629 ], [ -3.36383, 40.562 ], [ -3.36027, 40.56021 ], [ -3.36263, 40.5584 ], [ -3.35906, 40.5548 ], [ -3.35787, 40.55301 ], [ -3.35787, 40.55211 ], [ -3.35905, 40.5521 ], [ -3.36023, 40.5521 ], [ -3.35904, 40.5503 ], [ -3.35667, 40.54941 ], [ -3.35667, 40.54851 ], [ -3.35547, 40.54581 ], [ -3.35546, 40.54401 ], [ -3.35427, 40.54221 ], [ -3.35308, 40.53951 ], [ -3.35068, 40.53321 ], [ -3.35067, 40.53141 ], [ -3.35067, 40.53051 ], [ -3.35183, 40.5269 ], [ -3.35419, 40.52599 ], [ -3.36007, 40.52327 ], [ -3.36362, 40.52326 ], [ -3.36362, 40.52416 ], [ -3.36363, 40.52506 ], [ -3.36363, 40.52596 ], [ -3.36482, 40.52686 ], [ -3.36719, 40.52865 ], [ -3.37072, 40.52774 ], [ -3.37309, 40.52773 ], [ -3.37427, 40.52863 ], [ -3.37663, 40.52772 ], [ -3.37781, 40.52862 ], [ -3.38253, 40.5277 ], [ -3.38607, 40.52679 ], [ -3.3896, 40.52498 ], [ -3.39314, 40.52406 ], [ -3.39905, 40.52675 ], [ -3.40495, 40.52582 ], [ -3.40613, 40.52582 ], [ -3.40614, 40.52672 ], [ -3.40614, 40.52762 ], [ -3.40615, 40.52852 ], [ -3.40615, 40.52942 ], [ -3.40734, 40.53032 ], [ -3.41206, 40.5303 ], [ -3.41208, 40.53301 ], [ -3.4121, 40.53571 ], [ -3.41328, 40.5357 ], [ -3.41801, 40.53659 ], [ -3.41801, 40.53749 ], [ -3.41685, 40.5402 ], [ -3.41567, 40.5411 ], [ -3.41686, 40.5429 ], [ -3.4145, 40.54291 ], [ -3.4157, 40.54561 ], [ -3.4157, 40.54651 ] ] ] } },
{ "type": "Feature", "properties": { "ine_code": "28033", "name": "Campo Real" }, "geometry": { "type": "Polygon", "coordinates": [ [ [ -3.42039, 40.35099 ], [ -3.41569, 40.35191 ], [ -3.41333, 40.35192 ], [ -3.4098, 40.35193 ], [ -3.40863, 40.35284 ], [ -3.4051, 40.35375 ], [ -3.40393, 40.35466 ], [ -3.40394, 40.35646 ], [ -3.40276, 40.35646 ], [ -3.40041, 40.35737 ], [ -3.39806, 40.35918 ], [ -3.39454, 40.36009 ], [ -3.39336, 40.3601 ], [ -3.39335, 40.3592 ], [ -3.39218, 40.3592 ], [ -3.391, 40.3592 ], [ -3.38982, 40.35921 ], [ -3.38864, 40.35921 ], [ -3.38865, 40.36011 ], [ -3.38747, 40.36012 ], [ -3.38629, 40.36012 ], [ -3.38512, 40.36013 ], [ -3.38512, 40.36103 ], [ -3.38394, 40.36103 ], [ -3.38276, 40.36103 ], [ -3.38277, 40.36193 ], [ -3.38041, 40.36194 ], [ -3.37924, 40.36285 ], [ -3.37689, 40.36285 ], [ -3.37453, 40.36286 ], [ -3.37217, 40.36197 ], [ -3.37217, 40.36107 ], [ -3.37216, 40.36017 ], [ -3.36745, 40.36108 ], [ -3.36628, 40.36109 ], [ -3.36157, 40.362 ], [ -3.35568, 40.36202 ], [ -3.35214, 40.36023 ], [ -3.34978, 40.35934 ], [ -3.34741, 40.35664 ], [ -3.34505, 40.35575 ], [ -3.3415, 40.35305 ], [ -3.33796, 40.35126 ], [ -3.33559, 40.34857 ], [ -3.33323, 40.34677 ], [ -3.33087, 40.34588 ], [ -3.3285, 40.34318 ], [ -3.32497, 40.34229 ], [ -3.3226, 40.3396 ], [ -3.32023, 40.3378 ], [ -3.31787, 40.336 ], [ -3.31432, 40.33241 ], [ -3.31314, 40.33061 ], [ -3.31313, 40.32881 ], [ -3.31665, 40.3261 ], [ -3.31899, 40.32429 ], [ -3.32252, 40.32248 ], [ -3.32487, 40.32157 ], [ -3.32838, 40.31886 ], [ -3.32956, 40.31795 ], [ -3.33425, 40.31524 ], [ -3.33424, 40.31253 ], [ -3.33541, 40.31073 ], [ -3.33657, 40.30712 ], [ -3.33773, 40.30442 ], [ -3.33888, 40.29991 ], [ -3.34004, 40.2963 ], [ -3.34003, 40.2936 ], [ -3.3412, 40.29179 ], [ -3.34119, 40.28999 ], [ -3.34234, 40.28638 ], [ -3.34234, 40.28548 ], [ -3.34467, 40.28187 ], [ -3.34701, 40.27826 ], [ -3.34818, 40.27646 ], [ -3.34816, 40.27375 ], [ -3.35286, 40.27194 ], [ -3.35756, 40.27102 ], [ -3.35873, 40.27012 ], [ -3.35872, 40.26922 ], [ -3.3599, 40.26921 ], [ -3.36108, 40.26921 ], [ -3.36107, 40.26831 ], [ -3.36225, 40.2683 ], [ -3.36342, 40.2674 ], [ -3.36459, 40.2674 ], [ -3.36459, 40.2665 ], [ -3.36577, 40.26649 ], [ -3.36694, 40.26649 ], [ -3.36812, 40.26648 ], [ -3.36811, 40.26558 ], [ -3.36929, 40.26558 ], [ -3.37165, 40.26737 ], [ -3.37402, 40.27097 ], [ -3.37757, 40.27456 ], [ -3.38112, 40.27725 ], [ -3.38466, 40.28085 ], [ -3.38115, 40.28356 ], [ -3.37999, 40.28627 ], [ -3.37765, 40.28898 ], [ -3.37649, 40.29168 ], [ -3.3765, 40.29348 ], [ -3.37769, 40.29528 ], [ -3.38006, 40.29798 ], [ -3.38241, 40.29797 ], [ -3.38242, 40.29977 ], [ -3.3836, 40.29977 ], [ -3.38595, 40.29976 ], [ -3.38713, 40.29976 ], [ -3.39184, 40.30064 ], [ -3.39537, 40.30153 ], [ -3.39655, 40.30243 ], [ -3.39656, 40.30333 ], [ -3.39656, 40.30423 ], [ -3.39892, 40.30422 ], [ -3.40009, 40.30332 ], [ -3.40245, 40.30511 ], [ -3.40363, 40.30511 ], [ -3.40834, 40.30599 ], [ -3.40835, 40.30779 ], [ -3.40836, 40.30869 ], [ -3.41191, 40.31138 ], [ -3.41545, 40.31317 ], [ -3.42134, 40.31405 ], [ -3.42487, 40.31494 ], [ -3.42959, 40.31672 ], [ -3.43198, 40.32212 ], [ -3.432, 40.32482 ], [ -3.43203, 40.32933 ], [ -3.43087, 40.33204 ], [ -3.43206, 40.33383 ], [ -3.43208, 40.33834 ], [ -3.42976, 40.34285 ], [ -3.4286, 40.34556 ], [ -3.42743, 40.34646 ], [ -3.42627, 40.35007 ], [ -3.42039, 40.35099 ] ] ] } },
{ "type": "Feature", "properties": { "ine_code": "28034", "name": "Canencia" }, "geometry": { "type": "Polygon", "coordinates": [ [ [ -3.81872, 40.86146 ], [ -3.81753, 40.86146 ], [ -3.81637, 40.86327 ], [ -3.81638, 40.86417 ], [ -3.8164, 40.86598 ], [ -3.81641, 40.86688 ], [ -3.81523, 40.86688 ], [ -3.81644, 40.86868 ], [ -3.81526, 40.86959 ], [ -3.81527, 40.87049 ], [ -3.81411, 40.8723 ], [ -3.81177, 40.87502 ], [ -3.81179, 40.87682 ], [ -3.81061, 40.87773 ], [ -3.81062, 40.87863 ], [ -3.81064, 40.87953 ], [ -3.81065, 40.88043 ], [ -3.80947, 40.88134 ], [ -3.80949, 40.88314 ], [ -3.8095, 40.88404 ], [ -3.80953, 40.88584 ], [ -3.80954, 40.88674 ], [ -3.80955, 40.88764 ], [ -3.80837, 40.88855 ], [ -3.80718, 40.88856 ], [ -3.8072, 40.88946 ], [ -3.80601, 40.88947 ], [ -3.80602, 40.89037 ], [ -3.80483, 40.89038 ], [ -3.80366, 40.89129 ], [ -3.80367, 40.89219 ], [ -3.80248, 40.8922 ], [ -3.80249, 40.8931 ], [ -3.8025, 40.894 ], [ -3.80251, 40.8949 ], [ -3.80133, 40.89491 ], [ -3.80134, 40.89581 ], [ -3.80135, 40.89671 ], [ -3.80016, 40.89672 ], [ -3.80017, 40.89762 ], [ -3.79898, 40.89763 ], [ -3.799, 40.89853 ], [ -3.79901, 40.89943 ], [ -3.79902, 40.90033 ], [ -3.79903, 40.90123 ], [ -3.79784, 40.90124 ], [ -3.79785, 40.90214 ], [ -3.79666, 40.90215 ], [ -3.79548, 40.90216 ], [ -3.79549, 40.90306 ], [ -3.7943, 40.90306 ], [ -3.79431, 40.90396 ], [ -3.79312, 40.90397 ], [ -3.79314, 40.90487 ], [ -3.79195, 40.90488 ], [ -3.79077, 40.90579 ], [ -3.78958, 40.9058 ], [ -3.78959, 40.9067 ], [ -3.78841, 40.90671 ], [ -3.78842, 40.90761 ], [ -3.78843, 40.90851 ], [ -3.78724, 40.90852 ], [ -3.78725, 40.90942 ], [ -3.78608, 40.91033 ], [ -3.78609, 40.91123 ], [ -3.7849, 40.91124 ], [ -3.78491, 40.91214 ], [ -3.7861, 40.91213 ], [ -3.78611, 40.91303 ], [ -3.7873, 40.91302 ], [ -3.78731, 40.91392 ], [ -3.78612, 40.91393 ], [ -3.78494, 40.91484 ], [ -3.78495, 40.91574 ], [ -3.78377, 40.91575 ], [ -3.78378, 40.91665 ], [ -3.78259, 40.91666 ], [ -3.7826, 40.91756 ], [ -3.78141, 40.91757 ], [ -3.78142, 40.91847 ], [ -3.78023, 40.91847 ], [ -3.78025, 40.91937 ], [ -3.77906, 40.91938 ], [ -3.77907, 40.92028 ], [ -3.77788, 40.92029 ], [ -3.77789, 40.92119 ], [ -3.77671, 40.9221 ], [ -3.77672, 40.923 ], [ -3.77555, 40.92391 ], [ -3.77437, 40.92482 ], [ -3.77318, 40.92483 ], [ -3.772, 40.92484 ], [ -3.77201, 40.92574 ], [ -3.77082, 40.92574 ], [ -3.77081, 40.92484 ], [ -3.76962, 40.92485 ], [ -3.76843, 40.92486 ], [ -3.76844, 40.92576 ], [ -3.76726, 40.92577 ], [ -3.76607, 40.92578 ], [ -3.76489, 40.92668 ], [ -3.7649, 40.92759 ], [ -3.76371, 40.92759 ], [ -3.76253, 40.9276 ], [ -3.76254, 40.9285 ], [ -3.76135, 40.92851 ], [ -3.76136, 40.92941 ], [ -3.76017, 40.92942 ], [ -3.75898, 40.92943 ], [ -3.75899, 40.93033 ], [ -3.75781, 40.93033 ], [ -3.75662, 40.93034 ], [ -3.75663, 40.93124 ], [ -3.75544, 40.93125 ], [ -3.75545, 40.93215 ], [ -3.75426, 40.93216 ], [ -3.75309, 40.93307 ], [ -3.75191, 40.93398 ], [ -3.75072, 40.93398 ], [ -3.75073, 40.93488 ], [ -3.74954, 40.93489 ], [ -3.74955, 40.93579 ], [ -3.74837, 40.9358 ], [ -3.74718, 40.93581 ], [ -3.74719, 40.93671 ], [ -3.746, 40.93672 ], [ -3.74601, 40.93762 ], [ -3.74482, 40.93763 ], [ -3.74483, 40.93853 ], [ -3.74365, 40.93853 ], [ -3.74366, 40.93943 ], [ -3.74247, 40.93944 ], [ -3.74128, 40.93945 ], [ -3.74009, 40.93946 ], [ -3.7401, 40.94036 ], [ -3.73891, 40.94037 ], [ -3.73892, 40.94127 ], [ -3.73774, 40.94127 ], [ -3.73655, 40.94128 ], [ -3.73536, 40.94129 ], [ -3.73535, 40.94039 ], [ -3.73416, 40.9404 ], [ -3.73415, 40.9395 ], [ -3.73534, 40.93949 ], [ -3.73533, 40.93859 ], [ -3.73413, 40.93769 ], [ -3.73412, 40.93679 ], [ -3.73175, 40.93681 ], [ -3.72936, 40.93592 ], [ -3.72698, 40.93504 ], [ -3.72579, 40.93504 ], [ -3.72459, 40.93415 ], [ -3.72455, 40.93055 ], [ -3.72454, 40.92965 ], [ -3.72451, 40.92695 ], [ -3.72092, 40.92427 ], [ -3.71971, 40.92247 ], [ -3.71969, 40.92067 ], [ -3.71728, 40.91708 ], [ -3.71724, 40.91348 ], [ -3.71721, 40.91078 ], [ -3.71719, 40.90897 ], [ -3.71835, 40.90626 ], [ -3.71834, 40.90536 ], [ -3.71832, 40.90356 ], [ -3.71711, 40.90177 ], [ -3.71589, 40.89817 ], [ -3.71587, 40.89637 ], [ -3.7123, 40.89549 ], [ -3.70989, 40.8928 ], [ -3.70632, 40.89193 ], [ -3.70513, 40.89103 ], [ -3.70393, 40.89014 ], [ -3.70155, 40.88925 ], [ -3.70035, 40.88836 ], [ -3.69915, 40.88747 ], [ -3.69914, 40.88656 ], [ -3.69675, 40.88478 ], [ -3.69672, 40.88207 ], [ -3.69552, 40.88028 ], [ -3.6967, 40.88027 ], [ -3.69789, 40.88027 ], [ -3.70025, 40.87845 ], [ -3.7038, 40.87753 ], [ -3.70498, 40.87752 ], [ -3.70854, 40.8775 ], [ -3.71092, 40.87748 ], [ -3.71091, 40.87658 ], [ -3.71328, 40.87657 ], [ -3.71447, 40.87656 ], [ -3.71565, 40.87655 ], [ -3.71803, 40.87654 ], [ -3.72039, 40.87562 ], [ -3.72157, 40.87472 ], [ -3.72273, 40.87201 ], [ -3.72509, 40.87109 ], [ -3.72629, 40.87198 ], [ -3.72867, 40.87287 ], [ -3.72986, 40.87286 ], [ -3.73223, 40.87285 ], [ -3.73461, 40.87373 ], [ -3.73699, 40.87372 ], [ -3.73818, 40.87461 ], [ -3.73937, 40.8746 ], [ -3.74172, 40.87279 ], [ -3.7441, 40.87277 ], [ -3.74527, 40.87186 ], [ -3.74644, 40.87005 ], [ -3.74762, 40.87005 ], [ -3.7488, 40.86914 ], [ -3.75116, 40.86822 ], [ -3.75115, 40.86732 ], [ -3.75234, 40.86731 ], [ -3.75353, 40.8673 ], [ -3.75471, 40.8673 ], [ -3.7559, 40.86729 ], [ -3.75709, 40.86728 ], [ -3.75828, 40.86817 ], [ -3.75947, 40.86817 ], [ -3.76066, 40.86816 ], [ -3.76067, 40.86906 ], [ -3.76185, 40.86905 ], [ -3.76304, 40.86904 ], [ -3.76423, 40.86904 ], [ -3.76422, 40.86814 ], [ -3.76658, 40.86722 ], [ -3.76657, 40.86632 ], [ -3.76776, 40.86631 ], [ -3.76894, 40.8663 ], [ -3.77013, 40.86629 ], [ -3.77132, 40.86629 ], [ -3.7725, 40.86628 ], [ -3.77369, 40.86627 ], [ -3.77486, 40.86536 ], [ -3.77485, 40.86446 ], [ -3.77604, 40.86445 ], [ -3.77602, 40.86265 ], [ -3.776, 40.86085 ], [ -3.77599, 40.85995 ], [ -3.77717, 40.85994 ], [ -3.77835, 40.85903 ], [ -3.77953, 40.85812 ], [ -3.7807, 40.85721 ], [ -3.78069, 40.85631 ], [ -3.78188, 40.85631 ], [ -3.78424, 40.85539 ], [ -3.78423, 40.85449 ], [ -3.78421, 40.85269 ], [ -3.78538, 40.85178 ], [ -3.78419, 40.85089 ], [ -3.78418, 40.84998 ], [ -3.78654, 40.84907 ], [ -3.78772, 40.84906 ], [ -3.78771, 40.84816 ], [ -3.7877, 40.84726 ], [ -3.78888, 40.84635 ], [ -3.79126, 40.84723 ], [ -3.796, 40.8463 ], [ -3.7984, 40.84899 ], [ -3.79842, 40.85079 ], [ -3.79961, 40.85078 ], [ -3.80199, 40.85166 ], [ -3.80319, 40.85256 ], [ -3.80439, 40.85345 ], [ -3.80557, 40.85344 ], [ -3.80796, 40.85432 ], [ -3.80914, 40.85432 ], [ -3.80915, 40.85522 ], [ -3.80916, 40.85612 ], [ -3.81035, 40.85611 ], [ -3.81154, 40.8561 ], [ -3.81391, 40.85608 ], [ -3.81628, 40.85607 ], [ -3.81748, 40.85696 ], [ -3.81868, 40.85785 ], [ -3.81987, 40.85874 ], [ -3.81989, 40.85965 ], [ -3.8199, 40.86055 ], [ -3.81872, 40.86146 ] ] ] } },
{ "type": "Feature", "properties": { "ine_code": "28035", "name": "Carabaña" }, "geometry": { "type": "Polygon", "coordinates": [ [ [ -3.28226, 40.26492 ], [ -3.28226, 40.26673 ], [ -3.28227, 40.26853 ], [ -3.28111, 40.27123 ], [ -3.27995, 40.27484 ], [ -3.27995, 40.27664 ], [ -3.27878, 40.27845 ], [ -3.27762, 40.28025 ], [ -3.27177, 40.28837 ], [ -3.26943, 40.29198 ], [ -3.26826, 40.29379 ], [ -3.26474, 40.2965 ], [ -3.25534, 40.30102 ], [ -3.25417, 40.30103 ], [ -3.25299, 40.30193 ], [ -3.25182, 40.30373 ], [ -3.25182, 40.30193 ], [ -3.25064, 40.30103 ], [ -3.24827, 40.29834 ], [ -3.24473, 40.29564 ], [ -3.24355, 40.29474 ], [ -3.24002, 40.29295 ], [ -3.23884, 40.29205 ], [ -3.23648, 40.29115 ], [ -3.23412, 40.28936 ], [ -3.23176, 40.28666 ], [ -3.2294, 40.28396 ], [ -3.22822, 40.28306 ], [ -3.2235, 40.27766 ], [ -3.22232, 40.27677 ], [ -3.21878, 40.27317 ], [ -3.21642, 40.27227 ], [ -3.21406, 40.27048 ], [ -3.21406, 40.26957 ], [ -3.21052, 40.26688 ], [ -3.20699, 40.26418 ], [ -3.20698, 40.26238 ], [ -3.20109, 40.25969 ], [ -3.19874, 40.25879 ], [ -3.19756, 40.25789 ], [ -3.1952, 40.25519 ], [ -3.19519, 40.25249 ], [ -3.19519, 40.25159 ], [ -3.194, 40.24799 ], [ -3.19518, 40.24708 ], [ -3.1987, 40.24618 ], [ -3.20105, 40.24437 ], [ -3.20457, 40.24346 ], [ -3.20927, 40.24075 ], [ -3.21396, 40.23894 ], [ -3.21749, 40.23803 ], [ -3.21866, 40.23623 ], [ -3.21747, 40.23353 ], [ -3.21981, 40.22992 ], [ -3.22098, 40.22812 ], [ -3.2198, 40.22632 ], [ -3.22215, 40.22451 ], [ -3.22684, 40.2218 ], [ -3.22801, 40.22 ], [ -3.23035, 40.21819 ], [ -3.23388, 40.21908 ], [ -3.23505, 40.21728 ], [ -3.23505, 40.21638 ], [ -3.23739, 40.21367 ], [ -3.23973, 40.21276 ], [ -3.24209, 40.21366 ], [ -3.24679, 40.21365 ], [ -3.25501, 40.21363 ], [ -3.25971, 40.21272 ], [ -3.26324, 40.21271 ], [ -3.26559, 40.21271 ], [ -3.26677, 40.21361 ], [ -3.2703, 40.2145 ], [ -3.27149, 40.2181 ], [ -3.27267, 40.2208 ], [ -3.27268, 40.2226 ], [ -3.27386, 40.2244 ], [ -3.27387, 40.2262 ], [ -3.27505, 40.2289 ], [ -3.27624, 40.2316 ], [ -3.2786, 40.2334 ], [ -3.27861, 40.2352 ], [ -3.27862, 40.2379 ], [ -3.27863, 40.23971 ], [ -3.27983, 40.24781 ], [ -3.28219, 40.24961 ], [ -3.28337, 40.2496 ], [ -3.28455, 40.2514 ], [ -3.28338, 40.25231 ], [ -3.2834, 40.25591 ], [ -3.2834, 40.25771 ], [ -3.28341, 40.25951 ], [ -3.28342, 40.26132 ], [ -3.2846, 40.26221 ], [ -3.28226, 40.26492 ] ] ] } },
{ "type": "Feature", "properties": { "ine_code": "28036", "name": "Casarrubuelos" }, "geometry": { "type": "Polygon", "coordinates": [ [ [ -3.85157, 40.17925 ], [ -3.84806, 40.18018 ], [ -3.8457, 40.17929 ], [ -3.84218, 40.17932 ], [ -3.83983, 40.17933 ], [ -3.83748, 40.17935 ], [ -3.8363, 40.17936 ], [ -3.83394, 40.17848 ], [ -3.83043, 40.1794 ], [ -3.82925, 40.17851 ], [ -3.82691, 40.17943 ], [ -3.82456, 40.17944 ], [ -3.82221, 40.17946 ], [ -3.82104, 40.17947 ], [ -3.81869, 40.17949 ], [ -3.81634, 40.1795 ], [ -3.81399, 40.17952 ], [ -3.81398, 40.17862 ], [ -3.8128, 40.17863 ], [ -3.81163, 40.17863 ], [ -3.81046, 40.17864 ], [ -3.81047, 40.17954 ], [ -3.80929, 40.17955 ], [ -3.80812, 40.17956 ], [ -3.8081, 40.17776 ], [ -3.80691, 40.17687 ], [ -3.80805, 40.17416 ], [ -3.80921, 40.17235 ], [ -3.80918, 40.17054 ], [ -3.81035, 40.16963 ], [ -3.81152, 40.16963 ], [ -3.8127, 40.16962 ], [ -3.81387, 40.16961 ], [ -3.81505, 40.1696 ], [ -3.81506, 40.1705 ], [ -3.81623, 40.17049 ], [ -3.81624, 40.17139 ], [ -3.81742, 40.17139 ], [ -3.81859, 40.17138 ], [ -3.81858, 40.17048 ], [ -3.81975, 40.17047 ], [ -3.81974, 40.16957 ], [ -3.82092, 40.16956 ], [ -3.82208, 40.16865 ], [ -3.82441, 40.16683 ], [ -3.82558, 40.16682 ], [ -3.82557, 40.16592 ], [ -3.82674, 40.16591 ], [ -3.82673, 40.16501 ], [ -3.82791, 40.16501 ], [ -3.83025, 40.16409 ], [ -3.83375, 40.16226 ], [ -3.83374, 40.16136 ], [ -3.83844, 40.16223 ], [ -3.8408, 40.16311 ], [ -3.84316, 40.16399 ], [ -3.84435, 40.16489 ], [ -3.84671, 40.16577 ], [ -3.84908, 40.16755 ], [ -3.85025, 40.16755 ], [ -3.85144, 40.16844 ], [ -3.85262, 40.16933 ], [ -3.85265, 40.17113 ], [ -3.85148, 40.17204 ], [ -3.85149, 40.17294 ], [ -3.85153, 40.17565 ], [ -3.85155, 40.17745 ], [ -3.85275, 40.17924 ], [ -3.85157, 40.17925 ] ] ] } },
{ "type": "Feature", "properties": { "ine_code": "28037", "name": "Cenicientos" }, "geometry": { "type": "Polygon", "coordinates": [ [ [ -4.57718, 40.21848 ], [ -4.5772, 40.21938 ], [ -4.57485, 40.21942 ], [ -4.57013, 40.21858 ], [ -4.56893, 40.21769 ], [ -4.56776, 40.21771 ], [ -4.56541, 40.21774 ], [ -4.56543, 40.21864 ], [ -4.56427, 40.21956 ], [ -4.56429, 40.22046 ], [ -4.56312, 40.22048 ], [ -4.56083, 40.22321 ], [ -4.56087, 40.22501 ], [ -4.55974, 40.22683 ], [ -4.55982, 40.23043 ], [ -4.55984, 40.23133 ], [ -4.55988, 40.23313 ], [ -4.5599, 40.23403 ], [ -4.56112, 40.23582 ], [ -4.56471, 40.23847 ], [ -4.5671, 40.24024 ], [ -4.56712, 40.24114 ], [ -4.5672, 40.24474 ], [ -4.56844, 40.24743 ], [ -4.56733, 40.25015 ], [ -4.56855, 40.25193 ], [ -4.56859, 40.25373 ], [ -4.56861, 40.25464 ], [ -4.56985, 40.25732 ], [ -4.56867, 40.25734 ], [ -4.56869, 40.25824 ], [ -4.56871, 40.25914 ], [ -4.56754, 40.25915 ], [ -4.56636, 40.25917 ], [ -4.56638, 40.26007 ], [ -4.5664, 40.26097 ], [ -4.56523, 40.26099 ], [ -4.56405, 40.261 ], [ -4.56407, 40.2619 ], [ -4.5629, 40.26192 ], [ -4.56172, 40.26194 ], [ -4.56055, 40.26195 ], [ -4.56057, 40.26285 ], [ -4.55939, 40.26287 ], [ -4.55821, 40.26288 ], [ -4.55824, 40.26378 ], [ -4.55706, 40.2638 ], [ -4.55708, 40.2647 ], [ -4.55593, 40.26562 ], [ -4.55595, 40.26652 ], [ -4.54423, 40.26848 ], [ -4.51723, 40.27064 ], [ -4.51376, 40.27338 ], [ -4.51263, 40.2752 ], [ -4.51149, 40.27702 ], [ -4.51031, 40.27703 ], [ -4.50683, 40.27888 ], [ -4.50452, 40.28071 ], [ -4.50332, 40.27983 ], [ -4.49979, 40.27987 ], [ -4.49622, 40.27812 ], [ -4.49387, 40.27815 ], [ -4.49152, 40.27818 ], [ -4.48919, 40.27911 ], [ -4.48799, 40.27822 ], [ -4.48448, 40.27917 ], [ -4.48217, 40.281 ], [ -4.47866, 40.28195 ], [ -4.47868, 40.28285 ], [ -4.47751, 40.28286 ], [ -4.47514, 40.28199 ], [ -4.47396, 40.28201 ], [ -4.47041, 40.28115 ], [ -4.46804, 40.28028 ], [ -4.46567, 40.27941 ], [ -4.4633, 40.27854 ], [ -4.46212, 40.27855 ], [ -4.45619, 40.27592 ], [ -4.45617, 40.27502 ], [ -4.45379, 40.27415 ], [ -4.45262, 40.27417 ], [ -4.45142, 40.27328 ], [ -4.45025, 40.2733 ], [ -4.44905, 40.27241 ], [ -4.44786, 40.27152 ], [ -4.44784, 40.27062 ], [ -4.44664, 40.26974 ], [ -4.44423, 40.26707 ], [ -4.44067, 40.26531 ], [ -4.43947, 40.26442 ], [ -4.43828, 40.26354 ], [ -4.43466, 40.25908 ], [ -4.4358, 40.25726 ], [ -4.43576, 40.25546 ], [ -4.43693, 40.25544 ], [ -4.43572, 40.25366 ], [ -4.43564, 40.25006 ], [ -4.43557, 40.24645 ], [ -4.43435, 40.24467 ], [ -4.43432, 40.24286 ], [ -4.43543, 40.24015 ], [ -4.43659, 40.23923 ], [ -4.43657, 40.23833 ], [ -4.4389, 40.2374 ], [ -4.44123, 40.23647 ], [ -4.44239, 40.23556 ], [ -4.44705, 40.2337 ], [ -4.45058, 40.23365 ], [ -4.45175, 40.23364 ], [ -4.45291, 40.23272 ], [ -4.45408, 40.23271 ], [ -4.45878, 40.23265 ], [ -4.46113, 40.23262 ], [ -4.46348, 40.23259 ], [ -4.46466, 40.23257 ], [ -4.46582, 40.23166 ], [ -4.46934, 40.23161 ], [ -4.47287, 40.23157 ], [ -4.4752, 40.23064 ], [ -4.47753, 40.22971 ], [ -4.48219, 40.22785 ], [ -4.48334, 40.22693 ], [ -4.48685, 40.22599 ], [ -4.48683, 40.22508 ], [ -4.49033, 40.22414 ], [ -4.49499, 40.22228 ], [ -4.49732, 40.22135 ], [ -4.4985, 40.22133 ], [ -4.49969, 40.22222 ], [ -4.50087, 40.2222 ], [ -4.50085, 40.2213 ], [ -4.50083, 40.2204 ], [ -4.502, 40.22038 ], [ -4.50318, 40.22037 ], [ -4.5032, 40.22127 ], [ -4.50437, 40.22125 ], [ -4.50435, 40.22035 ], [ -4.50553, 40.22034 ], [ -4.5067, 40.22032 ], [ -4.50788, 40.22031 ], [ -4.50786, 40.21941 ], [ -4.50903, 40.21939 ], [ -4.51021, 40.21938 ], [ -4.51019, 40.21848 ], [ -4.51136, 40.21846 ], [ -4.51134, 40.21756 ], [ -4.51252, 40.21754 ], [ -4.51369, 40.21753 ], [ -4.51367, 40.21663 ], [ -4.51485, 40.21661 ], [ -4.51483, 40.21571 ], [ -4.516, 40.2157 ], [ -4.51598, 40.2148 ], [ -4.51716, 40.21478 ], [ -4.51714, 40.21388 ], [ -4.51712, 40.21298 ], [ -4.5171, 40.21208 ], [ -4.51708, 40.21118 ], [ -4.51706, 40.21028 ], [ -4.51704, 40.20938 ], [ -4.51702, 40.20848 ], [ -4.517, 40.20758 ], [ -4.51698, 40.20668 ], [ -4.51696, 40.20577 ], [ -4.51694, 40.20487 ], [ -4.51809, 40.20396 ], [ -4.51925, 40.20304 ], [ -4.51923, 40.20214 ], [ -4.5204, 40.20213 ], [ -4.52157, 40.20211 ], [ -4.52275, 40.2021 ], [ -4.52392, 40.20208 ], [ -4.52508, 40.20116 ], [ -4.52625, 40.20115 ], [ -4.52623, 40.20025 ], [ -4.52741, 40.20023 ], [ -4.52858, 40.20022 ], [ -4.52976, 40.2002 ], [ -4.53093, 40.20019 ], [ -4.53211, 40.20017 ], [ -4.53328, 40.20015 ], [ -4.5333, 40.20106 ], [ -4.53447, 40.20104 ], [ -4.53445, 40.20014 ], [ -4.53561, 40.19922 ], [ -4.53678, 40.19921 ], [ -4.53798, 40.20009 ], [ -4.53915, 40.20008 ], [ -4.54033, 40.20006 ], [ -4.5415, 40.20005 ], [ -4.54152, 40.20095 ], [ -4.5427, 40.20093 ], [ -4.54387, 40.20091 ], [ -4.54505, 40.2009 ], [ -4.54622, 40.20088 ], [ -4.54739, 40.20087 ], [ -4.54857, 40.20085 ], [ -4.54859, 40.20175 ], [ -4.54976, 40.20174 ], [ -4.55094, 40.20172 ], [ -4.55211, 40.20171 ], [ -4.55329, 40.20169 ], [ -4.55331, 40.20259 ], [ -4.55448, 40.20257 ], [ -4.55566, 40.20256 ], [ -4.55683, 40.20254 ], [ -4.55801, 40.20253 ], [ -4.55918, 40.20251 ], [ -4.5592, 40.20341 ], [ -4.56038, 40.2034 ], [ -4.56155, 40.20338 ], [ -4.56275, 40.20426 ], [ -4.56392, 40.20425 ], [ -4.56512, 40.20513 ], [ -4.56629, 40.20512 ], [ -4.56747, 40.2051 ], [ -4.56749, 40.206 ], [ -4.56866, 40.20599 ], [ -4.56984, 40.20597 ], [ -4.57101, 40.20595 ], [ -4.57218, 40.20594 ], [ -4.57336, 40.20592 ], [ -4.57338, 40.20682 ], [ -4.57455, 40.20681 ], [ -4.57458, 40.20771 ], [ -4.5746, 40.20861 ], [ -4.57342, 40.20862 ], [ -4.57231, 40.21134 ], [ -4.57233, 40.21224 ], [ -4.57355, 40.21403 ], [ -4.57594, 40.2158 ], [ -4.5795, 40.21755 ], [ -4.57718, 40.21848 ] ] ] } },
{ "type": "Feature", "properties": { "ine_code": "28038", "name": "Cercedilla" }, "geometry": { "type": "Polygon", "coordinates": [ [ [ -4.09463, 40.75557 ], [ -4.09349, 40.75828 ], [ -4.09469, 40.75917 ], [ -4.09472, 40.76098 ], [ -4.09715, 40.76456 ], [ -4.09598, 40.76547 ], [ -4.09248, 40.7691 ], [ -4.08662, 40.77276 ], [ -4.08075, 40.77642 ], [ -4.07964, 40.78094 ], [ -4.07847, 40.78185 ], [ -4.07621, 40.78908 ], [ -4.07036, 40.79363 ], [ -4.06561, 40.79278 ], [ -4.05967, 40.79193 ], [ -4.05373, 40.79108 ], [ -4.05016, 40.79022 ], [ -4.0466, 40.79025 ], [ -4.0454, 40.78936 ], [ -4.04418, 40.78667 ], [ -4.04176, 40.78399 ], [ -4.03939, 40.78401 ], [ -4.03582, 40.78314 ], [ -4.03463, 40.78225 ], [ -4.03224, 40.78137 ], [ -4.02987, 40.78139 ], [ -4.02158, 40.78146 ], [ -4.0251, 40.77963 ], [ -4.02271, 40.77785 ], [ -4.02267, 40.77515 ], [ -4.02262, 40.77245 ], [ -4.02614, 40.76971 ], [ -4.02732, 40.7697 ], [ -4.02965, 40.76698 ], [ -4.03076, 40.76247 ], [ -4.03311, 40.76064 ], [ -4.03543, 40.75792 ], [ -4.03422, 40.75613 ], [ -4.03535, 40.75252 ], [ -4.03532, 40.75071 ], [ -4.03411, 40.74892 ], [ -4.03407, 40.74622 ], [ -4.03639, 40.7435 ], [ -4.03634, 40.73989 ], [ -4.03515, 40.73991 ], [ -4.03397, 40.73992 ], [ -4.03395, 40.73901 ], [ -4.03277, 40.73903 ], [ -4.03276, 40.73812 ], [ -4.03274, 40.73722 ], [ -4.03273, 40.73632 ], [ -4.03154, 40.73633 ], [ -4.03153, 40.73543 ], [ -4.03152, 40.73453 ], [ -4.0327, 40.73452 ], [ -4.03269, 40.73362 ], [ -4.03386, 40.73271 ], [ -4.03503, 40.7318 ], [ -4.03501, 40.7309 ], [ -4.0362, 40.73089 ], [ -4.03618, 40.72999 ], [ -4.03737, 40.72998 ], [ -4.03735, 40.72908 ], [ -4.03734, 40.72817 ], [ -4.03733, 40.72727 ], [ -4.03731, 40.72637 ], [ -4.0373, 40.72547 ], [ -4.03848, 40.72546 ], [ -4.03847, 40.72456 ], [ -4.03845, 40.72366 ], [ -4.03964, 40.72365 ], [ -4.03962, 40.72275 ], [ -4.04081, 40.72274 ], [ -4.04199, 40.72273 ], [ -4.04198, 40.72183 ], [ -4.04196, 40.72093 ], [ -4.04195, 40.72003 ], [ -4.04077, 40.72004 ], [ -4.04075, 40.71914 ], [ -4.04074, 40.71823 ], [ -4.04192, 40.71822 ], [ -4.04664, 40.71728 ], [ -4.04781, 40.71637 ], [ -4.05015, 40.71455 ], [ -4.05607, 40.71449 ], [ -4.05962, 40.71446 ], [ -4.06323, 40.71803 ], [ -4.06443, 40.71892 ], [ -4.06567, 40.72251 ], [ -4.06807, 40.72429 ], [ -4.07163, 40.72516 ], [ -4.07401, 40.72604 ], [ -4.07641, 40.72782 ], [ -4.08002, 40.73139 ], [ -4.08362, 40.73406 ], [ -4.08723, 40.73762 ], [ -4.09084, 40.74119 ], [ -4.09204, 40.74208 ], [ -4.09566, 40.74655 ], [ -4.09686, 40.74744 ], [ -4.09463, 40.75557 ] ] ] } },
{ "type": "Feature", "properties": { "ine_code": "28039", "name": "Cervera de Buitrago" }, "geometry": { "type": "Polygon", "coordinates": [ [ [ -3.54869, 40.92251 ], [ -3.54751, 40.92342 ], [ -3.54752, 40.92432 ], [ -3.54753, 40.92612 ], [ -3.54754, 40.92702 ], [ -3.54755, 40.92792 ], [ -3.54636, 40.92793 ], [ -3.54637, 40.92883 ], [ -3.54519, 40.92973 ], [ -3.54401, 40.93064 ], [ -3.54282, 40.93065 ], [ -3.54281, 40.92975 ], [ -3.54281, 40.92884 ], [ -3.5428, 40.92794 ], [ -3.54161, 40.92795 ], [ -3.54043, 40.92886 ], [ -3.54044, 40.92976 ], [ -3.54045, 40.93066 ], [ -3.53926, 40.93066 ], [ -3.53927, 40.93156 ], [ -3.53691, 40.93428 ], [ -3.53454, 40.93519 ], [ -3.53336, 40.93519 ], [ -3.52978, 40.93431 ], [ -3.52741, 40.93432 ], [ -3.52385, 40.93434 ], [ -3.52384, 40.93344 ], [ -3.52146, 40.93255 ], [ -3.52027, 40.93255 ], [ -3.51789, 40.93166 ], [ -3.51311, 40.92898 ], [ -3.51072, 40.92719 ], [ -3.50715, 40.9254 ], [ -3.50358, 40.92542 ], [ -3.50239, 40.92452 ], [ -3.50238, 40.92362 ], [ -3.50238, 40.92272 ], [ -3.50356, 40.92272 ], [ -3.50356, 40.92182 ], [ -3.50355, 40.92092 ], [ -3.50354, 40.92001 ], [ -3.50354, 40.91911 ], [ -3.50353, 40.91821 ], [ -3.50234, 40.91822 ], [ -3.50234, 40.91732 ], [ -3.50115, 40.91732 ], [ -3.50114, 40.91642 ], [ -3.50113, 40.91552 ], [ -3.50113, 40.91462 ], [ -3.50112, 40.91372 ], [ -3.49873, 40.91103 ], [ -3.49753, 40.91013 ], [ -3.49752, 40.90923 ], [ -3.49634, 40.90924 ], [ -3.49633, 40.90833 ], [ -3.49514, 40.90744 ], [ -3.49513, 40.90654 ], [ -3.49394, 40.90654 ], [ -3.49275, 40.90655 ], [ -3.49156, 40.90565 ], [ -3.49037, 40.90566 ], [ -3.48919, 40.90566 ], [ -3.48918, 40.90476 ], [ -3.49037, 40.90476 ], [ -3.49036, 40.90386 ], [ -3.49155, 40.90385 ], [ -3.49274, 40.90475 ], [ -3.49393, 40.90474 ], [ -3.49394, 40.90564 ], [ -3.49512, 40.90564 ], [ -3.49631, 40.90563 ], [ -3.4963, 40.90473 ], [ -3.4963, 40.90383 ], [ -3.49748, 40.90383 ], [ -3.49867, 40.90382 ], [ -3.49986, 40.90382 ], [ -3.49987, 40.90472 ], [ -3.50105, 40.90471 ], [ -3.50224, 40.90471 ], [ -3.50343, 40.9047 ], [ -3.50461, 40.9047 ], [ -3.5058, 40.90469 ], [ -3.507, 40.90559 ], [ -3.50818, 40.90558 ], [ -3.50819, 40.90648 ], [ -3.50938, 40.90648 ], [ -3.51056, 40.90647 ], [ -3.51175, 40.90647 ], [ -3.51294, 40.90646 ], [ -3.51295, 40.90736 ], [ -3.51413, 40.90736 ], [ -3.51533, 40.90825 ], [ -3.51652, 40.90825 ], [ -3.5177, 40.90824 ], [ -3.51889, 40.90824 ], [ -3.51888, 40.90733 ], [ -3.51888, 40.90643 ], [ -3.51887, 40.90553 ], [ -3.51768, 40.90554 ], [ -3.51767, 40.90464 ], [ -3.51767, 40.90374 ], [ -3.51765, 40.90194 ], [ -3.51883, 40.90103 ], [ -3.5212, 40.90012 ], [ -3.52239, 40.90011 ], [ -3.52477, 40.901 ], [ -3.52596, 40.901 ], [ -3.52832, 40.90009 ], [ -3.52951, 40.90008 ], [ -3.5295, 40.89918 ], [ -3.53069, 40.89917 ], [ -3.5307, 40.90007 ], [ -3.53308, 40.90096 ], [ -3.53427, 40.90186 ], [ -3.53547, 40.90275 ], [ -3.53665, 40.90185 ], [ -3.53784, 40.90184 ], [ -3.53663, 40.90005 ], [ -3.53663, 40.89915 ], [ -3.53899, 40.89823 ], [ -3.54019, 40.89913 ], [ -3.54138, 40.90002 ], [ -3.54258, 40.90092 ], [ -3.54259, 40.90182 ], [ -3.54378, 40.90272 ], [ -3.54498, 40.90451 ], [ -3.54499, 40.90541 ], [ -3.545, 40.90631 ], [ -3.54618, 40.90631 ], [ -3.54619, 40.90721 ], [ -3.5462, 40.90811 ], [ -3.54621, 40.90901 ], [ -3.54621, 40.90991 ], [ -3.54622, 40.91081 ], [ -3.54503, 40.91082 ], [ -3.54504, 40.91172 ], [ -3.54385, 40.91172 ], [ -3.54267, 40.91173 ], [ -3.54148, 40.91174 ], [ -3.54029, 40.91174 ], [ -3.5403, 40.91264 ], [ -3.53911, 40.91265 ], [ -3.53912, 40.91355 ], [ -3.53913, 40.91445 ], [ -3.53913, 40.91535 ], [ -3.53914, 40.91625 ], [ -3.53915, 40.91715 ], [ -3.53916, 40.91805 ], [ -3.53916, 40.91895 ], [ -3.54035, 40.91895 ], [ -3.54036, 40.91985 ], [ -3.54155, 40.91984 ], [ -3.54155, 40.92074 ], [ -3.54274, 40.92074 ], [ -3.54393, 40.92073 ], [ -3.54512, 40.92073 ], [ -3.5463, 40.92072 ], [ -3.54749, 40.92071 ], [ -3.54868, 40.92071 ], [ -3.54987, 40.9216 ], [ -3.54869, 40.92251 ] ] ] } },
{ "type": "Feature", "properties": { "ine_code": "28040", "name": "Ciempozuelos" }, "geometry": { "type": "Polygon", "coordinates": [ [ [ -3.66564, 40.14353 ], [ -3.66447, 40.14354 ], [ -3.66329, 40.14354 ], [ -3.66212, 40.14355 ], [ -3.66095, 40.14356 ], [ -3.65977, 40.14356 ], [ -3.65978, 40.14446 ], [ -3.65861, 40.14447 ], [ -3.65862, 40.14537 ], [ -3.65862, 40.14627 ], [ -3.65745, 40.14628 ], [ -3.65629, 40.14809 ], [ -3.65514, 40.14989 ], [ -3.65515, 40.1508 ], [ -3.65516, 40.1526 ], [ -3.65401, 40.15441 ], [ -3.65401, 40.15531 ], [ -3.65285, 40.15621 ], [ -3.65168, 40.15712 ], [ -3.64934, 40.15804 ], [ -3.64818, 40.15894 ], [ -3.64584, 40.15986 ], [ -3.64585, 40.16076 ], [ -3.64351, 40.16167 ], [ -3.64352, 40.16257 ], [ -3.64235, 40.16348 ], [ -3.63767, 40.16531 ], [ -3.63651, 40.16712 ], [ -3.63536, 40.16983 ], [ -3.63654, 40.16982 ], [ -3.63771, 40.16981 ], [ -3.63889, 40.16981 ], [ -3.64006, 40.1698 ], [ -3.64007, 40.1707 ], [ -3.64124, 40.17069 ], [ -3.64125, 40.1716 ], [ -3.64243, 40.17159 ], [ -3.64243, 40.17249 ], [ -3.64361, 40.17248 ], [ -3.64362, 40.17338 ], [ -3.64479, 40.17338 ], [ -3.6448, 40.17428 ], [ -3.64598, 40.17427 ], [ -3.64599, 40.17607 ], [ -3.64482, 40.17608 ], [ -3.64365, 40.17699 ], [ -3.64248, 40.17699 ], [ -3.64013, 40.17701 ], [ -3.63895, 40.17701 ], [ -3.63661, 40.17793 ], [ -3.63543, 40.17703 ], [ -3.63072, 40.17616 ], [ -3.62955, 40.17616 ], [ -3.62954, 40.17526 ], [ -3.62837, 40.17527 ], [ -3.62718, 40.17347 ], [ -3.626, 40.17348 ], [ -3.62482, 40.17259 ], [ -3.62246, 40.1717 ], [ -3.6201, 40.17081 ], [ -3.61774, 40.16902 ], [ -3.61656, 40.16813 ], [ -3.61537, 40.16723 ], [ -3.61537, 40.16633 ], [ -3.61419, 40.16634 ], [ -3.61418, 40.16544 ], [ -3.61301, 40.16544 ], [ -3.613, 40.16454 ], [ -3.61182, 40.16365 ], [ -3.61181, 40.16275 ], [ -3.61064, 40.16275 ], [ -3.60945, 40.16096 ], [ -3.60826, 40.16006 ], [ -3.60474, 40.16008 ], [ -3.60358, 40.16099 ], [ -3.60241, 40.16189 ], [ -3.60242, 40.16279 ], [ -3.60243, 40.1637 ], [ -3.60243, 40.1646 ], [ -3.60126, 40.1646 ], [ -3.60127, 40.1655 ], [ -3.60127, 40.1664 ], [ -3.60128, 40.16731 ], [ -3.60129, 40.16821 ], [ -3.6013, 40.16911 ], [ -3.60131, 40.17001 ], [ -3.60131, 40.17091 ], [ -3.60014, 40.17091 ], [ -3.60015, 40.17182 ], [ -3.60016, 40.17272 ], [ -3.60016, 40.17362 ], [ -3.599, 40.17452 ], [ -3.59901, 40.17543 ], [ -3.59901, 40.17633 ], [ -3.59784, 40.17633 ], [ -3.59785, 40.17723 ], [ -3.59785, 40.17813 ], [ -3.59786, 40.17904 ], [ -3.59669, 40.17904 ], [ -3.5967, 40.17994 ], [ -3.5967, 40.18084 ], [ -3.59671, 40.18174 ], [ -3.59672, 40.18264 ], [ -3.59555, 40.18265 ], [ -3.59555, 40.18355 ], [ -3.59556, 40.18445 ], [ -3.59439, 40.18536 ], [ -3.5944, 40.18626 ], [ -3.59441, 40.18716 ], [ -3.59442, 40.18806 ], [ -3.59443, 40.18896 ], [ -3.59326, 40.18987 ], [ -3.59327, 40.19077 ], [ -3.59327, 40.19167 ], [ -3.59328, 40.19257 ], [ -3.59211, 40.19258 ], [ -3.59212, 40.19348 ], [ -3.59212, 40.19438 ], [ -3.59213, 40.19528 ], [ -3.59214, 40.19618 ], [ -3.58861, 40.1962 ], [ -3.58508, 40.19532 ], [ -3.58391, 40.19532 ], [ -3.58272, 40.19443 ], [ -3.58155, 40.19443 ], [ -3.58038, 40.19444 ], [ -3.57919, 40.19355 ], [ -3.57802, 40.19355 ], [ -3.57684, 40.19356 ], [ -3.57567, 40.19356 ], [ -3.57449, 40.19357 ], [ -3.57449, 40.19267 ], [ -3.57331, 40.19267 ], [ -3.57214, 40.19268 ], [ -3.57096, 40.19268 ], [ -3.56979, 40.19269 ], [ -3.5686, 40.1918 ], [ -3.56743, 40.1918 ], [ -3.56626, 40.19181 ], [ -3.56508, 40.19181 ], [ -3.56507, 40.19091 ], [ -3.5639, 40.19092 ], [ -3.56272, 40.19092 ], [ -3.56037, 40.19003 ], [ -3.55919, 40.19004 ], [ -3.55327, 40.18466 ], [ -3.5521, 40.18467 ], [ -3.55209, 40.18377 ], [ -3.55092, 40.18377 ], [ -3.54974, 40.18378 ], [ -3.54857, 40.18378 ], [ -3.54856, 40.18288 ], [ -3.54739, 40.18289 ], [ -3.54621, 40.18289 ], [ -3.54504, 40.1829 ], [ -3.54386, 40.18291 ], [ -3.54386, 40.182 ], [ -3.54151, 40.18202 ], [ -3.5415, 40.18111 ], [ -3.54149, 40.18021 ], [ -3.54267, 40.18021 ], [ -3.54266, 40.17931 ], [ -3.54383, 40.1793 ], [ -3.54383, 40.1784 ], [ -3.54382, 40.1775 ], [ -3.54499, 40.17749 ], [ -3.54733, 40.17568 ], [ -3.5485, 40.17568 ], [ -3.54968, 40.17567 ], [ -3.55085, 40.17566 ], [ -3.55085, 40.17476 ], [ -3.55202, 40.17476 ], [ -3.55319, 40.17475 ], [ -3.55437, 40.17475 ], [ -3.55554, 40.17474 ], [ -3.55671, 40.17383 ], [ -3.55788, 40.17383 ], [ -3.55788, 40.17293 ], [ -3.55905, 40.17292 ], [ -3.55904, 40.17202 ], [ -3.56022, 40.17202 ], [ -3.56021, 40.17111 ], [ -3.56139, 40.17111 ], [ -3.56256, 40.1711 ], [ -3.56255, 40.1702 ], [ -3.56373, 40.1702 ], [ -3.56372, 40.1693 ], [ -3.56371, 40.16839 ], [ -3.5637, 40.16749 ], [ -3.5637, 40.16659 ], [ -3.56369, 40.16569 ], [ -3.56368, 40.16479 ], [ -3.56367, 40.16389 ], [ -3.56367, 40.16299 ], [ -3.56366, 40.16209 ], [ -3.56365, 40.16119 ], [ -3.56364, 40.16029 ], [ -3.56364, 40.15939 ], [ -3.56363, 40.15848 ], [ -3.56362, 40.15758 ], [ -3.56362, 40.15668 ], [ -3.56361, 40.15578 ], [ -3.56478, 40.15578 ], [ -3.56477, 40.15488 ], [ -3.56595, 40.15487 ], [ -3.56594, 40.15397 ], [ -3.56593, 40.15307 ], [ -3.56593, 40.15217 ], [ -3.56592, 40.15127 ], [ -3.56591, 40.15037 ], [ -3.5659, 40.14946 ], [ -3.56708, 40.14946 ], [ -3.56707, 40.14856 ], [ -3.56824, 40.14855 ], [ -3.56942, 40.14855 ], [ -3.57059, 40.14854 ], [ -3.57177, 40.14853 ], [ -3.57294, 40.14853 ], [ -3.57293, 40.14763 ], [ -3.57411, 40.14762 ], [ -3.5741, 40.14672 ], [ -3.57527, 40.14672 ], [ -3.57527, 40.14581 ], [ -3.57526, 40.14491 ], [ -3.57643, 40.14491 ], [ -3.57642, 40.14401 ], [ -3.57642, 40.14311 ], [ -3.57524, 40.14311 ], [ -3.57523, 40.14221 ], [ -3.57406, 40.14222 ], [ -3.57405, 40.14132 ], [ -3.57405, 40.14041 ], [ -3.57404, 40.13951 ], [ -3.57521, 40.13951 ], [ -3.57638, 40.1386 ], [ -3.57755, 40.1386 ], [ -3.57754, 40.13769 ], [ -3.57872, 40.13769 ], [ -3.57989, 40.13768 ], [ -3.57988, 40.13678 ], [ -3.58106, 40.13678 ], [ -3.58222, 40.13587 ], [ -3.58222, 40.13497 ], [ -3.58339, 40.13496 ], [ -3.58338, 40.13406 ], [ -3.58338, 40.13316 ], [ -3.58337, 40.13226 ], [ -3.58336, 40.13136 ], [ -3.58335, 40.13046 ], [ -3.58334, 40.12956 ], [ -3.58334, 40.12866 ], [ -3.58451, 40.12865 ], [ -3.5845, 40.12775 ], [ -3.58568, 40.12774 ], [ -3.58685, 40.12774 ], [ -3.58802, 40.12773 ], [ -3.5892, 40.12773 ], [ -3.59037, 40.12772 ], [ -3.59154, 40.12771 ], [ -3.59154, 40.12681 ], [ -3.59271, 40.12681 ], [ -3.5927, 40.12591 ], [ -3.59269, 40.125 ], [ -3.59269, 40.1241 ], [ -3.59268, 40.1232 ], [ -3.59385, 40.1232 ], [ -3.59384, 40.1223 ], [ -3.59502, 40.12229 ], [ -3.59619, 40.12228 ], [ -3.59737, 40.12228 ], [ -3.59854, 40.12227 ], [ -3.59971, 40.12227 ], [ -3.5997, 40.12136 ], [ -3.60088, 40.12136 ], [ -3.60087, 40.12046 ], [ -3.60086, 40.11956 ], [ -3.60085, 40.11866 ], [ -3.59967, 40.11776 ], [ -3.59966, 40.11686 ], [ -3.59849, 40.11687 ], [ -3.59848, 40.11597 ], [ -3.5973, 40.11507 ], [ -3.59729, 40.11417 ], [ -3.59729, 40.11327 ], [ -3.59728, 40.11237 ], [ -3.59727, 40.11147 ], [ -3.59844, 40.11146 ], [ -3.59844, 40.11056 ], [ -3.59843, 40.10966 ], [ -3.5996, 40.10965 ], [ -3.59959, 40.10875 ], [ -3.60077, 40.10875 ], [ -3.60194, 40.10874 ], [ -3.60311, 40.10873 ], [ -3.60429, 40.10873 ], [ -3.60429, 40.10963 ], [ -3.60547, 40.10962 ], [ -3.60664, 40.10962 ], [ -3.60663, 40.10872 ], [ -3.60781, 40.10871 ], [ -3.61252, 40.11139 ], [ -3.61488, 40.11228 ], [ -3.61959, 40.11405 ], [ -3.62077, 40.11495 ], [ -3.62194, 40.11494 ], [ -3.62194, 40.11404 ], [ -3.62311, 40.11403 ], [ -3.62428, 40.11403 ], [ -3.62429, 40.11493 ], [ -3.62546, 40.11492 ], [ -3.62547, 40.11582 ], [ -3.62665, 40.11672 ], [ -3.62901, 40.11761 ], [ -3.63372, 40.11938 ], [ -3.63489, 40.11938 ], [ -3.64077, 40.12024 ], [ -3.64431, 40.12203 ], [ -3.64548, 40.12202 ], [ -3.64666, 40.12291 ], [ -3.64785, 40.12471 ], [ -3.6502, 40.1247 ], [ -3.65137, 40.12469 ], [ -3.65373, 40.12558 ], [ -3.65489, 40.12467 ], [ -3.65608, 40.12556 ], [ -3.6561, 40.12827 ], [ -3.6608, 40.12824 ], [ -3.66081, 40.12914 ], [ -3.66318, 40.13183 ], [ -3.66436, 40.13272 ], [ -3.66556, 40.13542 ], [ -3.66675, 40.13722 ], [ -3.66561, 40.13992 ], [ -3.66681, 40.14352 ], [ -3.66564, 40.14353 ] ] ] } },
{ "type": "Feature", "properties": { "ine_code": "28041", "name": "Cobeña" }, "geometry": { "type": "Polygon", "coordinates": [ [ [ -3.54462, 40.57029 ], [ -3.54345, 40.5712 ], [ -3.53991, 40.57122 ], [ -3.53991, 40.57212 ], [ -3.53874, 40.57303 ], [ -3.53875, 40.57483 ], [ -3.53877, 40.57663 ], [ -3.53878, 40.57753 ], [ -3.53996, 40.57842 ], [ -3.53879, 40.57933 ], [ -3.5388, 40.58023 ], [ -3.53998, 40.58023 ], [ -3.53999, 40.58203 ], [ -3.54, 40.58293 ], [ -3.54001, 40.58383 ], [ -3.53883, 40.58384 ], [ -3.53764, 40.58384 ], [ -3.53646, 40.58385 ], [ -3.53528, 40.58385 ], [ -3.53529, 40.58475 ], [ -3.53411, 40.58476 ], [ -3.53292, 40.58476 ], [ -3.53292, 40.58386 ], [ -3.53174, 40.58387 ], [ -3.53055, 40.58387 ], [ -3.52937, 40.58388 ], [ -3.52937, 40.58298 ], [ -3.52936, 40.58208 ], [ -3.52818, 40.58208 ], [ -3.527, 40.58209 ], [ -3.52581, 40.58209 ], [ -3.52581, 40.58119 ], [ -3.52463, 40.5812 ], [ -3.52344, 40.5812 ], [ -3.52226, 40.58121 ], [ -3.52108, 40.58121 ], [ -3.5199, 40.58122 ], [ -3.51872, 40.58122 ], [ -3.51754, 40.58123 ], [ -3.51635, 40.58124 ], [ -3.51399, 40.58125 ], [ -3.51282, 40.58215 ], [ -3.51164, 40.58216 ], [ -3.51045, 40.58216 ], [ -3.50927, 40.58217 ], [ -3.50809, 40.58217 ], [ -3.50692, 40.58308 ], [ -3.50573, 40.58308 ], [ -3.50455, 40.58309 ], [ -3.5022, 40.584 ], [ -3.49984, 40.58491 ], [ -3.49748, 40.58582 ], [ -3.49512, 40.58583 ], [ -3.49393, 40.58494 ], [ -3.49394, 40.58584 ], [ -3.49275, 40.58494 ], [ -3.49157, 40.58495 ], [ -3.49039, 40.58495 ], [ -3.48921, 40.58496 ], [ -3.48684, 40.58497 ], [ -3.48449, 40.58588 ], [ -3.4833, 40.58588 ], [ -3.48213, 40.58679 ], [ -3.48332, 40.58768 ], [ -3.48214, 40.58769 ], [ -3.48214, 40.58859 ], [ -3.48096, 40.5886 ], [ -3.47978, 40.5895 ], [ -3.47861, 40.59041 ], [ -3.47743, 40.59041 ], [ -3.47625, 40.59132 ], [ -3.47626, 40.59222 ], [ -3.47508, 40.59222 ], [ -3.47508, 40.59312 ], [ -3.4739, 40.59313 ], [ -3.47272, 40.59313 ], [ -3.47154, 40.59404 ], [ -3.47036, 40.59404 ], [ -3.46919, 40.59495 ], [ -3.46919, 40.59585 ], [ -3.46801, 40.59586 ], [ -3.46565, 40.59586 ], [ -3.4668, 40.59136 ], [ -3.46796, 40.58865 ], [ -3.47031, 40.58684 ], [ -3.47031, 40.58594 ], [ -3.4703, 40.58504 ], [ -3.47029, 40.58413 ], [ -3.47029, 40.58323 ], [ -3.47146, 40.58143 ], [ -3.47145, 40.58053 ], [ -3.47263, 40.58052 ], [ -3.47381, 40.58052 ], [ -3.47381, 40.57962 ], [ -3.4738, 40.57872 ], [ -3.47262, 40.57872 ], [ -3.47261, 40.57782 ], [ -3.47379, 40.57781 ], [ -3.47379, 40.57691 ], [ -3.47261, 40.57692 ], [ -3.4726, 40.57602 ], [ -3.47377, 40.57511 ], [ -3.47377, 40.57421 ], [ -3.47494, 40.57331 ], [ -3.47494, 40.5724 ], [ -3.47493, 40.5715 ], [ -3.47492, 40.5706 ], [ -3.47492, 40.5697 ], [ -3.47609, 40.5688 ], [ -3.47844, 40.56608 ], [ -3.48079, 40.56427 ], [ -3.48077, 40.56247 ], [ -3.48431, 40.56155 ], [ -3.48548, 40.56065 ], [ -3.48784, 40.55974 ], [ -3.48901, 40.55793 ], [ -3.489, 40.55613 ], [ -3.48899, 40.55523 ], [ -3.49253, 40.55431 ], [ -3.49608, 40.5552 ], [ -3.49843, 40.55429 ], [ -3.50196, 40.55247 ], [ -3.50195, 40.55157 ], [ -3.50195, 40.55067 ], [ -3.50194, 40.54977 ], [ -3.50193, 40.54887 ], [ -3.50193, 40.54797 ], [ -3.50311, 40.54796 ], [ -3.5031, 40.54706 ], [ -3.50192, 40.54707 ], [ -3.50309, 40.54616 ], [ -3.50189, 40.54346 ], [ -3.50425, 40.54255 ], [ -3.50543, 40.54255 ], [ -3.50542, 40.54164 ], [ -3.50542, 40.54074 ], [ -3.5066, 40.54074 ], [ -3.50777, 40.53983 ], [ -3.50894, 40.53893 ], [ -3.51013, 40.53892 ], [ -3.51131, 40.53892 ], [ -3.51249, 40.53891 ], [ -3.51368, 40.54071 ], [ -3.51487, 40.5416 ], [ -3.51606, 40.5425 ], [ -3.51843, 40.54429 ], [ -3.51962, 40.54519 ], [ -3.52199, 40.54608 ], [ -3.52437, 40.54877 ], [ -3.52556, 40.54966 ], [ -3.52676, 40.55146 ], [ -3.52794, 40.55235 ], [ -3.52795, 40.55326 ], [ -3.52914, 40.55415 ], [ -3.53151, 40.55504 ], [ -3.53388, 40.55593 ], [ -3.53388, 40.55683 ], [ -3.53625, 40.55772 ], [ -3.53744, 40.55772 ], [ -3.53862, 40.55861 ], [ -3.53981, 40.55951 ], [ -3.53982, 40.56041 ], [ -3.541, 40.5604 ], [ -3.54219, 40.5613 ], [ -3.54337, 40.56129 ], [ -3.54574, 40.56218 ], [ -3.54575, 40.56308 ], [ -3.54693, 40.56308 ], [ -3.54812, 40.56397 ], [ -3.5493, 40.56397 ], [ -3.55049, 40.56486 ], [ -3.54577, 40.56579 ], [ -3.54578, 40.56669 ], [ -3.5446, 40.56759 ], [ -3.54343, 40.5685 ], [ -3.54462, 40.56939 ], [ -3.54462, 40.57029 ] ] ] } },
{ "type": "Feature", "properties": { "ine_code": "28042", "name": "Colmenar del Arroyo" }, "geometry": { "type": "Polygon", "coordinates": [ [ [ -4.25042, 40.40716 ], [ -4.24463, 40.41263 ], [ -4.24464, 40.41353 ], [ -4.2389, 40.4217 ], [ -4.23893, 40.4235 ], [ -4.23674, 40.43253 ], [ -4.23558, 40.43344 ], [ -4.2309, 40.4353 ], [ -4.22975, 40.43711 ], [ -4.22744, 40.43984 ], [ -4.2263, 40.44165 ], [ -4.22513, 40.44256 ], [ -4.21917, 40.43902 ], [ -4.21462, 40.44808 ], [ -4.20879, 40.45174 ], [ -4.20645, 40.45267 ], [ -4.20766, 40.45446 ], [ -4.20532, 40.45538 ], [ -4.2006, 40.45543 ], [ -4.19703, 40.45367 ], [ -4.19345, 40.451 ], [ -4.18985, 40.44744 ], [ -4.18508, 40.44478 ], [ -4.18151, 40.44302 ], [ -4.1803, 40.44123 ], [ -4.17674, 40.43946 ], [ -4.17436, 40.43859 ], [ -4.17435, 40.43769 ], [ -4.17317, 40.4377 ], [ -4.17315, 40.4368 ], [ -4.17197, 40.43681 ], [ -4.17079, 40.43682 ], [ -4.16962, 40.43683 ], [ -4.1696, 40.43593 ], [ -4.16958, 40.43503 ], [ -4.16841, 40.43504 ], [ -4.16723, 40.43506 ], [ -4.16721, 40.43415 ], [ -4.1672, 40.43325 ], [ -4.16602, 40.43327 ], [ -4.166, 40.43236 ], [ -4.16482, 40.43238 ], [ -4.16481, 40.43148 ], [ -4.16479, 40.43058 ], [ -4.16478, 40.42967 ], [ -4.1636, 40.42969 ], [ -4.1624, 40.4288 ], [ -4.16122, 40.42881 ], [ -4.16239, 40.4279 ], [ -4.16237, 40.427 ], [ -4.16355, 40.42698 ], [ -4.16353, 40.42608 ], [ -4.16471, 40.42607 ], [ -4.1647, 40.42517 ], [ -4.16352, 40.42518 ], [ -4.16234, 40.42519 ], [ -4.16233, 40.42429 ], [ -4.16115, 40.42431 ], [ -4.16113, 40.42341 ], [ -4.15995, 40.42342 ], [ -4.15876, 40.42253 ], [ -4.15874, 40.42163 ], [ -4.15756, 40.42164 ], [ -4.15755, 40.42074 ], [ -4.15873, 40.42073 ], [ -4.15871, 40.41983 ], [ -4.15989, 40.41981 ], [ -4.16107, 40.4198 ], [ -4.16105, 40.4189 ], [ -4.16104, 40.418 ], [ -4.16102, 40.4171 ], [ -4.16101, 40.4162 ], [ -4.15983, 40.41621 ], [ -4.15981, 40.41531 ], [ -4.15863, 40.41532 ], [ -4.15862, 40.41442 ], [ -4.15744, 40.41443 ], [ -4.15626, 40.41445 ], [ -4.15625, 40.41354 ], [ -4.15507, 40.41356 ], [ -4.15505, 40.41266 ], [ -4.15504, 40.41175 ], [ -4.15622, 40.41174 ], [ -4.1562, 40.41084 ], [ -4.15619, 40.40994 ], [ -4.15501, 40.40995 ], [ -4.15499, 40.40905 ], [ -4.15498, 40.40815 ], [ -4.15615, 40.40814 ], [ -4.15614, 40.40724 ], [ -4.15732, 40.40723 ], [ -4.1573, 40.40633 ], [ -4.15612, 40.40634 ], [ -4.15611, 40.40544 ], [ -4.15729, 40.40543 ], [ -4.15727, 40.40453 ], [ -4.15845, 40.40451 ], [ -4.15846, 40.40541 ], [ -4.15964, 40.4054 ], [ -4.15963, 40.4045 ], [ -4.15843, 40.40361 ], [ -4.15842, 40.40271 ], [ -4.15958, 40.4018 ], [ -4.15957, 40.4009 ], [ -4.16074, 40.40089 ], [ -4.16192, 40.40088 ], [ -4.16191, 40.39997 ], [ -4.16073, 40.39999 ], [ -4.16071, 40.39909 ], [ -4.1607, 40.39818 ], [ -4.16068, 40.39728 ], [ -4.16186, 40.39727 ], [ -4.16184, 40.39637 ], [ -4.16302, 40.39636 ], [ -4.1642, 40.39635 ], [ -4.16419, 40.39545 ], [ -4.16417, 40.39455 ], [ -4.16299, 40.39456 ], [ -4.16298, 40.39366 ], [ -4.1618, 40.39367 ], [ -4.16178, 40.39277 ], [ -4.1606, 40.39278 ], [ -4.15941, 40.39189 ], [ -4.1594, 40.39099 ], [ -4.15938, 40.39009 ], [ -4.15936, 40.38919 ], [ -4.15935, 40.38829 ], [ -4.15933, 40.38739 ], [ -4.15932, 40.38649 ], [ -4.1593, 40.38559 ], [ -4.15813, 40.3856 ], [ -4.15811, 40.3847 ], [ -4.15693, 40.38471 ], [ -4.15692, 40.38381 ], [ -4.15574, 40.38382 ], [ -4.15572, 40.38292 ], [ -4.15453, 40.38203 ], [ -4.15451, 40.38113 ], [ -4.15334, 40.38114 ], [ -4.1545, 40.38023 ], [ -4.15448, 40.37933 ], [ -4.15331, 40.37934 ], [ -4.15329, 40.37844 ], [ -4.15328, 40.37754 ], [ -4.1521, 40.37755 ], [ -4.15208, 40.37665 ], [ -4.1509, 40.37666 ], [ -4.15089, 40.37576 ], [ -4.15087, 40.37486 ], [ -4.1497, 40.37487 ], [ -4.14968, 40.37397 ], [ -4.14967, 40.37307 ], [ -4.14965, 40.37217 ], [ -4.14963, 40.37127 ], [ -4.14846, 40.37128 ], [ -4.14726, 40.37039 ], [ -4.14725, 40.36949 ], [ -4.14723, 40.36859 ], [ -4.14606, 40.3686 ], [ -4.14604, 40.3677 ], [ -4.14603, 40.3668 ], [ -4.1472, 40.36679 ], [ -4.14719, 40.36589 ], [ -4.14717, 40.36499 ], [ -4.14835, 40.36497 ], [ -4.14833, 40.36407 ], [ -4.14951, 40.36406 ], [ -4.1495, 40.36316 ], [ -4.15067, 40.36315 ], [ -4.15066, 40.36225 ], [ -4.15184, 40.36224 ], [ -4.15182, 40.36134 ], [ -4.15181, 40.36044 ], [ -4.15179, 40.35954 ], [ -4.15178, 40.35863 ], [ -4.15176, 40.35773 ], [ -4.15174, 40.35683 ], [ -4.15057, 40.35684 ], [ -4.15055, 40.35594 ], [ -4.15173, 40.35593 ], [ -4.15291, 40.35592 ], [ -4.15289, 40.35502 ], [ -4.15407, 40.35501 ], [ -4.15525, 40.355 ], [ -4.15523, 40.3541 ], [ -4.15641, 40.35408 ], [ -4.15759, 40.35407 ], [ -4.15876, 40.35406 ], [ -4.15994, 40.35405 ], [ -4.16112, 40.35404 ], [ -4.1623, 40.35402 ], [ -4.16349, 40.35491 ], [ -4.16467, 40.3549 ], [ -4.16583, 40.35399 ], [ -4.167, 40.35398 ], [ -4.16818, 40.35397 ], [ -4.16936, 40.35395 ], [ -4.17054, 40.35394 ], [ -4.17171, 40.35393 ], [ -4.1717, 40.35303 ], [ -4.17288, 40.35302 ], [ -4.17405, 40.35301 ], [ -4.17404, 40.3521 ], [ -4.17521, 40.35209 ], [ -4.17639, 40.35208 ], [ -4.17638, 40.35118 ], [ -4.17755, 40.35117 ], [ -4.17873, 40.35116 ], [ -4.17991, 40.35114 ], [ -4.18109, 40.35113 ], [ -4.18107, 40.35023 ], [ -4.18225, 40.35022 ], [ -4.18223, 40.34932 ], [ -4.18222, 40.34842 ], [ -4.18339, 40.34841 ], [ -4.18341, 40.34931 ], [ -4.18459, 40.34929 ], [ -4.1846, 40.35019 ], [ -4.18578, 40.35018 ], [ -4.1858, 40.35108 ], [ -4.18581, 40.35198 ], [ -4.18699, 40.35197 ], [ -4.18817, 40.35196 ], [ -4.18818, 40.35286 ], [ -4.1882, 40.35376 ], [ -4.18937, 40.35375 ], [ -4.18939, 40.35465 ], [ -4.18821, 40.35466 ], [ -4.18704, 40.35467 ], [ -4.18705, 40.35558 ], [ -4.18587, 40.35559 ], [ -4.1847, 40.3556 ], [ -4.18471, 40.3565 ], [ -4.18589, 40.35649 ], [ -4.18591, 40.35739 ], [ -4.18708, 40.35738 ], [ -4.18826, 40.35736 ], [ -4.18828, 40.35827 ], [ -4.18829, 40.35917 ], [ -4.18831, 40.36007 ], [ -4.18949, 40.36005 ], [ -4.18947, 40.35915 ], [ -4.19065, 40.35914 ], [ -4.19182, 40.35913 ], [ -4.193, 40.35912 ], [ -4.1942, 40.36001 ], [ -4.19537, 40.35999 ], [ -4.19539, 40.36089 ], [ -4.19657, 40.36088 ], [ -4.19774, 40.36087 ], [ -4.19776, 40.36177 ], [ -4.19658, 40.36178 ], [ -4.1966, 40.36268 ], [ -4.19542, 40.3627 ], [ -4.19544, 40.3636 ], [ -4.19545, 40.3645 ], [ -4.19663, 40.36449 ], [ -4.19781, 40.36447 ], [ -4.19784, 40.36627 ], [ -4.19552, 40.3681 ], [ -4.19553, 40.369 ], [ -4.19437, 40.36991 ], [ -4.19439, 40.37081 ], [ -4.19321, 40.37083 ], [ -4.19322, 40.37173 ], [ -4.19324, 40.37263 ], [ -4.19206, 40.37264 ], [ -4.19208, 40.37354 ], [ -4.19092, 40.37445 ], [ -4.18975, 40.37537 ], [ -4.18977, 40.37627 ], [ -4.18746, 40.37899 ], [ -4.18628, 40.37901 ], [ -4.1863, 40.37991 ], [ -4.18632, 40.38081 ], [ -4.18749, 40.3808 ], [ -4.18751, 40.3817 ], [ -4.1887, 40.38258 ], [ -4.18988, 40.38257 ], [ -4.1899, 40.38347 ], [ -4.18991, 40.38437 ], [ -4.19109, 40.38436 ], [ -4.19111, 40.38526 ], [ -4.18993, 40.38528 ], [ -4.18994, 40.38618 ], [ -4.18996, 40.38708 ], [ -4.19114, 40.38706 ], [ -4.19115, 40.38797 ], [ -4.19233, 40.38795 ], [ -4.19235, 40.38885 ], [ -4.19236, 40.38975 ], [ -4.19354, 40.38974 ], [ -4.19356, 40.39064 ], [ -4.19357, 40.39154 ], [ -4.18891, 40.39429 ], [ -4.18187, 40.39617 ], [ -4.17953, 40.39709 ], [ -4.17955, 40.39799 ], [ -4.17839, 40.39891 ], [ -4.1784, 40.39981 ], [ -4.17842, 40.40071 ], [ -4.17843, 40.40161 ], [ -4.17961, 40.4016 ], [ -4.17963, 40.4025 ], [ -4.1808, 40.40249 ], [ -4.18082, 40.40339 ], [ -4.182, 40.40337 ], [ -4.18318, 40.40336 ], [ -4.18435, 40.40335 ], [ -4.18553, 40.40334 ], [ -4.18552, 40.40244 ], [ -4.1867, 40.40243 ], [ -4.18786, 40.40151 ], [ -4.18904, 40.4015 ], [ -4.19023, 40.40239 ], [ -4.19141, 40.40238 ], [ -4.19259, 40.40236 ], [ -4.1926, 40.40327 ], [ -4.19378, 40.40325 ], [ -4.19496, 40.40324 ], [ -4.19494, 40.40234 ], [ -4.19612, 40.40233 ], [ -4.19611, 40.40143 ], [ -4.19728, 40.40142 ], [ -4.19846, 40.4014 ], [ -4.19966, 40.40229 ], [ -4.20085, 40.40318 ], [ -4.20322, 40.40406 ], [ -4.20558, 40.40403 ], [ -4.2091, 40.40309 ], [ -4.21145, 40.40307 ], [ -4.21381, 40.40304 ], [ -4.21615, 40.40212 ], [ -4.21736, 40.40391 ], [ -4.22203, 40.40116 ], [ -4.22319, 40.40024 ], [ -4.22317, 40.39934 ], [ -4.22435, 40.39933 ], [ -4.22549, 40.39752 ], [ -4.22669, 40.3984 ], [ -4.22783, 40.39659 ], [ -4.22901, 40.39658 ], [ -4.23017, 40.39566 ], [ -4.23134, 40.39475 ], [ -4.2325, 40.39384 ], [ -4.23368, 40.39383 ], [ -4.23601, 40.3929 ], [ -4.24078, 40.39555 ], [ -4.24313, 40.39553 ], [ -4.24667, 40.39549 ], [ -4.24788, 40.39728 ], [ -4.24909, 40.39907 ], [ -4.2503, 40.40085 ], [ -4.25274, 40.40533 ], [ -4.25042, 40.40716 ] ] ] } },
{ "type": "Feature", "properties": { "ine_code": "28043", "name": "Colmenar de Oreja" }, "geometry": { "type": "Polygon", "coordinates": [ [ [ -3.57957, 40.09984 ], [ -3.57723, 40.10076 ], [ -3.57606, 40.10076 ], [ -3.57489, 40.10077 ], [ -3.57137, 40.10079 ], [ -3.57019, 40.10079 ], [ -3.56901, 40.0999 ], [ -3.56667, 40.09991 ], [ -3.56549, 40.09991 ], [ -3.56432, 40.09992 ], [ -3.56315, 40.09993 ], [ -3.56197, 40.09993 ], [ -3.56197, 40.09903 ], [ -3.56079, 40.09904 ], [ -3.5608, 40.09994 ], [ -3.55963, 40.09994 ], [ -3.55845, 40.09995 ], [ -3.55728, 40.09995 ], [ -3.55611, 40.09996 ], [ -3.5526, 40.10178 ], [ -3.55026, 40.10179 ], [ -3.54908, 40.10179 ], [ -3.54555, 40.10001 ], [ -3.54437, 40.09911 ], [ -3.54084, 40.09823 ], [ -3.53262, 40.09647 ], [ -3.53144, 40.09557 ], [ -3.52556, 40.0938 ], [ -3.52085, 40.09201 ], [ -3.51732, 40.09113 ], [ -3.51497, 40.09024 ], [ -3.51262, 40.08935 ], [ -3.51027, 40.08846 ], [ -3.50673, 40.08667 ], [ -3.50438, 40.08578 ], [ -3.5032, 40.08489 ], [ -3.50086, 40.0858 ], [ -3.49735, 40.08671 ], [ -3.49148, 40.08584 ], [ -3.48796, 40.08585 ], [ -3.48211, 40.08768 ], [ -3.47977, 40.08859 ], [ -3.47744, 40.0904 ], [ -3.47276, 40.09312 ], [ -3.47043, 40.09493 ], [ -3.46692, 40.09675 ], [ -3.46342, 40.09947 ], [ -3.4611, 40.10308 ], [ -3.45995, 40.10669 ], [ -3.45996, 40.10849 ], [ -3.45881, 40.1112 ], [ -3.45765, 40.1139 ], [ -3.45531, 40.11481 ], [ -3.45532, 40.11572 ], [ -3.45532, 40.11662 ], [ -3.45533, 40.11842 ], [ -3.45299, 40.11843 ], [ -3.45064, 40.11844 ], [ -3.44946, 40.11754 ], [ -3.44593, 40.11665 ], [ -3.44477, 40.11846 ], [ -3.44242, 40.11757 ], [ -3.44124, 40.11667 ], [ -3.44006, 40.11577 ], [ -3.4389, 40.11758 ], [ -3.43773, 40.11849 ], [ -3.43774, 40.11939 ], [ -3.43539, 40.1194 ], [ -3.43304, 40.1185 ], [ -3.43186, 40.11761 ], [ -3.43069, 40.11851 ], [ -3.42718, 40.11943 ], [ -3.42483, 40.11944 ], [ -3.42365, 40.11944 ], [ -3.42131, 40.12035 ], [ -3.42014, 40.12035 ], [ -3.41662, 40.12127 ], [ -3.41545, 40.12127 ], [ -3.41428, 40.12128 ], [ -3.4131, 40.12128 ], [ -3.41311, 40.12218 ], [ -3.41194, 40.12218 ], [ -3.41194, 40.12309 ], [ -3.41077, 40.12309 ], [ -3.41077, 40.12399 ], [ -3.41078, 40.12489 ], [ -3.4096, 40.1249 ], [ -3.40961, 40.1258 ], [ -3.40844, 40.1267 ], [ -3.40727, 40.12761 ], [ -3.40611, 40.12851 ], [ -3.40611, 40.12941 ], [ -3.40494, 40.12942 ], [ -3.40494, 40.13032 ], [ -3.40377, 40.13122 ], [ -3.40261, 40.13213 ], [ -3.40026, 40.13304 ], [ -3.39792, 40.13305 ], [ -3.39674, 40.13305 ], [ -3.39439, 40.13306 ], [ -3.39088, 40.13397 ], [ -3.38736, 40.13488 ], [ -3.38619, 40.13579 ], [ -3.38501, 40.13489 ], [ -3.38267, 40.1349 ], [ -3.38031, 40.13401 ], [ -3.37914, 40.13401 ], [ -3.37797, 40.13401 ], [ -3.37678, 40.13131 ], [ -3.37442, 40.12952 ], [ -3.37442, 40.12862 ], [ -3.37441, 40.12772 ], [ -3.37324, 40.12772 ], [ -3.37323, 40.12682 ], [ -3.37087, 40.12503 ], [ -3.3697, 40.12413 ], [ -3.36852, 40.12413 ], [ -3.36499, 40.12144 ], [ -3.36381, 40.12054 ], [ -3.36264, 40.12055 ], [ -3.36028, 40.11875 ], [ -3.35558, 40.11787 ], [ -3.35206, 40.11788 ], [ -3.35088, 40.11698 ], [ -3.34852, 40.11428 ], [ -3.34734, 40.11249 ], [ -3.34499, 40.11159 ], [ -3.3438, 40.10979 ], [ -3.34379, 40.10619 ], [ -3.34495, 40.10438 ], [ -3.34494, 40.10258 ], [ -3.34727, 40.09987 ], [ -3.34844, 40.09807 ], [ -3.34843, 40.09717 ], [ -3.34843, 40.09627 ], [ -3.3496, 40.09536 ], [ -3.34842, 40.09446 ], [ -3.34958, 40.09266 ], [ -3.34958, 40.09176 ], [ -3.34957, 40.09086 ], [ -3.34957, 40.08996 ], [ -3.34839, 40.08816 ], [ -3.3472, 40.08546 ], [ -3.3472, 40.08456 ], [ -3.34601, 40.08276 ], [ -3.34483, 40.08006 ], [ -3.346, 40.08006 ], [ -3.34834, 40.07915 ], [ -3.34951, 40.07824 ], [ -3.34951, 40.07734 ], [ -3.35185, 40.07733 ], [ -3.3542, 40.07733 ], [ -3.35536, 40.07642 ], [ -3.35654, 40.07642 ], [ -3.35771, 40.07642 ], [ -3.36005, 40.07551 ], [ -3.3624, 40.0755 ], [ -3.36357, 40.0755 ], [ -3.36474, 40.07549 ], [ -3.36591, 40.07549 ], [ -3.36826, 40.07548 ], [ -3.36943, 40.07548 ], [ -3.37061, 40.07547 ], [ -3.37295, 40.07547 ], [ -3.3753, 40.07546 ], [ -3.37764, 40.07455 ], [ -3.37763, 40.07365 ], [ -3.37879, 40.07094 ], [ -3.37879, 40.07004 ], [ -3.37878, 40.06824 ], [ -3.37877, 40.06644 ], [ -3.37757, 40.06284 ], [ -3.37757, 40.06194 ], [ -3.37639, 40.06104 ], [ -3.37521, 40.05924 ], [ -3.37403, 40.05835 ], [ -3.37402, 40.05654 ], [ -3.37401, 40.05474 ], [ -3.37518, 40.05384 ], [ -3.37517, 40.05294 ], [ -3.37634, 40.05113 ], [ -3.3775, 40.05023 ], [ -3.37868, 40.05022 ], [ -3.37868, 40.05112 ], [ -3.37985, 40.05112 ], [ -3.38103, 40.05111 ], [ -3.3822, 40.05111 ], [ -3.3822, 40.05201 ], [ -3.38338, 40.05201 ], [ -3.38455, 40.052 ], [ -3.38572, 40.052 ], [ -3.38571, 40.0511 ], [ -3.38571, 40.0502 ], [ -3.38688, 40.05019 ], [ -3.38688, 40.04929 ], [ -3.38805, 40.04929 ], [ -3.38922, 40.04929 ], [ -3.39039, 40.04928 ], [ -3.39039, 40.04838 ], [ -3.39156, 40.04838 ], [ -3.39156, 40.04748 ], [ -3.39273, 40.04747 ], [ -3.39272, 40.04657 ], [ -3.39389, 40.04567 ], [ -3.39389, 40.04476 ], [ -3.39388, 40.04386 ], [ -3.39387, 40.04296 ], [ -3.39387, 40.04206 ], [ -3.3927, 40.04207 ], [ -3.39269, 40.04116 ], [ -3.39152, 40.04117 ], [ -3.39151, 40.04027 ], [ -3.39151, 40.03937 ], [ -3.3915, 40.03847 ], [ -3.39268, 40.03846 ], [ -3.39267, 40.03756 ], [ -3.39267, 40.03666 ], [ -3.39383, 40.03576 ], [ -3.39501, 40.03575 ], [ -3.39618, 40.03575 ], [ -3.39734, 40.03484 ], [ -3.39852, 40.03484 ], [ -3.39969, 40.03483 ], [ -3.40086, 40.03393 ], [ -3.40203, 40.03393 ], [ -3.4032, 40.03482 ], [ -3.40438, 40.03482 ], [ -3.40438, 40.03572 ], [ -3.40555, 40.03571 ], [ -3.40673, 40.03571 ], [ -3.40673, 40.03661 ], [ -3.4079, 40.03661 ], [ -3.40908, 40.0366 ], [ -3.40908, 40.0375 ], [ -3.41025, 40.0375 ], [ -3.41026, 40.0384 ], [ -3.40909, 40.03931 ], [ -3.40792, 40.03931 ], [ -3.40793, 40.04021 ], [ -3.4091, 40.04021 ], [ -3.4091, 40.04111 ], [ -3.41028, 40.042 ], [ -3.41145, 40.042 ], [ -3.41145, 40.0411 ], [ -3.41262, 40.042 ], [ -3.4138, 40.04199 ], [ -3.41497, 40.04199 ], [ -3.41497, 40.04289 ], [ -3.41615, 40.04289 ], [ -3.41615, 40.04379 ], [ -3.41616, 40.04469 ], [ -3.41733, 40.04468 ], [ -3.41851, 40.04558 ], [ -3.41968, 40.04558 ], [ -3.42085, 40.04557 ], [ -3.42085, 40.04467 ], [ -3.42202, 40.04467 ], [ -3.42202, 40.04557 ], [ -3.4232, 40.04556 ], [ -3.4232, 40.04646 ], [ -3.42437, 40.04646 ], [ -3.42555, 40.04645 ], [ -3.42672, 40.04645 ], [ -3.42671, 40.04555 ], [ -3.42671, 40.04465 ], [ -3.4267, 40.04375 ], [ -3.42787, 40.04374 ], [ -3.42787, 40.04284 ], [ -3.42786, 40.04194 ], [ -3.42903, 40.04104 ], [ -3.42902, 40.04014 ], [ -3.42902, 40.03923 ], [ -3.42901, 40.03833 ], [ -3.43019, 40.03833 ], [ -3.43136, 40.03832 ], [ -3.43253, 40.03832 ], [ -3.4337, 40.03832 ], [ -3.43371, 40.03922 ], [ -3.43488, 40.03921 ], [ -3.43605, 40.03921 ], [ -3.43605, 40.03831 ], [ -3.43722, 40.0383 ], [ -3.43839, 40.0383 ], [ -3.4384, 40.0392 ], [ -3.43957, 40.03919 ], [ -3.44074, 40.03919 ], [ -3.44191, 40.03828 ], [ -3.44308, 40.03828 ], [ -3.44425, 40.03828 ], [ -3.44424, 40.03737 ], [ -3.44542, 40.03737 ], [ -3.44659, 40.03737 ], [ -3.44777, 40.03826 ], [ -3.44777, 40.03916 ], [ -3.44778, 40.04006 ], [ -3.44778, 40.04097 ], [ -3.44896, 40.04096 ], [ -3.44896, 40.04186 ], [ -3.44897, 40.04276 ], [ -3.44897, 40.04366 ], [ -3.44898, 40.04456 ], [ -3.44781, 40.04457 ], [ -3.44781, 40.04547 ], [ -3.44782, 40.04637 ], [ -3.44783, 40.04727 ], [ -3.44665, 40.04728 ], [ -3.44666, 40.04818 ], [ -3.44783, 40.04817 ], [ -3.44784, 40.04907 ], [ -3.44784, 40.04997 ], [ -3.44902, 40.04997 ], [ -3.44901, 40.04907 ], [ -3.45018, 40.04906 ], [ -3.45135, 40.04906 ], [ -3.45136, 40.04996 ], [ -3.45253, 40.04996 ], [ -3.45371, 40.04995 ], [ -3.45488, 40.04995 ], [ -3.45605, 40.04994 ], [ -3.45604, 40.04904 ], [ -3.45487, 40.04815 ], [ -3.45486, 40.04724 ], [ -3.45485, 40.04634 ], [ -3.45603, 40.04634 ], [ -3.4572, 40.04633 ], [ -3.45836, 40.04543 ], [ -3.45954, 40.04542 ], [ -3.46071, 40.04542 ], [ -3.46188, 40.04451 ], [ -3.46305, 40.04451 ], [ -3.46421, 40.0436 ], [ -3.46539, 40.0436 ], [ -3.46538, 40.0427 ], [ -3.46655, 40.04269 ], [ -3.46772, 40.04179 ], [ -3.46888, 40.04088 ], [ -3.47006, 40.04088 ], [ -3.47123, 40.04087 ], [ -3.4724, 40.04087 ], [ -3.47241, 40.04177 ], [ -3.47358, 40.04176 ], [ -3.47359, 40.04266 ], [ -3.47359, 40.04357 ], [ -3.47243, 40.04447 ], [ -3.47243, 40.04537 ], [ -3.47244, 40.04627 ], [ -3.47361, 40.04627 ], [ -3.47478, 40.04536 ], [ -3.47595, 40.04536 ], [ -3.47712, 40.04535 ], [ -3.47829, 40.04445 ], [ -3.47946, 40.04444 ], [ -3.47947, 40.04534 ], [ -3.48064, 40.04534 ], [ -3.48181, 40.04533 ], [ -3.48182, 40.04623 ], [ -3.48299, 40.04623 ], [ -3.48416, 40.04622 ], [ -3.48415, 40.04532 ], [ -3.48533, 40.04532 ], [ -3.48532, 40.04442 ], [ -3.48531, 40.04352 ], [ -3.48531, 40.04262 ], [ -3.4853, 40.04172 ], [ -3.48647, 40.04171 ], [ -3.48764, 40.0408 ], [ -3.48881, 40.0408 ], [ -3.48882, 40.0417 ], [ -3.48882, 40.0426 ], [ -3.48883, 40.0435 ], [ -3.49, 40.0435 ], [ -3.49001, 40.0444 ], [ -3.49002, 40.0453 ], [ -3.49002, 40.0462 ], [ -3.49003, 40.0471 ], [ -3.49003, 40.048 ], [ -3.49121, 40.048 ], [ -3.49238, 40.04799 ], [ -3.49237, 40.04709 ], [ -3.49355, 40.04709 ], [ -3.49472, 40.04708 ], [ -3.49472, 40.04798 ], [ -3.4959, 40.04798 ], [ -3.49589, 40.04708 ], [ -3.49706, 40.04617 ], [ -3.49705, 40.04527 ], [ -3.49822, 40.04526 ], [ -3.49939, 40.04526 ], [ -3.50057, 40.04525 ], [ -3.50174, 40.04525 ], [ -3.50292, 40.04614 ], [ -3.50409, 40.04614 ], [ -3.5041, 40.04704 ], [ -3.50527, 40.04704 ], [ -3.50527, 40.04794 ], [ -3.50528, 40.04884 ], [ -3.50645, 40.04883 ], [ -3.50763, 40.04883 ], [ -3.50762, 40.04793 ], [ -3.50761, 40.04703 ], [ -3.50644, 40.04703 ], [ -3.50643, 40.04613 ], [ -3.50643, 40.04523 ], [ -3.50759, 40.04432 ], [ -3.50876, 40.04432 ], [ -3.50877, 40.04522 ], [ -3.50994, 40.04521 ], [ -3.50995, 40.04611 ], [ -3.51112, 40.04611 ], [ -3.51112, 40.04521 ], [ -3.51111, 40.04431 ], [ -3.5111, 40.04341 ], [ -3.51227, 40.0425 ], [ -3.51344, 40.04249 ], [ -3.51462, 40.04339 ], [ -3.51579, 40.04339 ], [ -3.51696, 40.04338 ], [ -3.51697, 40.04428 ], [ -3.51698, 40.04518 ], [ -3.5158, 40.04519 ], [ -3.51463, 40.04429 ], [ -3.51463, 40.04519 ], [ -3.51346, 40.0452 ], [ -3.51347, 40.0461 ], [ -3.51347, 40.047 ], [ -3.51348, 40.0479 ], [ -3.51349, 40.0488 ], [ -3.51466, 40.0488 ], [ -3.51583, 40.04879 ], [ -3.51583, 40.04789 ], [ -3.51582, 40.04699 ], [ -3.51699, 40.04698 ], [ -3.51816, 40.04698 ], [ -3.51817, 40.04788 ], [ -3.51935, 40.04878 ], [ -3.51936, 40.04968 ], [ -3.51936, 40.05058 ], [ -3.51819, 40.05058 ], [ -3.5182, 40.05148 ], [ -3.5182, 40.05238 ], [ -3.51938, 40.05238 ], [ -3.52055, 40.05237 ], [ -3.52171, 40.05147 ], [ -3.52289, 40.05146 ], [ -3.52405, 40.05056 ], [ -3.52522, 40.04965 ], [ -3.52521, 40.04875 ], [ -3.5252, 40.04785 ], [ -3.52638, 40.04784 ], [ -3.52755, 40.04784 ], [ -3.52755, 40.04874 ], [ -3.52873, 40.04873 ], [ -3.52873, 40.04963 ], [ -3.52874, 40.05053 ], [ -3.52875, 40.05144 ], [ -3.52992, 40.05143 ], [ -3.53109, 40.05142 ], [ -3.5311, 40.05233 ], [ -3.53227, 40.05232 ], [ -3.53227, 40.05142 ], [ -3.53344, 40.05141 ], [ -3.53343, 40.05051 ], [ -3.5346, 40.05051 ], [ -3.5346, 40.04961 ], [ -3.53577, 40.0496 ], [ -3.53576, 40.0487 ], [ -3.53693, 40.0487 ], [ -3.53694, 40.0496 ], [ -3.53811, 40.04959 ], [ -3.53812, 40.05049 ], [ -3.53929, 40.05049 ], [ -3.54046, 40.05048 ], [ -3.54164, 40.05048 ], [ -3.54163, 40.04957 ], [ -3.5428, 40.04957 ], [ -3.54397, 40.04956 ], [ -3.54633, 40.05045 ], [ -3.54048, 40.05228 ], [ -3.53344, 40.05232 ], [ -3.53466, 40.05772 ], [ -3.53592, 40.06852 ], [ -3.53709, 40.06852 ], [ -3.53826, 40.06851 ], [ -3.53943, 40.0685 ], [ -3.54061, 40.0685 ], [ -3.54177, 40.06759 ], [ -3.54294, 40.06759 ], [ -3.54529, 40.06758 ], [ -3.54764, 40.06757 ], [ -3.54998, 40.06755 ], [ -3.55115, 40.06665 ], [ -3.55232, 40.06664 ], [ -3.55349, 40.06664 ], [ -3.55466, 40.06663 ], [ -3.55584, 40.06663 ], [ -3.55701, 40.06662 ], [ -3.55818, 40.06661 ], [ -3.55935, 40.06661 ], [ -3.56053, 40.0666 ], [ -3.5617, 40.0666 ], [ -3.56287, 40.06659 ], [ -3.56286, 40.06569 ], [ -3.56404, 40.06568 ], [ -3.56521, 40.06568 ], [ -3.56638, 40.06567 ], [ -3.56989, 40.06475 ], [ -3.57457, 40.06293 ], [ -3.57573, 40.06202 ], [ -3.58041, 40.0602 ], [ -3.58157, 40.05929 ], [ -3.58274, 40.05838 ], [ -3.58625, 40.05837 ], [ -3.58742, 40.05746 ], [ -3.58977, 40.05835 ], [ -3.59215, 40.06194 ], [ -3.59334, 40.06464 ], [ -3.59454, 40.06733 ], [ -3.59219, 40.06735 ], [ -3.59103, 40.06825 ], [ -3.59104, 40.06915 ], [ -3.59106, 40.07186 ], [ -3.59107, 40.07276 ], [ -3.58991, 40.07457 ], [ -3.58875, 40.07637 ], [ -3.5876, 40.07908 ], [ -3.58645, 40.08089 ], [ -3.58646, 40.08269 ], [ -3.58648, 40.08449 ], [ -3.58532, 40.0863 ], [ -3.58533, 40.0872 ], [ -3.58416, 40.08811 ], [ -3.58536, 40.09081 ], [ -3.58537, 40.09261 ], [ -3.58305, 40.09532 ], [ -3.58074, 40.09894 ], [ -3.57957, 40.09984 ] ] ] } },
{ "type": "Feature", "properties": { "ine_code": "28044", "name": "Colmenarejo" }, "geometry": { "type": "Polygon", "coordinates": [ [ [ -4.04673, 40.57134 ], [ -4.04674, 40.57224 ], [ -4.04676, 40.57314 ], [ -4.04677, 40.57404 ], [ -4.0456, 40.57495 ], [ -4.04562, 40.57586 ], [ -4.04563, 40.57676 ], [ -4.04564, 40.57766 ], [ -4.04566, 40.57856 ], [ -4.04567, 40.57946 ], [ -4.04569, 40.58036 ], [ -4.04687, 40.58035 ], [ -4.04688, 40.58125 ], [ -4.0469, 40.58215 ], [ -4.04808, 40.58214 ], [ -4.04809, 40.58304 ], [ -4.04691, 40.58305 ], [ -4.04573, 40.58306 ], [ -4.04455, 40.58307 ], [ -4.04337, 40.58308 ], [ -4.04338, 40.58398 ], [ -4.0422, 40.58399 ], [ -4.04102, 40.584 ], [ -4.03984, 40.58402 ], [ -4.03982, 40.58311 ], [ -4.03864, 40.58313 ], [ -4.03746, 40.58314 ], [ -4.03628, 40.58315 ], [ -4.0351, 40.58316 ], [ -4.03391, 40.58317 ], [ -4.03273, 40.58318 ], [ -4.03155, 40.58319 ], [ -4.03036, 40.5823 ], [ -4.03034, 40.5814 ], [ -4.02916, 40.58141 ], [ -4.02915, 40.58051 ], [ -4.02913, 40.57961 ], [ -4.02795, 40.57962 ], [ -4.02794, 40.57872 ], [ -4.02676, 40.57873 ], [ -4.02558, 40.57874 ], [ -4.02556, 40.57784 ], [ -4.02555, 40.57694 ], [ -4.02553, 40.57604 ], [ -4.02552, 40.57513 ], [ -4.02551, 40.57423 ], [ -4.02549, 40.57333 ], [ -4.02431, 40.57334 ], [ -4.02312, 40.57245 ], [ -4.02192, 40.57156 ], [ -4.02073, 40.57067 ], [ -4.01716, 40.5689 ], [ -4.01597, 40.56891 ], [ -4.01478, 40.56802 ], [ -4.01359, 40.56713 ], [ -4.01238, 40.56534 ], [ -4.0112, 40.56535 ], [ -4.01118, 40.56445 ], [ -4.00999, 40.56356 ], [ -4.00524, 40.5618 ], [ -4.00639, 40.55999 ], [ -4.00754, 40.55818 ], [ -4.00634, 40.55638 ], [ -4.00514, 40.55549 ], [ -4.00274, 40.55281 ], [ -4.00034, 40.55013 ], [ -4.00032, 40.54923 ], [ -4.00031, 40.54833 ], [ -4.0003, 40.54743 ], [ -4.00028, 40.54653 ], [ -4.00027, 40.54563 ], [ -4.00026, 40.54473 ], [ -3.99908, 40.54474 ], [ -3.99906, 40.54384 ], [ -3.99905, 40.54294 ], [ -3.99904, 40.54203 ], [ -3.99784, 40.54114 ], [ -3.99783, 40.54024 ], [ -3.99782, 40.53934 ], [ -3.99662, 40.53845 ], [ -3.99661, 40.53755 ], [ -3.99543, 40.53756 ], [ -3.99541, 40.53666 ], [ -3.9954, 40.53576 ], [ -3.99539, 40.53486 ], [ -3.99421, 40.53487 ], [ -3.99419, 40.53397 ], [ -3.99301, 40.53398 ], [ -3.993, 40.53308 ], [ -3.99182, 40.53309 ], [ -3.99181, 40.53219 ], [ -3.99179, 40.53129 ], [ -3.99061, 40.5313 ], [ -3.9906, 40.5304 ], [ -3.98942, 40.53041 ], [ -3.98824, 40.53042 ], [ -3.98822, 40.52952 ], [ -3.9894, 40.5295 ], [ -3.98939, 40.5286 ], [ -3.99057, 40.52859 ], [ -3.99056, 40.52769 ], [ -3.99055, 40.52679 ], [ -3.98937, 40.5268 ], [ -3.98935, 40.5259 ], [ -3.99053, 40.52589 ], [ -3.99052, 40.52499 ], [ -3.98934, 40.525 ], [ -3.98933, 40.5241 ], [ -3.98814, 40.52411 ], [ -3.98813, 40.52321 ], [ -3.98931, 40.5232 ], [ -3.9893, 40.5223 ], [ -3.98812, 40.52231 ], [ -3.98811, 40.52141 ], [ -3.98692, 40.52142 ], [ -3.98691, 40.52052 ], [ -3.98573, 40.52053 ], [ -3.98572, 40.51963 ], [ -3.9857, 40.51873 ], [ -3.98452, 40.51874 ], [ -3.98451, 40.51784 ], [ -3.9845, 40.51693 ], [ -3.98565, 40.51512 ], [ -3.98681, 40.51331 ], [ -3.98679, 40.51241 ], [ -3.98678, 40.51151 ], [ -3.98792, 40.5088 ], [ -3.99023, 40.50517 ], [ -3.99257, 40.50425 ], [ -3.99373, 40.50244 ], [ -3.99489, 40.50153 ], [ -3.99488, 40.50063 ], [ -3.99487, 40.49973 ], [ -3.99485, 40.49883 ], [ -3.99603, 40.49882 ], [ -3.99602, 40.49792 ], [ -3.99601, 40.49702 ], [ -3.99599, 40.49612 ], [ -3.99598, 40.49522 ], [ -3.99597, 40.49431 ], [ -3.99715, 40.4943 ], [ -3.99713, 40.4934 ], [ -3.99831, 40.49339 ], [ -3.9983, 40.49249 ], [ -3.99829, 40.49159 ], [ -3.99827, 40.49069 ], [ -3.99945, 40.49068 ], [ -3.99944, 40.48978 ], [ -4.00062, 40.48977 ], [ -4.00061, 40.48887 ], [ -3.99943, 40.48888 ], [ -3.99941, 40.48798 ], [ -4.00059, 40.48797 ], [ -4.00058, 40.48707 ], [ -4.00057, 40.48617 ], [ -4.00055, 40.48527 ], [ -4.00173, 40.48526 ], [ -4.00175, 40.48616 ], [ -4.00293, 40.48615 ], [ -4.00294, 40.48705 ], [ -4.00412, 40.48704 ], [ -4.0053, 40.48703 ], [ -4.00648, 40.48702 ], [ -4.00649, 40.48792 ], [ -4.00651, 40.48882 ], [ -4.00533, 40.48883 ], [ -4.00534, 40.48973 ], [ -4.00535, 40.49063 ], [ -4.00653, 40.49062 ], [ -4.00771, 40.49061 ], [ -4.00773, 40.49151 ], [ -4.00891, 40.4915 ], [ -4.01009, 40.49149 ], [ -4.01007, 40.49059 ], [ -4.01125, 40.49058 ], [ -4.01245, 40.49147 ], [ -4.01246, 40.49237 ], [ -4.01364, 40.49236 ], [ -4.01365, 40.49326 ], [ -4.01483, 40.49325 ], [ -4.01485, 40.49415 ], [ -4.01603, 40.49414 ], [ -4.01604, 40.49504 ], [ -4.01605, 40.49594 ], [ -4.01723, 40.49593 ], [ -4.01722, 40.49503 ], [ -4.0184, 40.49502 ], [ -4.01841, 40.49592 ], [ -4.01959, 40.49591 ], [ -4.01961, 40.49681 ], [ -4.01843, 40.49682 ], [ -4.01844, 40.49772 ], [ -4.01845, 40.49862 ], [ -4.01847, 40.49952 ], [ -4.01848, 40.50042 ], [ -4.0173, 40.50043 ], [ -4.01731, 40.50134 ], [ -4.01733, 40.50224 ], [ -4.01734, 40.50314 ], [ -4.01736, 40.50404 ], [ -4.01737, 40.50494 ], [ -4.01855, 40.50493 ], [ -4.01856, 40.50583 ], [ -4.01858, 40.50673 ], [ -4.01976, 40.50672 ], [ -4.01977, 40.50762 ], [ -4.02095, 40.50761 ], [ -4.02096, 40.50851 ], [ -4.02098, 40.50941 ], [ -4.02216, 40.5094 ], [ -4.02217, 40.5103 ], [ -4.02099, 40.51031 ], [ -4.021, 40.51121 ], [ -4.02102, 40.51211 ], [ -4.02103, 40.51301 ], [ -4.02105, 40.51391 ], [ -4.02223, 40.5139 ], [ -4.02224, 40.51481 ], [ -4.02342, 40.51479 ], [ -4.02343, 40.5157 ], [ -4.02345, 40.5166 ], [ -4.02346, 40.5175 ], [ -4.02464, 40.51749 ], [ -4.02466, 40.51839 ], [ -4.02584, 40.51838 ], [ -4.02702, 40.51837 ], [ -4.02703, 40.51927 ], [ -4.02704, 40.52017 ], [ -4.02586, 40.52018 ], [ -4.02588, 40.52108 ], [ -4.02589, 40.52198 ], [ -4.0259, 40.52288 ], [ -4.02592, 40.52378 ], [ -4.0271, 40.52377 ], [ -4.02711, 40.52467 ], [ -4.02829, 40.52466 ], [ -4.02831, 40.52556 ], [ -4.02949, 40.52555 ], [ -4.0295, 40.52645 ], [ -4.02832, 40.52646 ], [ -4.02833, 40.52736 ], [ -4.02953, 40.52825 ], [ -4.03072, 40.52914 ], [ -4.0319, 40.52913 ], [ -4.03308, 40.52912 ], [ -4.03426, 40.52911 ], [ -4.03428, 40.53001 ], [ -4.03546, 40.53 ], [ -4.03547, 40.5309 ], [ -4.03549, 40.5318 ], [ -4.0355, 40.5327 ], [ -4.03551, 40.53361 ], [ -4.03669, 40.53359 ], [ -4.03671, 40.5345 ], [ -4.03789, 40.53448 ], [ -4.0379, 40.53539 ], [ -4.03908, 40.53537 ], [ -4.04026, 40.53536 ], [ -4.04028, 40.53627 ], [ -4.04146, 40.53625 ], [ -4.04264, 40.53624 ], [ -4.04382, 40.53623 ], [ -4.045, 40.53622 ], [ -4.04618, 40.53621 ], [ -4.04617, 40.53531 ], [ -4.04735, 40.5353 ], [ -4.04853, 40.53529 ], [ -4.04854, 40.53619 ], [ -4.04972, 40.53618 ], [ -4.0509, 40.53617 ], [ -4.05208, 40.53616 ], [ -4.05326, 40.53615 ], [ -4.05328, 40.53705 ], [ -4.05329, 40.53795 ], [ -4.05331, 40.53885 ], [ -4.05449, 40.53884 ], [ -4.0545, 40.53974 ], [ -4.05333, 40.54065 ], [ -4.05335, 40.54155 ], [ -4.05336, 40.54245 ], [ -4.05218, 40.54246 ], [ -4.0522, 40.54336 ], [ -4.05221, 40.54426 ], [ -4.05222, 40.54517 ], [ -4.05106, 40.54608 ], [ -4.05107, 40.54698 ], [ -4.05109, 40.54788 ], [ -4.0511, 40.54878 ], [ -4.05111, 40.54968 ], [ -4.05113, 40.55058 ], [ -4.04995, 40.55059 ], [ -4.04996, 40.55149 ], [ -4.04998, 40.55239 ], [ -4.04999, 40.55329 ], [ -4.05, 40.55419 ], [ -4.04882, 40.55421 ], [ -4.04884, 40.55511 ], [ -4.04885, 40.55601 ], [ -4.04886, 40.55691 ], [ -4.04888, 40.55781 ], [ -4.04889, 40.55871 ], [ -4.04891, 40.55961 ], [ -4.04892, 40.56051 ], [ -4.04774, 40.56052 ], [ -4.04775, 40.56142 ], [ -4.04777, 40.56232 ], [ -4.04778, 40.56322 ], [ -4.0478, 40.56412 ], [ -4.04781, 40.56502 ], [ -4.04782, 40.56593 ], [ -4.04784, 40.56683 ], [ -4.04785, 40.56773 ], [ -4.04787, 40.56863 ], [ -4.04788, 40.56953 ], [ -4.04789, 40.57043 ], [ -4.04671, 40.57044 ], [ -4.04673, 40.57134 ] ] ] } },
{ "type": "Feature", "properties": { "ine_code": "28045", "name": "Colmenar Viejo" }, "geometry": { "type": "Polygon", "coordinates": [ [ [ -3.86223, 40.64764 ], [ -3.86106, 40.64855 ], [ -3.86108, 40.65035 ], [ -3.85992, 40.65216 ], [ -3.85876, 40.65397 ], [ -3.85877, 40.65487 ], [ -3.8588, 40.65667 ], [ -3.86, 40.65846 ], [ -3.85533, 40.663 ], [ -3.84825, 40.66486 ], [ -3.84708, 40.66577 ], [ -3.84353, 40.66579 ], [ -3.83998, 40.66582 ], [ -3.83763, 40.66674 ], [ -3.83648, 40.66945 ], [ -3.833, 40.67488 ], [ -3.83184, 40.67669 ], [ -3.82952, 40.68031 ], [ -3.82837, 40.68302 ], [ -3.82722, 40.68573 ], [ -3.82724, 40.68753 ], [ -3.8249, 40.68935 ], [ -3.82372, 40.69026 ], [ -3.82373, 40.69116 ], [ -3.82255, 40.69117 ], [ -3.82137, 40.69118 ], [ -3.82138, 40.69208 ], [ -3.82139, 40.69298 ], [ -3.82021, 40.69299 ], [ -3.82022, 40.69389 ], [ -3.82141, 40.69478 ], [ -3.82024, 40.69569 ], [ -3.8191, 40.6993 ], [ -3.81793, 40.70021 ], [ -3.81442, 40.70384 ], [ -3.81206, 40.70476 ], [ -3.81207, 40.70566 ], [ -3.81089, 40.70566 ], [ -3.8109, 40.70657 ], [ -3.80972, 40.70657 ], [ -3.80973, 40.70747 ], [ -3.80856, 40.70838 ], [ -3.80738, 40.70929 ], [ -3.8062, 40.7093 ], [ -3.80621, 40.7102 ], [ -3.80622, 40.7111 ], [ -3.80503, 40.71021 ], [ -3.80385, 40.71112 ], [ -3.80265, 40.70933 ], [ -3.80149, 40.71114 ], [ -3.8003, 40.71114 ], [ -3.79911, 40.71025 ], [ -3.79792, 40.71026 ], [ -3.79674, 40.71027 ], [ -3.79556, 40.71028 ], [ -3.79437, 40.71028 ], [ -3.79318, 40.70939 ], [ -3.79199, 40.7094 ], [ -3.79081, 40.70941 ], [ -3.78963, 40.70942 ], [ -3.78844, 40.70942 ], [ -3.78843, 40.70852 ], [ -3.78725, 40.70853 ], [ -3.78606, 40.70764 ], [ -3.78604, 40.70674 ], [ -3.78486, 40.70675 ], [ -3.78485, 40.70584 ], [ -3.78367, 40.70585 ], [ -3.78366, 40.70495 ], [ -3.78247, 40.70496 ], [ -3.78246, 40.70406 ], [ -3.78128, 40.70407 ], [ -3.7801, 40.70498 ], [ -3.77892, 40.70498 ], [ -3.77774, 40.70499 ], [ -3.77655, 40.705 ], [ -3.77537, 40.70501 ], [ -3.77419, 40.70502 ], [ -3.773, 40.70502 ], [ -3.77182, 40.70503 ], [ -3.76952, 40.71135 ], [ -3.76717, 40.71227 ], [ -3.76482, 40.71409 ], [ -3.75073, 40.72409 ], [ -3.73777, 40.73048 ], [ -3.73542, 40.73229 ], [ -3.73303, 40.73051 ], [ -3.73185, 40.73052 ], [ -3.73067, 40.73052 ], [ -3.72948, 40.73053 ], [ -3.72831, 40.73144 ], [ -3.72712, 40.73145 ], [ -3.72593, 40.73055 ], [ -3.72475, 40.73056 ], [ -3.72474, 40.72966 ], [ -3.72355, 40.72967 ], [ -3.71289, 40.72883 ], [ -3.71053, 40.72975 ], [ -3.70695, 40.72707 ], [ -3.70694, 40.72617 ], [ -3.70693, 40.72527 ], [ -3.70574, 40.72527 ], [ -3.70457, 40.72618 ], [ -3.70337, 40.72529 ], [ -3.70219, 40.72529 ], [ -3.70102, 40.7262 ], [ -3.69983, 40.72621 ], [ -3.69865, 40.72622 ], [ -3.69866, 40.72712 ], [ -3.69747, 40.72713 ], [ -3.69748, 40.72803 ], [ -3.6963, 40.72803 ], [ -3.69631, 40.72893 ], [ -3.69512, 40.72894 ], [ -3.69513, 40.72984 ], [ -3.69395, 40.72985 ], [ -3.69276, 40.72986 ], [ -3.69158, 40.72986 ], [ -3.69157, 40.72896 ], [ -3.69039, 40.72897 ], [ -3.69038, 40.72807 ], [ -3.68919, 40.72808 ], [ -3.6892, 40.72898 ], [ -3.68802, 40.72898 ], [ -3.68683, 40.72899 ], [ -3.68684, 40.72989 ], [ -3.68566, 40.7299 ], [ -3.68448, 40.72991 ], [ -3.68329, 40.72991 ], [ -3.68211, 40.72992 ], [ -3.6821, 40.72902 ], [ -3.68091, 40.72903 ], [ -3.67973, 40.72903 ], [ -3.67855, 40.72904 ], [ -3.67736, 40.72905 ], [ -3.67735, 40.72815 ], [ -3.67617, 40.72815 ], [ -3.67731, 40.72364 ], [ -3.6773, 40.72274 ], [ -3.67729, 40.72184 ], [ -3.67728, 40.72094 ], [ -3.67727, 40.72004 ], [ -3.67609, 40.72005 ], [ -3.6749, 40.72005 ], [ -3.67489, 40.71915 ], [ -3.67371, 40.71916 ], [ -3.6737, 40.71826 ], [ -3.67369, 40.71736 ], [ -3.67488, 40.71735 ], [ -3.67487, 40.71645 ], [ -3.67605, 40.71644 ], [ -3.67604, 40.71554 ], [ -3.67603, 40.71464 ], [ -3.67722, 40.71463 ], [ -3.67721, 40.71373 ], [ -3.67839, 40.71373 ], [ -3.67838, 40.71283 ], [ -3.67837, 40.71192 ], [ -3.67836, 40.71102 ], [ -3.67955, 40.71102 ], [ -3.67954, 40.71012 ], [ -3.67953, 40.70922 ], [ -3.68071, 40.70921 ], [ -3.6807, 40.70831 ], [ -3.68069, 40.70741 ], [ -3.67951, 40.70741 ], [ -3.6795, 40.70651 ], [ -3.67949, 40.70561 ], [ -3.67831, 40.70562 ], [ -3.6783, 40.70472 ], [ -3.67712, 40.70472 ], [ -3.67711, 40.70382 ], [ -3.6771, 40.70292 ], [ -3.67591, 40.70293 ], [ -3.67472, 40.70204 ], [ -3.67354, 40.70204 ], [ -3.67235, 40.70205 ], [ -3.67117, 40.70206 ], [ -3.66998, 40.70116 ], [ -3.66879, 40.70117 ], [ -3.66761, 40.70118 ], [ -3.66643, 40.70118 ], [ -3.66524, 40.70119 ], [ -3.66406, 40.7012 ], [ -3.66405, 40.7003 ], [ -3.66287, 40.7003 ], [ -3.66286, 40.6994 ], [ -3.66166, 40.69851 ], [ -3.66166, 40.69761 ], [ -3.66047, 40.69761 ], [ -3.66046, 40.69671 ], [ -3.65928, 40.69672 ], [ -3.65927, 40.69582 ], [ -3.65809, 40.69583 ], [ -3.65808, 40.69493 ], [ -3.6569, 40.69493 ], [ -3.65452, 40.69404 ], [ -3.65098, 40.69497 ], [ -3.64623, 40.69409 ], [ -3.64506, 40.695 ], [ -3.64388, 40.69501 ], [ -3.64386, 40.6932 ], [ -3.64265, 40.69051 ], [ -3.64145, 40.68871 ], [ -3.64263, 40.68871 ], [ -3.64144, 40.68781 ], [ -3.64261, 40.6869 ], [ -3.64261, 40.686 ], [ -3.64496, 40.68509 ], [ -3.64614, 40.68418 ], [ -3.64731, 40.68328 ], [ -3.64849, 40.68237 ], [ -3.64966, 40.68146 ], [ -3.65083, 40.67965 ], [ -3.65081, 40.67785 ], [ -3.6508, 40.67695 ], [ -3.65079, 40.67605 ], [ -3.64961, 40.67606 ], [ -3.6496, 40.67515 ], [ -3.64959, 40.67425 ], [ -3.64841, 40.67426 ], [ -3.6484, 40.67336 ], [ -3.64722, 40.67337 ], [ -3.64603, 40.67337 ], [ -3.64485, 40.67338 ], [ -3.64484, 40.67248 ], [ -3.64366, 40.67249 ], [ -3.64365, 40.67158 ], [ -3.64247, 40.67159 ], [ -3.64246, 40.67069 ], [ -3.64128, 40.6707 ], [ -3.64009, 40.6707 ], [ -3.64008, 40.6698 ], [ -3.64008, 40.6689 ], [ -3.64007, 40.668 ], [ -3.64006, 40.6671 ], [ -3.64005, 40.6662 ], [ -3.64123, 40.66619 ], [ -3.64122, 40.66529 ], [ -3.64122, 40.66439 ], [ -3.6424, 40.66438 ], [ -3.64239, 40.66348 ], [ -3.64238, 40.66258 ], [ -3.64237, 40.66168 ], [ -3.64236, 40.66078 ], [ -3.64236, 40.65988 ], [ -3.64235, 40.65898 ], [ -3.64353, 40.65897 ], [ -3.64352, 40.65807 ], [ -3.6447, 40.65716 ], [ -3.64469, 40.65626 ], [ -3.64587, 40.65626 ], [ -3.64586, 40.65536 ], [ -3.64704, 40.65535 ], [ -3.64703, 40.65445 ], [ -3.64821, 40.65354 ], [ -3.6482, 40.65264 ], [ -3.64819, 40.65174 ], [ -3.64937, 40.65173 ], [ -3.64937, 40.65083 ], [ -3.65054, 40.64992 ], [ -3.65053, 40.64902 ], [ -3.6517, 40.64812 ], [ -3.6517, 40.64722 ], [ -3.65169, 40.64631 ], [ -3.6505, 40.64542 ], [ -3.6493, 40.64453 ], [ -3.6493, 40.64363 ], [ -3.64811, 40.64363 ], [ -3.6481, 40.64273 ], [ -3.64692, 40.64274 ], [ -3.64573, 40.64184 ], [ -3.64455, 40.64185 ], [ -3.64454, 40.64095 ], [ -3.64336, 40.64096 ], [ -3.64217, 40.64096 ], [ -3.64217, 40.64006 ], [ -3.64098, 40.64007 ], [ -3.6398, 40.64008 ], [ -3.63979, 40.63917 ], [ -3.63861, 40.63918 ], [ -3.63743, 40.63919 ], [ -3.63624, 40.63919 ], [ -3.63506, 40.6392 ], [ -3.63388, 40.63921 ], [ -3.6327, 40.63921 ], [ -3.63151, 40.63922 ], [ -3.63033, 40.63923 ], [ -3.63034, 40.64013 ], [ -3.62916, 40.64013 ], [ -3.62797, 40.64014 ], [ -3.6268, 40.64105 ], [ -3.62563, 40.64195 ], [ -3.62446, 40.64376 ], [ -3.62447, 40.64466 ], [ -3.62329, 40.64467 ], [ -3.6221, 40.64468 ], [ -3.62211, 40.64558 ], [ -3.62093, 40.64558 ], [ -3.61975, 40.64559 ], [ -3.61976, 40.64649 ], [ -3.61857, 40.6465 ], [ -3.61739, 40.6465 ], [ -3.6174, 40.6474 ], [ -3.61622, 40.64741 ], [ -3.61622, 40.64831 ], [ -3.61504, 40.64832 ], [ -3.61387, 40.64922 ], [ -3.61268, 40.64923 ], [ -3.61269, 40.65013 ], [ -3.61151, 40.65014 ], [ -3.61033, 40.65014 ], [ -3.60914, 40.65015 ], [ -3.60915, 40.65105 ], [ -3.60797, 40.65106 ], [ -3.60679, 40.65106 ], [ -3.60441, 40.65018 ], [ -3.60442, 40.65108 ], [ -3.60324, 40.65108 ], [ -3.60206, 40.65109 ], [ -3.60205, 40.65019 ], [ -3.60086, 40.65019 ], [ -3.59968, 40.6502 ], [ -3.59967, 40.6493 ], [ -3.59612, 40.64842 ], [ -3.59731, 40.64931 ], [ -3.59613, 40.64932 ], [ -3.59494, 40.64932 ], [ -3.59139, 40.64934 ], [ -3.5902, 40.64755 ], [ -3.59018, 40.64574 ], [ -3.59015, 40.64214 ], [ -3.59132, 40.64123 ], [ -3.59013, 40.64034 ], [ -3.5913, 40.63853 ], [ -3.59011, 40.63764 ], [ -3.58891, 40.63584 ], [ -3.5889, 40.63494 ], [ -3.58889, 40.63314 ], [ -3.58767, 40.62954 ], [ -3.58529, 40.62775 ], [ -3.58528, 40.62685 ], [ -3.58647, 40.62685 ], [ -3.58765, 40.62684 ], [ -3.58882, 40.62593 ], [ -3.59001, 40.62593 ], [ -3.59119, 40.62592 ], [ -3.5912, 40.62682 ], [ -3.59237, 40.62591 ], [ -3.59356, 40.62681 ], [ -3.59474, 40.6268 ], [ -3.59593, 40.6268 ], [ -3.59711, 40.62679 ], [ -3.59829, 40.62678 ], [ -3.59947, 40.62678 ], [ -3.60065, 40.62677 ], [ -3.60065, 40.62587 ], [ -3.603, 40.62496 ], [ -3.60419, 40.62495 ], [ -3.60419, 40.62585 ], [ -3.6042, 40.62675 ], [ -3.60423, 40.63036 ], [ -3.60542, 40.63035 ], [ -3.60542, 40.63125 ], [ -3.60661, 40.63125 ], [ -3.60779, 40.63124 ], [ -3.61015, 40.63033 ], [ -3.6125, 40.62941 ], [ -3.61484, 40.6267 ], [ -3.61602, 40.62579 ], [ -3.6172, 40.62578 ], [ -3.61836, 40.62398 ], [ -3.61954, 40.62307 ], [ -3.62189, 40.62216 ], [ -3.62189, 40.62125 ], [ -3.62306, 40.62035 ], [ -3.62305, 40.61945 ], [ -3.62423, 40.61944 ], [ -3.62541, 40.61853 ], [ -3.6254, 40.61763 ], [ -3.62539, 40.61673 ], [ -3.62657, 40.61673 ], [ -3.62776, 40.61672 ], [ -3.62776, 40.61762 ], [ -3.62895, 40.61761 ], [ -3.62895, 40.61851 ], [ -3.62896, 40.61941 ], [ -3.62897, 40.62032 ], [ -3.62898, 40.62122 ], [ -3.62899, 40.62212 ], [ -3.62901, 40.62392 ], [ -3.63019, 40.62391 ], [ -3.6302, 40.62571 ], [ -3.63021, 40.62661 ], [ -3.63022, 40.62752 ], [ -3.63023, 40.62842 ], [ -3.63142, 40.62931 ], [ -3.63143, 40.63021 ], [ -3.63261, 40.63021 ], [ -3.63262, 40.63111 ], [ -3.6338, 40.6311 ], [ -3.63381, 40.632 ], [ -3.635, 40.63289 ], [ -3.63501, 40.6338 ], [ -3.63502, 40.6347 ], [ -3.6362, 40.63469 ], [ -3.63621, 40.63559 ], [ -3.63622, 40.63649 ], [ -3.6374, 40.63649 ], [ -3.63741, 40.63739 ], [ -3.6386, 40.63828 ], [ -3.63978, 40.63827 ], [ -3.64097, 40.63827 ], [ -3.64215, 40.63826 ], [ -3.64451, 40.63825 ], [ -3.6457, 40.63824 ], [ -3.6457, 40.63914 ], [ -3.6469, 40.64004 ], [ -3.64808, 40.64003 ], [ -3.64809, 40.64093 ], [ -3.64928, 40.64182 ], [ -3.65046, 40.64182 ], [ -3.65165, 40.64271 ], [ -3.65283, 40.64271 ], [ -3.65402, 40.6427 ], [ -3.6552, 40.64269 ], [ -3.65521, 40.64359 ], [ -3.65639, 40.64359 ], [ -3.65638, 40.64268 ], [ -3.65757, 40.64268 ], [ -3.65874, 40.64177 ], [ -3.65992, 40.64176 ], [ -3.65991, 40.64086 ], [ -3.66109, 40.63996 ], [ -3.66108, 40.63905 ], [ -3.66226, 40.63905 ], [ -3.66225, 40.63815 ], [ -3.66224, 40.63725 ], [ -3.66342, 40.63724 ], [ -3.6646, 40.63633 ], [ -3.66459, 40.63543 ], [ -3.66576, 40.63452 ], [ -3.66575, 40.63362 ], [ -3.66691, 40.63091 ], [ -3.66809, 40.63091 ], [ -3.66808, 40.63001 ], [ -3.66927, 40.63 ], [ -3.67045, 40.62999 ], [ -3.67046, 40.63089 ], [ -3.67165, 40.63179 ], [ -3.67283, 40.63178 ], [ -3.67284, 40.63268 ], [ -3.67402, 40.63267 ], [ -3.6752, 40.63267 ], [ -3.67521, 40.63357 ], [ -3.6764, 40.63356 ], [ -3.67758, 40.63355 ], [ -3.67757, 40.63265 ], [ -3.67875, 40.63265 ], [ -3.67992, 40.63174 ], [ -3.68111, 40.63173 ], [ -3.68229, 40.63172 ], [ -3.68347, 40.63172 ], [ -3.68465, 40.63081 ], [ -3.68583, 40.6308 ], [ -3.68584, 40.6317 ], [ -3.68702, 40.6317 ], [ -3.68821, 40.63259 ], [ -3.68822, 40.63349 ], [ -3.6894, 40.63348 ], [ -3.68941, 40.63438 ], [ -3.69059, 40.63438 ], [ -3.6906, 40.63528 ], [ -3.69179, 40.63527 ], [ -3.69297, 40.63526 ], [ -3.69415, 40.63526 ], [ -3.69414, 40.63436 ], [ -3.69532, 40.63435 ], [ -3.69533, 40.63525 ], [ -3.69652, 40.63524 ], [ -3.6977, 40.63524 ], [ -3.69888, 40.63523 ], [ -3.69889, 40.63613 ], [ -3.70007, 40.63612 ], [ -3.70125, 40.63612 ], [ -3.70126, 40.63702 ], [ -3.70127, 40.63792 ], [ -3.70246, 40.63791 ], [ -3.70247, 40.63881 ], [ -3.70365, 40.6388 ], [ -3.70366, 40.6397 ], [ -3.70484, 40.6397 ], [ -3.70485, 40.6406 ], [ -3.70603, 40.64059 ], [ -3.70604, 40.64149 ], [ -3.70722, 40.64148 ], [ -3.70723, 40.64238 ], [ -3.70842, 40.64238 ], [ -3.70843, 40.64328 ], [ -3.70961, 40.64327 ], [ -3.71079, 40.64326 ], [ -3.71197, 40.64326 ], [ -3.71316, 40.64325 ], [ -3.71317, 40.64415 ], [ -3.71435, 40.64414 ], [ -3.71553, 40.64414 ], [ -3.71554, 40.64504 ], [ -3.71672, 40.64503 ], [ -3.71791, 40.64502 ], [ -3.7179, 40.64412 ], [ -3.71671, 40.64413 ], [ -3.71789, 40.64322 ], [ -3.71788, 40.64232 ], [ -3.71906, 40.64231 ], [ -3.71905, 40.64141 ], [ -3.72023, 40.6414 ], [ -3.72022, 40.6405 ], [ -3.72021, 40.6396 ], [ -3.7202, 40.6387 ], [ -3.72139, 40.63869 ], [ -3.72138, 40.63779 ], [ -3.72256, 40.63779 ], [ -3.72255, 40.63688 ], [ -3.72373, 40.63688 ], [ -3.72491, 40.63687 ], [ -3.7261, 40.63686 ], [ -3.72609, 40.63596 ], [ -3.72727, 40.63595 ], [ -3.72845, 40.63595 ], [ -3.72844, 40.63505 ], [ -3.72962, 40.63504 ], [ -3.72961, 40.63414 ], [ -3.7296, 40.63324 ], [ -3.72959, 40.63234 ], [ -3.72958, 40.63053 ], [ -3.73076, 40.63053 ], [ -3.73077, 40.63143 ], [ -3.73195, 40.63142 ], [ -3.73313, 40.63141 ], [ -3.73431, 40.63141 ], [ -3.7355, 40.6314 ], [ -3.73668, 40.63139 ], [ -3.73667, 40.63049 ], [ -3.73785, 40.63048 ], [ -3.73903, 40.63047 ], [ -3.73902, 40.62957 ], [ -3.74021, 40.62957 ], [ -3.7402, 40.62867 ], [ -3.74138, 40.62866 ], [ -3.74256, 40.62865 ], [ -3.74255, 40.62775 ], [ -3.74137, 40.62776 ], [ -3.74136, 40.62686 ], [ -3.74135, 40.62596 ], [ -3.74017, 40.62596 ], [ -3.74016, 40.62506 ], [ -3.74015, 40.62416 ], [ -3.74014, 40.62326 ], [ -3.74132, 40.62325 ], [ -3.74131, 40.62235 ], [ -3.7413, 40.62145 ], [ -3.74129, 40.62055 ], [ -3.74128, 40.61965 ], [ -3.74127, 40.61875 ], [ -3.74009, 40.61876 ], [ -3.73891, 40.61876 ], [ -3.7389, 40.61786 ], [ -3.73889, 40.61696 ], [ -3.73888, 40.61606 ], [ -3.74006, 40.61605 ], [ -3.74005, 40.61515 ], [ -3.74004, 40.61425 ], [ -3.74003, 40.61335 ], [ -3.74002, 40.61245 ], [ -3.73884, 40.61246 ], [ -3.73883, 40.61156 ], [ -3.74001, 40.61155 ], [ -3.74, 40.61065 ], [ -3.74118, 40.61064 ], [ -3.74117, 40.60974 ], [ -3.74236, 40.61063 ], [ -3.74354, 40.61063 ], [ -3.74353, 40.60973 ], [ -3.74472, 40.60972 ], [ -3.7459, 40.60971 ], [ -3.74591, 40.61061 ], [ -3.74709, 40.6106 ], [ -3.74827, 40.6106 ], [ -3.74945, 40.61059 ], [ -3.75064, 40.61058 ], [ -3.75065, 40.61148 ], [ -3.75182, 40.61057 ], [ -3.753, 40.61056 ], [ -3.75301, 40.61147 ], [ -3.75419, 40.61146 ], [ -3.75537, 40.61145 ], [ -3.75538, 40.61235 ], [ -3.75657, 40.61234 ], [ -3.75773, 40.61053 ], [ -3.75891, 40.61053 ], [ -3.76128, 40.61141 ], [ -3.76247, 40.6114 ], [ -3.76484, 40.61229 ], [ -3.76603, 40.61318 ], [ -3.76721, 40.61317 ], [ -3.7672, 40.61227 ], [ -3.76839, 40.61227 ], [ -3.76838, 40.61136 ], [ -3.76956, 40.61136 ], [ -3.77073, 40.61045 ], [ -3.77074, 40.61135 ], [ -3.77075, 40.61225 ], [ -3.77193, 40.61224 ], [ -3.77194, 40.61314 ], [ -3.77195, 40.61404 ], [ -3.77196, 40.61494 ], [ -3.77197, 40.61584 ], [ -3.77316, 40.61584 ], [ -3.77317, 40.61674 ], [ -3.77435, 40.61673 ], [ -3.77553, 40.61672 ], [ -3.77671, 40.61671 ], [ -3.77672, 40.61761 ], [ -3.77791, 40.61761 ], [ -3.77909, 40.6176 ], [ -3.78027, 40.61759 ], [ -3.78145, 40.61758 ], [ -3.78146, 40.61848 ], [ -3.78264, 40.61848 ], [ -3.78384, 40.61937 ], [ -3.78383, 40.61847 ], [ -3.78501, 40.61846 ], [ -3.78502, 40.61936 ], [ -3.78503, 40.62026 ], [ -3.78385, 40.62027 ], [ -3.78386, 40.62117 ], [ -3.78504, 40.62116 ], [ -3.78622, 40.62115 ], [ -3.78621, 40.62025 ], [ -3.78739, 40.62025 ], [ -3.78858, 40.62024 ], [ -3.78857, 40.61934 ], [ -3.78975, 40.61933 ], [ -3.78974, 40.61843 ], [ -3.79092, 40.61842 ], [ -3.79091, 40.61752 ], [ -3.79209, 40.61751 ], [ -3.79208, 40.61661 ], [ -3.79207, 40.61571 ], [ -3.79325, 40.6157 ], [ -3.79324, 40.6148 ], [ -3.79442, 40.61479 ], [ -3.79441, 40.61389 ], [ -3.79559, 40.61388 ], [ -3.79678, 40.61387 ], [ -3.79796, 40.61387 ], [ -3.79914, 40.61386 ], [ -3.80032, 40.61385 ], [ -3.80031, 40.61295 ], [ -3.80149, 40.61294 ], [ -3.80268, 40.61293 ], [ -3.80386, 40.61292 ], [ -3.80504, 40.61292 ], [ -3.80503, 40.61202 ], [ -3.80621, 40.61201 ], [ -3.80739, 40.612 ], [ -3.80858, 40.61199 ], [ -3.80976, 40.61198 ], [ -3.80975, 40.61108 ], [ -3.81093, 40.61107 ], [ -3.81092, 40.61017 ], [ -3.81091, 40.60927 ], [ -3.8109, 40.60837 ], [ -3.81208, 40.60836 ], [ -3.81207, 40.60746 ], [ -3.81088, 40.60747 ], [ -3.81087, 40.60657 ], [ -3.80969, 40.60658 ], [ -3.80968, 40.60568 ], [ -3.80967, 40.60478 ], [ -3.80848, 40.60388 ], [ -3.80727, 40.60209 ], [ -3.80726, 40.60119 ], [ -3.80607, 40.6003 ], [ -3.80606, 40.5994 ], [ -3.80724, 40.59939 ], [ -3.80842, 40.59938 ], [ -3.81077, 40.59756 ], [ -3.81194, 40.59665 ], [ -3.81312, 40.59664 ], [ -3.81429, 40.59574 ], [ -3.81664, 40.59482 ], [ -3.81782, 40.59481 ], [ -3.819, 40.5948 ], [ -3.82019, 40.59479 ], [ -3.82137, 40.59478 ], [ -3.82255, 40.59478 ], [ -3.82373, 40.59477 ], [ -3.82491, 40.59476 ], [ -3.82609, 40.59475 ], [ -3.82728, 40.59474 ], [ -3.82846, 40.59473 ], [ -3.82963, 40.59382 ], [ -3.83081, 40.59382 ], [ -3.83199, 40.59381 ], [ -3.83317, 40.5938 ], [ -3.83434, 40.59289 ], [ -3.83551, 40.59198 ], [ -3.8367, 40.59197 ], [ -3.83787, 40.59106 ], [ -3.83906, 40.59195 ], [ -3.84024, 40.59195 ], [ -3.84025, 40.59285 ], [ -3.84143, 40.59284 ], [ -3.84262, 40.59283 ], [ -3.84263, 40.59373 ], [ -3.84265, 40.59553 ], [ -3.84387, 40.59823 ], [ -3.84388, 40.59913 ], [ -3.84509, 40.60182 ], [ -3.8451, 40.60272 ], [ -3.84512, 40.60362 ], [ -3.84514, 40.60542 ], [ -3.84515, 40.60632 ], [ -3.84517, 40.60813 ], [ -3.84518, 40.60903 ], [ -3.84519, 40.60993 ], [ -3.84521, 40.61083 ], [ -3.84522, 40.61173 ], [ -3.8464, 40.61172 ], [ -3.84875, 40.6108 ], [ -3.84993, 40.61079 ], [ -3.85113, 40.61169 ], [ -3.85115, 40.61349 ], [ -3.85117, 40.61529 ], [ -3.85237, 40.61618 ], [ -3.85238, 40.61708 ], [ -3.85239, 40.61798 ], [ -3.8524, 40.61888 ], [ -3.85242, 40.62068 ], [ -3.85244, 40.62159 ], [ -3.85363, 40.62248 ], [ -3.85365, 40.62428 ], [ -3.85366, 40.62518 ], [ -3.85369, 40.62698 ], [ -3.85488, 40.62787 ], [ -3.8549, 40.62967 ], [ -3.85491, 40.63058 ], [ -3.85494, 40.63238 ], [ -3.85614, 40.63417 ], [ -3.85734, 40.63506 ], [ -3.85854, 40.63685 ], [ -3.85857, 40.63866 ], [ -3.85976, 40.63955 ], [ -3.85977, 40.64045 ], [ -3.85979, 40.64225 ], [ -3.86099, 40.64314 ], [ -3.86217, 40.64313 ], [ -3.86337, 40.64403 ], [ -3.86456, 40.64492 ], [ -3.86457, 40.64582 ], [ -3.86223, 40.64764 ] ] ] } },
{ "type": "Feature", "properties": { "ine_code": "28046", "name": "Collado Mediano" }, "geometry": { "type": "Polygon", "coordinates": [ [ [ -4.06177, 40.70093 ], [ -4.06062, 40.70274 ], [ -4.06063, 40.70364 ], [ -4.05828, 40.70456 ], [ -4.05714, 40.70728 ], [ -4.05597, 40.70819 ], [ -4.056, 40.70999 ], [ -4.05601, 40.71089 ], [ -4.05369, 40.71361 ], [ -4.05015, 40.71455 ], [ -4.04781, 40.71637 ], [ -4.04664, 40.71728 ], [ -4.04192, 40.71822 ], [ -4.04074, 40.71823 ], [ -4.03836, 40.71736 ], [ -4.03599, 40.71738 ], [ -4.0348, 40.71739 ], [ -4.03244, 40.71741 ], [ -4.03008, 40.71833 ], [ -4.02772, 40.71835 ], [ -4.02652, 40.71746 ], [ -4.02414, 40.71658 ], [ -4.02295, 40.71659 ], [ -4.01939, 40.71572 ], [ -4.01819, 40.71483 ], [ -4.01701, 40.71484 ], [ -4.01462, 40.71396 ], [ -4.01343, 40.71307 ], [ -4.01106, 40.71309 ], [ -4.00868, 40.71221 ], [ -4.00748, 40.71132 ], [ -4.0051, 40.71044 ], [ -4.00509, 40.70954 ], [ -4.0039, 40.70955 ], [ -4.00389, 40.70865 ], [ -4.00388, 40.70775 ], [ -4.00386, 40.70685 ], [ -4.00385, 40.70595 ], [ -4.00384, 40.70505 ], [ -4.00382, 40.70415 ], [ -4.00381, 40.70325 ], [ -4.0038, 40.70235 ], [ -4.00378, 40.70145 ], [ -4.00257, 40.69965 ], [ -4.00254, 40.69785 ], [ -4.00133, 40.69606 ], [ -4.00012, 40.69427 ], [ -3.9989, 40.69158 ], [ -3.99889, 40.69068 ], [ -3.9977, 40.69069 ], [ -3.9953, 40.68801 ], [ -3.99526, 40.6853 ], [ -3.99524, 40.6844 ], [ -3.99522, 40.6826 ], [ -3.99519, 40.6808 ], [ -4.00116, 40.68435 ], [ -4.00351, 40.68343 ], [ -4.01061, 40.68337 ], [ -4.01296, 40.68245 ], [ -4.0153, 40.68063 ], [ -4.01884, 40.67969 ], [ -4.02118, 40.67787 ], [ -4.0247, 40.67604 ], [ -4.02704, 40.67422 ], [ -4.03056, 40.67238 ], [ -4.03173, 40.67147 ], [ -4.03409, 40.67145 ], [ -4.03526, 40.67054 ], [ -4.03643, 40.66963 ], [ -4.0376, 40.66872 ], [ -4.03759, 40.66782 ], [ -4.03994, 40.66689 ], [ -4.04229, 40.66597 ], [ -4.04228, 40.66507 ], [ -4.04346, 40.66506 ], [ -4.04345, 40.66416 ], [ -4.0446, 40.66235 ], [ -4.04578, 40.66234 ], [ -4.04697, 40.66233 ], [ -4.04698, 40.66323 ], [ -4.04816, 40.66322 ], [ -4.04935, 40.6632 ], [ -4.05054, 40.66409 ], [ -4.05173, 40.66408 ], [ -4.05292, 40.66497 ], [ -4.05411, 40.66496 ], [ -4.05296, 40.66768 ], [ -4.05298, 40.66858 ], [ -4.05299, 40.66948 ], [ -4.05301, 40.67038 ], [ -4.05419, 40.67037 ], [ -4.0542, 40.67127 ], [ -4.05422, 40.67217 ], [ -4.05423, 40.67307 ], [ -4.05542, 40.67306 ], [ -4.05543, 40.67396 ], [ -4.05544, 40.67486 ], [ -4.05546, 40.67576 ], [ -4.05547, 40.67666 ], [ -4.05666, 40.67665 ], [ -4.05667, 40.67755 ], [ -4.05668, 40.67845 ], [ -4.05788, 40.67934 ], [ -4.0579, 40.68024 ], [ -4.05791, 40.68114 ], [ -4.05792, 40.68204 ], [ -4.05794, 40.68295 ], [ -4.05795, 40.68385 ], [ -4.05797, 40.68475 ], [ -4.05798, 40.68565 ], [ -4.058, 40.68655 ], [ -4.05801, 40.68745 ], [ -4.05802, 40.68835 ], [ -4.05804, 40.68925 ], [ -4.05805, 40.69015 ], [ -4.05807, 40.69105 ], [ -4.05925, 40.69104 ], [ -4.05926, 40.69194 ], [ -4.05928, 40.69284 ], [ -4.05931, 40.69464 ], [ -4.05936, 40.69825 ], [ -4.06176, 40.70003 ], [ -4.06177, 40.70093 ] ] ] } },
{ "type": "Feature", "properties": { "ine_code": "28047", "name": "Collado Villalba" }, "geometry": { "type": "Polygon", "coordinates": [ [ [ -4.0264, 40.63278 ], [ -4.02522, 40.63279 ], [ -4.02288, 40.63461 ], [ -4.01938, 40.63735 ], [ -4.01704, 40.63917 ], [ -4.01945, 40.64185 ], [ -4.01946, 40.64275 ], [ -4.02186, 40.64543 ], [ -4.0195, 40.64546 ], [ -4.01718, 40.64818 ], [ -4.01366, 40.65001 ], [ -4.01132, 40.65183 ], [ -4.00899, 40.65456 ], [ -4.00901, 40.65546 ], [ -4.00903, 40.65726 ], [ -4.00672, 40.66088 ], [ -4.00675, 40.66268 ], [ -4.00438, 40.6627 ], [ -4.00321, 40.66361 ], [ -3.99967, 40.66365 ], [ -3.99848, 40.66366 ], [ -3.99731, 40.66457 ], [ -3.99733, 40.66547 ], [ -3.99616, 40.66638 ], [ -3.99618, 40.66818 ], [ -3.9962, 40.66908 ], [ -3.99621, 40.66998 ], [ -3.99745, 40.67357 ], [ -3.99747, 40.67538 ], [ -3.9963, 40.67629 ], [ -3.99632, 40.67719 ], [ -3.99516, 40.679 ], [ -3.99515, 40.6781 ], [ -3.99513, 40.6772 ], [ -3.99512, 40.6763 ], [ -3.99511, 40.6754 ], [ -3.99509, 40.6745 ], [ -3.99508, 40.67359 ], [ -3.99507, 40.67269 ], [ -3.99505, 40.67179 ], [ -3.99386, 40.6709 ], [ -3.99384, 40.67 ], [ -3.99383, 40.6691 ], [ -3.99382, 40.6682 ], [ -3.9938, 40.6673 ], [ -3.99379, 40.6664 ], [ -3.99261, 40.66641 ], [ -3.99143, 40.66642 ], [ -3.99024, 40.66643 ], [ -3.99023, 40.66553 ], [ -3.98905, 40.66554 ], [ -3.98786, 40.66555 ], [ -3.98667, 40.66466 ], [ -3.98548, 40.66467 ], [ -3.98429, 40.66378 ], [ -3.98311, 40.66379 ], [ -3.98309, 40.66289 ], [ -3.98191, 40.6629 ], [ -3.98073, 40.66291 ], [ -3.97953, 40.66202 ], [ -3.97835, 40.66203 ], [ -3.97716, 40.66204 ], [ -3.97715, 40.66114 ], [ -3.97597, 40.66115 ], [ -3.97479, 40.66116 ], [ -3.9736, 40.66117 ], [ -3.97242, 40.66118 ], [ -3.97124, 40.66119 ], [ -3.97004, 40.66029 ], [ -3.96886, 40.6603 ], [ -3.96647, 40.65852 ], [ -3.96291, 40.65765 ], [ -3.95937, 40.65858 ], [ -3.957, 40.6586 ], [ -3.95581, 40.65771 ], [ -3.95463, 40.65772 ], [ -3.95344, 40.65773 ], [ -3.95226, 40.65774 ], [ -3.95108, 40.65775 ], [ -3.9499, 40.65776 ], [ -3.9487, 40.65687 ], [ -3.94867, 40.65507 ], [ -3.94747, 40.65328 ], [ -3.94745, 40.65237 ], [ -3.94862, 40.65146 ], [ -3.9474, 40.64877 ], [ -3.94738, 40.64697 ], [ -3.94616, 40.64428 ], [ -3.94733, 40.64337 ], [ -3.94967, 40.64155 ], [ -3.952, 40.63973 ], [ -3.95316, 40.63791 ], [ -3.9555, 40.63609 ], [ -3.95667, 40.63518 ], [ -3.95781, 40.63247 ], [ -3.95901, 40.63336 ], [ -3.959, 40.63246 ], [ -3.96018, 40.63245 ], [ -3.96017, 40.63155 ], [ -3.96135, 40.63154 ], [ -3.96134, 40.63064 ], [ -3.96252, 40.63063 ], [ -3.9625, 40.62973 ], [ -3.96369, 40.62972 ], [ -3.96487, 40.62971 ], [ -3.96605, 40.6297 ], [ -3.96723, 40.62969 ], [ -3.96842, 40.62968 ], [ -3.9684, 40.62878 ], [ -3.96959, 40.62877 ], [ -3.97077, 40.62876 ], [ -3.97075, 40.62786 ], [ -3.97194, 40.62785 ], [ -3.97192, 40.62695 ], [ -3.97311, 40.62694 ], [ -3.97429, 40.62693 ], [ -3.97427, 40.62603 ], [ -3.97546, 40.62602 ], [ -3.97544, 40.62512 ], [ -3.97663, 40.62511 ], [ -3.97661, 40.62421 ], [ -3.9778, 40.6242 ], [ -3.97778, 40.62329 ], [ -3.97777, 40.62239 ], [ -3.97895, 40.62238 ], [ -3.97894, 40.62148 ], [ -3.98012, 40.62147 ], [ -3.98011, 40.62057 ], [ -3.98009, 40.61967 ], [ -3.98128, 40.61966 ], [ -3.98246, 40.61965 ], [ -3.98364, 40.61964 ], [ -3.98482, 40.61963 ], [ -3.986, 40.61962 ], [ -3.98719, 40.61961 ], [ -3.98837, 40.6196 ], [ -3.98955, 40.61959 ], [ -3.99072, 40.61868 ], [ -3.9919, 40.61867 ], [ -3.99308, 40.61866 ], [ -3.99427, 40.61865 ], [ -3.9978, 40.61772 ], [ -4.00133, 40.61679 ], [ -4.00251, 40.61678 ], [ -4.00486, 40.61585 ], [ -4.00605, 40.61584 ], [ -4.00606, 40.61675 ], [ -4.00961, 40.61671 ], [ -4.01197, 40.61669 ], [ -4.01672, 40.61845 ], [ -4.01909, 40.61843 ], [ -4.02028, 40.61932 ], [ -4.02148, 40.62021 ], [ -4.02268, 40.6211 ], [ -4.02269, 40.622 ], [ -4.02628, 40.62468 ], [ -4.02629, 40.62558 ], [ -4.02631, 40.62648 ], [ -4.02512, 40.62649 ], [ -4.02514, 40.62739 ], [ -4.02515, 40.62829 ], [ -4.02516, 40.62919 ], [ -4.02518, 40.63009 ], [ -4.02636, 40.63008 ], [ -4.02754, 40.63007 ], [ -4.02873, 40.63006 ], [ -4.02991, 40.63005 ], [ -4.0264, 40.63278 ] ] ] } },
{ "type": "Feature", "properties": { "ine_code": "28048", "name": "Corpa" }, "geometry": { "type": "Polygon", "coordinates": [ [ [ -3.28525, 40.41807 ], [ -3.2829, 40.41988 ], [ -3.28173, 40.42078 ], [ -3.28055, 40.42079 ], [ -3.27938, 40.42259 ], [ -3.2782, 40.4235 ], [ -3.27585, 40.4244 ], [ -3.27586, 40.4262 ], [ -3.27586, 40.42711 ], [ -3.27587, 40.42981 ], [ -3.2747, 40.43161 ], [ -3.27352, 40.43252 ], [ -3.27236, 40.43522 ], [ -3.27236, 40.43702 ], [ -3.27118, 40.43703 ], [ -3.26883, 40.43703 ], [ -3.26883, 40.43793 ], [ -3.26765, 40.43884 ], [ -3.2653, 40.43884 ], [ -3.26293, 40.43795 ], [ -3.26058, 40.43795 ], [ -3.25705, 40.44066 ], [ -3.25469, 40.44157 ], [ -3.25352, 40.44157 ], [ -3.25234, 40.44157 ], [ -3.25116, 40.44158 ], [ -3.2488, 40.44158 ], [ -3.24644, 40.44249 ], [ -3.24527, 40.44339 ], [ -3.24173, 40.4443 ], [ -3.24055, 40.4443 ], [ -3.23938, 40.4443 ], [ -3.2382, 40.44431 ], [ -3.23584, 40.44431 ], [ -3.23466, 40.44431 ], [ -3.23466, 40.44341 ], [ -3.23347, 40.44161 ], [ -3.23111, 40.44162 ], [ -3.22993, 40.44162 ], [ -3.22639, 40.44073 ], [ -3.22521, 40.43983 ], [ -3.22285, 40.43983 ], [ -3.22167, 40.43983 ], [ -3.22049, 40.43984 ], [ -3.21931, 40.43894 ], [ -3.21813, 40.43894 ], [ -3.21813, 40.43804 ], [ -3.21695, 40.43804 ], [ -3.21577, 40.43804 ], [ -3.21341, 40.43625 ], [ -3.21104, 40.43445 ], [ -3.21222, 40.43355 ], [ -3.21222, 40.43264 ], [ -3.21221, 40.42994 ], [ -3.21338, 40.42814 ], [ -3.21456, 40.42633 ], [ -3.21455, 40.42453 ], [ -3.21454, 40.42273 ], [ -3.21454, 40.42093 ], [ -3.21453, 40.41913 ], [ -3.21571, 40.41822 ], [ -3.2157, 40.41642 ], [ -3.21569, 40.41192 ], [ -3.21568, 40.40921 ], [ -3.21685, 40.40741 ], [ -3.21803, 40.40651 ], [ -3.2192, 40.4047 ], [ -3.2192, 40.4029 ], [ -3.22037, 40.4029 ], [ -3.22391, 40.40199 ], [ -3.22744, 40.40198 ], [ -3.23097, 40.40018 ], [ -3.23686, 40.39926 ], [ -3.24157, 40.39745 ], [ -3.24628, 40.39654 ], [ -3.25687, 40.39291 ], [ -3.26041, 40.39381 ], [ -3.26395, 40.3956 ], [ -3.26749, 40.39649 ], [ -3.27103, 40.39829 ], [ -3.27338, 40.39738 ], [ -3.27573, 40.39557 ], [ -3.27808, 40.39467 ], [ -3.27927, 40.39647 ], [ -3.27928, 40.39917 ], [ -3.28047, 40.40187 ], [ -3.28048, 40.40367 ], [ -3.27931, 40.40547 ], [ -3.28049, 40.40637 ], [ -3.28167, 40.40727 ], [ -3.28286, 40.40997 ], [ -3.28522, 40.41087 ], [ -3.28641, 40.41266 ], [ -3.2876, 40.41536 ], [ -3.28761, 40.41807 ], [ -3.28525, 40.41807 ] ] ] } },
{ "type": "Feature", "properties": { "ine_code": "28049", "name": "Coslada" }, "geometry": { "type": "Polygon", "coordinates": [ [ [ -3.5304, 40.41451 ], [ -3.53158, 40.4145 ], [ -3.53276, 40.41449 ], [ -3.53394, 40.41449 ], [ -3.53512, 40.41448 ], [ -3.53511, 40.41358 ], [ -3.53628, 40.41268 ], [ -3.53746, 40.41267 ], [ -3.53745, 40.41177 ], [ -3.53863, 40.41177 ], [ -3.53981, 40.41176 ], [ -3.5398, 40.41086 ], [ -3.54098, 40.41085 ], [ -3.54216, 40.41085 ], [ -3.54334, 40.41084 ], [ -3.54334, 40.41174 ], [ -3.54452, 40.41174 ], [ -3.5457, 40.41173 ], [ -3.54924, 40.41262 ], [ -3.54924, 40.41172 ], [ -3.55042, 40.41171 ], [ -3.55159, 40.4117 ], [ -3.55277, 40.4117 ], [ -3.55395, 40.41169 ], [ -3.55513, 40.41169 ], [ -3.55632, 40.41258 ], [ -3.55749, 40.41258 ], [ -3.55867, 40.41257 ], [ -3.55868, 40.41347 ], [ -3.55986, 40.41347 ], [ -3.56104, 40.41346 ], [ -3.56222, 40.41345 ], [ -3.56339, 40.41345 ], [ -3.56457, 40.41344 ], [ -3.56811, 40.41343 ], [ -3.5681, 40.41252 ], [ -3.56928, 40.41252 ], [ -3.57046, 40.41251 ], [ -3.57045, 40.41161 ], [ -3.57163, 40.41161 ], [ -3.57281, 40.4116 ], [ -3.57754, 40.41338 ], [ -3.57755, 40.41518 ], [ -3.57873, 40.41517 ], [ -3.57993, 40.41697 ], [ -3.57875, 40.41788 ], [ -3.57876, 40.41878 ], [ -3.57877, 40.41968 ], [ -3.5776, 40.42059 ], [ -3.57761, 40.42149 ], [ -3.57643, 40.42149 ], [ -3.57644, 40.42239 ], [ -3.57644, 40.42329 ], [ -3.57645, 40.4242 ], [ -3.57528, 40.4251 ], [ -3.57529, 40.426 ], [ -3.57765, 40.42599 ], [ -3.57765, 40.42689 ], [ -3.57648, 40.4278 ], [ -3.57649, 40.4287 ], [ -3.5765, 40.4296 ], [ -3.57768, 40.4305 ], [ -3.57769, 40.4314 ], [ -3.57889, 40.43319 ], [ -3.57536, 40.43411 ], [ -3.57536, 40.43501 ], [ -3.57537, 40.43591 ], [ -3.57538, 40.43681 ], [ -3.57421, 40.43772 ], [ -3.5683, 40.43595 ], [ -3.56713, 40.43685 ], [ -3.56596, 40.43776 ], [ -3.56478, 40.43777 ], [ -3.5636, 40.43777 ], [ -3.56242, 40.43778 ], [ -3.56124, 40.43778 ], [ -3.56006, 40.43779 ], [ -3.56007, 40.43869 ], [ -3.55889, 40.4387 ], [ -3.55772, 40.4396 ], [ -3.55654, 40.43961 ], [ -3.55537, 40.44051 ], [ -3.55419, 40.44052 ], [ -3.55302, 40.44143 ], [ -3.55184, 40.44143 ], [ -3.55066, 40.44144 ], [ -3.55066, 40.44234 ], [ -3.54949, 40.44234 ], [ -3.54477, 40.44237 ], [ -3.54124, 40.44328 ], [ -3.54125, 40.44419 ], [ -3.53771, 40.4442 ], [ -3.5389, 40.4451 ], [ -3.53536, 40.44511 ], [ -3.53537, 40.44601 ], [ -3.53419, 40.44602 ], [ -3.53301, 40.44603 ], [ -3.53183, 40.44693 ], [ -3.53066, 40.44694 ], [ -3.53065, 40.44604 ], [ -3.53183, 40.44603 ], [ -3.53182, 40.44513 ], [ -3.53181, 40.44423 ], [ -3.53181, 40.44333 ], [ -3.53063, 40.44333 ], [ -3.53062, 40.44243 ], [ -3.53061, 40.44063 ], [ -3.5306, 40.43973 ], [ -3.52941, 40.43883 ], [ -3.52823, 40.43794 ], [ -3.52822, 40.43704 ], [ -3.52821, 40.43614 ], [ -3.52821, 40.43524 ], [ -3.52703, 40.43524 ], [ -3.52702, 40.43434 ], [ -3.52701, 40.43344 ], [ -3.5329, 40.43251 ], [ -3.5317, 40.42982 ], [ -3.53406, 40.4298 ], [ -3.53759, 40.42979 ], [ -3.53759, 40.42889 ], [ -3.53756, 40.42528 ], [ -3.53637, 40.42349 ], [ -3.53518, 40.42259 ], [ -3.53399, 40.4217 ], [ -3.53399, 40.4208 ], [ -3.53162, 40.41991 ], [ -3.5304, 40.41451 ] ] ] } },
{ "type": "Feature", "properties": { "ine_code": "28050", "name": "Cubas de la Sagra" }, "geometry": { "type": "MultiPolygon", "coordinates": [ [ [ [ -3.80691, 40.17687 ], [ -3.80692, 40.17777 ], [ -3.80574, 40.17687 ], [ -3.80691, 40.17687 ] ] ], [ [ [ -3.87522, 40.19169 ], [ -3.87524, 40.19259 ], [ -3.87525, 40.19349 ], [ -3.87526, 40.19439 ], [ -3.87408, 40.1944 ], [ -3.8741, 40.1953 ], [ -3.87293, 40.19621 ], [ -3.87294, 40.19711 ], [ -3.87177, 40.19712 ], [ -3.87178, 40.19802 ], [ -3.87179, 40.19892 ], [ -3.87062, 40.19893 ], [ -3.87063, 40.19983 ], [ -3.86945, 40.19984 ], [ -3.86947, 40.20074 ], [ -3.8671, 40.19985 ], [ -3.86595, 40.20167 ], [ -3.86477, 40.20077 ], [ -3.8624, 40.19989 ], [ -3.86004, 40.19901 ], [ -3.85771, 40.19992 ], [ -3.85536, 40.19994 ], [ -3.85301, 40.19996 ], [ -3.85067, 40.20088 ], [ -3.84832, 40.20089 ], [ -3.84715, 40.2018 ], [ -3.84481, 40.20182 ], [ -3.84365, 40.20363 ], [ -3.84248, 40.20364 ], [ -3.8413, 40.20365 ], [ -3.83894, 40.20277 ], [ -3.83541, 40.20189 ], [ -3.83307, 40.20281 ], [ -3.83072, 40.20282 ], [ -3.82603, 40.20376 ], [ -3.82605, 40.20556 ], [ -3.82253, 40.20559 ], [ -3.82135, 40.20559 ], [ -3.81428, 40.20384 ], [ -3.81425, 40.20114 ], [ -3.81305, 40.19935 ], [ -3.81186, 40.19755 ], [ -3.81301, 40.19574 ], [ -3.81065, 40.19486 ], [ -3.8083, 40.19487 ], [ -3.80828, 40.19307 ], [ -3.80827, 40.19217 ], [ -3.80823, 40.18947 ], [ -3.80706, 40.18948 ], [ -3.80589, 40.18949 ], [ -3.80471, 40.18949 ], [ -3.8047, 40.18859 ], [ -3.80468, 40.18679 ], [ -3.80466, 40.18499 ], [ -3.8058, 40.18228 ], [ -3.80578, 40.18048 ], [ -3.80692, 40.17777 ], [ -3.8081, 40.17776 ], [ -3.80812, 40.17956 ], [ -3.80929, 40.17955 ], [ -3.81047, 40.17954 ], [ -3.81046, 40.17864 ], [ -3.81163, 40.17863 ], [ -3.8128, 40.17863 ], [ -3.81398, 40.17862 ], [ -3.81399, 40.17952 ], [ -3.81634, 40.1795 ], [ -3.81869, 40.17949 ], [ -3.82104, 40.17947 ], [ -3.82221, 40.17946 ], [ -3.82456, 40.17944 ], [ -3.82691, 40.17943 ], [ -3.82925, 40.17851 ], [ -3.83043, 40.1794 ], [ -3.83394, 40.17848 ], [ -3.8363, 40.17936 ], [ -3.83748, 40.17935 ], [ -3.83983, 40.17933 ], [ -3.84218, 40.17932 ], [ -3.8457, 40.17929 ], [ -3.84806, 40.18018 ], [ -3.85157, 40.17925 ], [ -3.85275, 40.17924 ], [ -3.85392, 40.17923 ], [ -3.85393, 40.18013 ], [ -3.85511, 40.18012 ], [ -3.85512, 40.18102 ], [ -3.8563, 40.18192 ], [ -3.85748, 40.18191 ], [ -3.85866, 40.1828 ], [ -3.85984, 40.18279 ], [ -3.86222, 40.18548 ], [ -3.86459, 40.18726 ], [ -3.86696, 40.18814 ], [ -3.8705, 40.18992 ], [ -3.87168, 40.18991 ], [ -3.87639, 40.19078 ], [ -3.8764, 40.19168 ], [ -3.87522, 40.19169 ] ] ] ] } },
{ "type": "Feature", "properties": { "ine_code": "28051", "name": "Chapinería" }, "geometry": { "type": "Polygon", "coordinates": [ [ [ -4.23368, 40.39383 ], [ -4.2325, 40.39384 ], [ -4.23134, 40.39475 ], [ -4.23017, 40.39566 ], [ -4.22901, 40.39658 ], [ -4.22783, 40.39659 ], [ -4.22669, 40.3984 ], [ -4.22549, 40.39752 ], [ -4.22435, 40.39933 ], [ -4.22317, 40.39934 ], [ -4.22319, 40.40024 ], [ -4.22203, 40.40116 ], [ -4.21736, 40.40391 ], [ -4.21615, 40.40212 ], [ -4.21381, 40.40304 ], [ -4.21145, 40.40307 ], [ -4.2091, 40.40309 ], [ -4.20558, 40.40403 ], [ -4.20322, 40.40406 ], [ -4.20085, 40.40318 ], [ -4.19966, 40.40229 ], [ -4.19846, 40.4014 ], [ -4.19728, 40.40142 ], [ -4.19611, 40.40143 ], [ -4.19612, 40.40233 ], [ -4.19494, 40.40234 ], [ -4.19496, 40.40324 ], [ -4.19378, 40.40325 ], [ -4.1926, 40.40327 ], [ -4.19259, 40.40236 ], [ -4.19141, 40.40238 ], [ -4.19023, 40.40239 ], [ -4.18904, 40.4015 ], [ -4.18786, 40.40151 ], [ -4.1867, 40.40243 ], [ -4.18552, 40.40244 ], [ -4.18553, 40.40334 ], [ -4.18435, 40.40335 ], [ -4.18318, 40.40336 ], [ -4.182, 40.40337 ], [ -4.18082, 40.40339 ], [ -4.1808, 40.40249 ], [ -4.17963, 40.4025 ], [ -4.17961, 40.4016 ], [ -4.17843, 40.40161 ], [ -4.17842, 40.40071 ], [ -4.1784, 40.39981 ], [ -4.17839, 40.39891 ], [ -4.17955, 40.39799 ], [ -4.17953, 40.39709 ], [ -4.18187, 40.39617 ], [ -4.18891, 40.39429 ], [ -4.19357, 40.39154 ], [ -4.19356, 40.39064 ], [ -4.19354, 40.38974 ], [ -4.19236, 40.38975 ], [ -4.19235, 40.38885 ], [ -4.19233, 40.38795 ], [ -4.19115, 40.38797 ], [ -4.19114, 40.38706 ], [ -4.18996, 40.38708 ], [ -4.18994, 40.38618 ], [ -4.18993, 40.38528 ], [ -4.19111, 40.38526 ], [ -4.19109, 40.38436 ], [ -4.18991, 40.38437 ], [ -4.1899, 40.38347 ], [ -4.18988, 40.38257 ], [ -4.1887, 40.38258 ], [ -4.18751, 40.3817 ], [ -4.18749, 40.3808 ], [ -4.18632, 40.38081 ], [ -4.1863, 40.37991 ], [ -4.18628, 40.37901 ], [ -4.18746, 40.37899 ], [ -4.18977, 40.37627 ], [ -4.18975, 40.37537 ], [ -4.19092, 40.37445 ], [ -4.19208, 40.37354 ], [ -4.19206, 40.37264 ], [ -4.19324, 40.37263 ], [ -4.19322, 40.37173 ], [ -4.19321, 40.37083 ], [ -4.19439, 40.37081 ], [ -4.19437, 40.36991 ], [ -4.19553, 40.369 ], [ -4.19552, 40.3681 ], [ -4.19784, 40.36627 ], [ -4.19781, 40.36447 ], [ -4.19663, 40.36449 ], [ -4.19545, 40.3645 ], [ -4.19544, 40.3636 ], [ -4.19542, 40.3627 ], [ -4.1966, 40.36268 ], [ -4.19658, 40.36178 ], [ -4.19776, 40.36177 ], [ -4.19774, 40.36087 ], [ -4.19657, 40.36088 ], [ -4.19539, 40.36089 ], [ -4.19537, 40.35999 ], [ -4.1942, 40.36001 ], [ -4.193, 40.35912 ], [ -4.19182, 40.35913 ], [ -4.19065, 40.35914 ], [ -4.18947, 40.35915 ], [ -4.18949, 40.36005 ], [ -4.18831, 40.36007 ], [ -4.18829, 40.35917 ], [ -4.18828, 40.35827 ], [ -4.18826, 40.35736 ], [ -4.18708, 40.35738 ], [ -4.18591, 40.35739 ], [ -4.18589, 40.35649 ], [ -4.18471, 40.3565 ], [ -4.1847, 40.3556 ], [ -4.18587, 40.35559 ], [ -4.18705, 40.35558 ], [ -4.18704, 40.35467 ], [ -4.18821, 40.35466 ], [ -4.18939, 40.35465 ], [ -4.18937, 40.35375 ], [ -4.1882, 40.35376 ], [ -4.18818, 40.35286 ], [ -4.18817, 40.35196 ], [ -4.18699, 40.35197 ], [ -4.18581, 40.35198 ], [ -4.1858, 40.35108 ], [ -4.18578, 40.35018 ], [ -4.1846, 40.35019 ], [ -4.18459, 40.34929 ], [ -4.18341, 40.34931 ], [ -4.18339, 40.34841 ], [ -4.18222, 40.34842 ], [ -4.1822, 40.34752 ], [ -4.18218, 40.34662 ], [ -4.18217, 40.34572 ], [ -4.18215, 40.34481 ], [ -4.18333, 40.3448 ], [ -4.18209, 40.34121 ], [ -4.18206, 40.33941 ], [ -4.18322, 40.3385 ], [ -4.1832, 40.3376 ], [ -4.1844, 40.33849 ], [ -4.18557, 40.33847 ], [ -4.18675, 40.33846 ], [ -4.18793, 40.33845 ], [ -4.19265, 40.3393 ], [ -4.19623, 40.34197 ], [ -4.19862, 40.34374 ], [ -4.20813, 40.34905 ], [ -4.20931, 40.34904 ], [ -4.20933, 40.34994 ], [ -4.2105, 40.34993 ], [ -4.21168, 40.34991 ], [ -4.21286, 40.3499 ], [ -4.21284, 40.349 ], [ -4.21282, 40.3481 ], [ -4.21165, 40.34811 ], [ -4.21163, 40.34721 ], [ -4.21395, 40.34539 ], [ -4.2151, 40.34357 ], [ -4.21389, 40.34178 ], [ -4.21384, 40.33908 ], [ -4.215, 40.33817 ], [ -4.21618, 40.33816 ], [ -4.21734, 40.33724 ], [ -4.21732, 40.33634 ], [ -4.2185, 40.33633 ], [ -4.21968, 40.33632 ], [ -4.22085, 40.3363 ], [ -4.22203, 40.33629 ], [ -4.22319, 40.33538 ], [ -4.22437, 40.33537 ], [ -4.22555, 40.33535 ], [ -4.22788, 40.33443 ], [ -4.22906, 40.33442 ], [ -4.23024, 40.3344 ], [ -4.23141, 40.33439 ], [ -4.23145, 40.33619 ], [ -4.23146, 40.33709 ], [ -4.23266, 40.33798 ], [ -4.23271, 40.34068 ], [ -4.23274, 40.34248 ], [ -4.23279, 40.34519 ], [ -4.23282, 40.34699 ], [ -4.23284, 40.34789 ], [ -4.23168, 40.3488 ], [ -4.23287, 40.34969 ], [ -4.23173, 40.3515 ], [ -4.23174, 40.35241 ], [ -4.23176, 40.35331 ], [ -4.23178, 40.35421 ], [ -4.23299, 40.356 ], [ -4.2342, 40.35778 ], [ -4.23541, 40.35957 ], [ -4.23542, 40.36047 ], [ -4.23663, 40.36226 ], [ -4.23784, 40.36405 ], [ -4.23672, 40.36677 ], [ -4.23673, 40.36767 ], [ -4.23675, 40.36857 ], [ -4.23676, 40.36947 ], [ -4.23562, 40.37128 ], [ -4.23565, 40.37308 ], [ -4.23335, 40.37581 ], [ -4.2322, 40.37763 ], [ -4.23104, 40.37854 ], [ -4.2299, 40.38035 ], [ -4.22993, 40.38215 ], [ -4.22878, 40.38397 ], [ -4.22769, 40.38848 ], [ -4.23127, 40.39115 ], [ -4.23246, 40.39204 ], [ -4.23364, 40.39202 ], [ -4.23601, 40.3929 ], [ -4.23368, 40.39383 ] ] ] } },
{ "type": "Feature", "properties": { "ine_code": "28052", "name": "Chinchón" }, "geometry": { "type": "Polygon", "coordinates": [ [ [ -3.58075, 40.10074 ], [ -3.58077, 40.10254 ], [ -3.5796, 40.10345 ], [ -3.57844, 40.10435 ], [ -3.57846, 40.10706 ], [ -3.57729, 40.10796 ], [ -3.57614, 40.11067 ], [ -3.57617, 40.11338 ], [ -3.575, 40.11428 ], [ -3.57266, 40.11519 ], [ -3.57031, 40.11521 ], [ -3.56915, 40.11611 ], [ -3.56681, 40.11703 ], [ -3.56447, 40.11794 ], [ -3.56331, 40.11975 ], [ -3.56097, 40.12066 ], [ -3.5598, 40.12066 ], [ -3.55981, 40.12247 ], [ -3.55865, 40.12337 ], [ -3.55749, 40.12518 ], [ -3.55751, 40.12788 ], [ -3.55752, 40.12968 ], [ -3.55638, 40.13329 ], [ -3.55521, 40.1333 ], [ -3.5564, 40.136 ], [ -3.55523, 40.1369 ], [ -3.5529, 40.13872 ], [ -3.55174, 40.14052 ], [ -3.55058, 40.14143 ], [ -3.55058, 40.14233 ], [ -3.54941, 40.14234 ], [ -3.54824, 40.14324 ], [ -3.54707, 40.14325 ], [ -3.5459, 40.14415 ], [ -3.54474, 40.14506 ], [ -3.54123, 40.14688 ], [ -3.54005, 40.14688 ], [ -3.53772, 40.1487 ], [ -3.5389, 40.14959 ], [ -3.54008, 40.15049 ], [ -3.54126, 40.15048 ], [ -3.54126, 40.15138 ], [ -3.54244, 40.15138 ], [ -3.54244, 40.15228 ], [ -3.54363, 40.15317 ], [ -3.54363, 40.15408 ], [ -3.54365, 40.15588 ], [ -3.54482, 40.15587 ], [ -3.54601, 40.15767 ], [ -3.54602, 40.15857 ], [ -3.54486, 40.16128 ], [ -3.54605, 40.16217 ], [ -3.54488, 40.16308 ], [ -3.54371, 40.16399 ], [ -3.54489, 40.16488 ], [ -3.5449, 40.16578 ], [ -3.54491, 40.16668 ], [ -3.54727, 40.16847 ], [ -3.54845, 40.16937 ], [ -3.55081, 40.17026 ], [ -3.55198, 40.16935 ], [ -3.55433, 40.17024 ], [ -3.55551, 40.17114 ], [ -3.55669, 40.17113 ], [ -3.55786, 40.17113 ], [ -3.55785, 40.17023 ], [ -3.55903, 40.17022 ], [ -3.55904, 40.17112 ], [ -3.56021, 40.17111 ], [ -3.56022, 40.17202 ], [ -3.55904, 40.17202 ], [ -3.55905, 40.17292 ], [ -3.55788, 40.17293 ], [ -3.55788, 40.17383 ], [ -3.55671, 40.17383 ], [ -3.55554, 40.17474 ], [ -3.55437, 40.17475 ], [ -3.55319, 40.17475 ], [ -3.55202, 40.17476 ], [ -3.55085, 40.17476 ], [ -3.55085, 40.17566 ], [ -3.54968, 40.17567 ], [ -3.5485, 40.17568 ], [ -3.54733, 40.17568 ], [ -3.54499, 40.17749 ], [ -3.54382, 40.1775 ], [ -3.54383, 40.1784 ], [ -3.54383, 40.1793 ], [ -3.54266, 40.17931 ], [ -3.54267, 40.18021 ], [ -3.54149, 40.18021 ], [ -3.5415, 40.18111 ], [ -3.54151, 40.18202 ], [ -3.54386, 40.182 ], [ -3.54386, 40.18291 ], [ -3.54504, 40.1829 ], [ -3.54621, 40.18289 ], [ -3.54739, 40.18289 ], [ -3.54856, 40.18288 ], [ -3.54857, 40.18378 ], [ -3.54974, 40.18378 ], [ -3.55092, 40.18377 ], [ -3.55209, 40.18377 ], [ -3.5521, 40.18467 ], [ -3.55327, 40.18466 ], [ -3.55919, 40.19004 ], [ -3.55802, 40.19095 ], [ -3.55686, 40.19275 ], [ -3.55569, 40.19276 ], [ -3.55219, 40.19548 ], [ -3.55101, 40.19548 ], [ -3.54984, 40.19549 ], [ -3.54867, 40.1964 ], [ -3.54632, 40.19641 ], [ -3.54515, 40.19731 ], [ -3.5428, 40.19642 ], [ -3.54044, 40.19553 ], [ -3.53809, 40.19555 ], [ -3.53691, 40.19555 ], [ -3.53573, 40.19466 ], [ -3.53339, 40.19557 ], [ -3.53222, 40.19557 ], [ -3.53104, 40.19558 ], [ -3.5287, 40.19649 ], [ -3.52519, 40.19831 ], [ -3.52401, 40.19831 ], [ -3.52402, 40.19921 ], [ -3.52284, 40.19922 ], [ -3.52285, 40.20012 ], [ -3.52286, 40.20102 ], [ -3.52168, 40.20103 ], [ -3.52169, 40.20193 ], [ -3.52052, 40.20193 ], [ -3.52052, 40.20283 ], [ -3.51935, 40.20284 ], [ -3.51935, 40.20374 ], [ -3.51818, 40.20374 ], [ -3.51701, 40.20465 ], [ -3.51584, 40.20466 ], [ -3.51584, 40.20556 ], [ -3.51467, 40.20556 ], [ -3.51467, 40.20646 ], [ -3.51351, 40.20737 ], [ -3.51234, 40.20828 ], [ -3.51235, 40.20918 ], [ -3.51117, 40.20918 ], [ -3.51118, 40.21008 ], [ -3.51, 40.21009 ], [ -3.51001, 40.21099 ], [ -3.51002, 40.21189 ], [ -3.50885, 40.2128 ], [ -3.50768, 40.2137 ], [ -3.5065, 40.21371 ], [ -3.50533, 40.21371 ], [ -3.50534, 40.21461 ], [ -3.50416, 40.21462 ], [ -3.50417, 40.21552 ], [ -3.50299, 40.21552 ], [ -3.50182, 40.21553 ], [ -3.50182, 40.21643 ], [ -3.50065, 40.21643 ], [ -3.49947, 40.21644 ], [ -3.4983, 40.21645 ], [ -3.4983, 40.21735 ], [ -3.49596, 40.21826 ], [ -3.49361, 40.21827 ], [ -3.49125, 40.21648 ], [ -3.4889, 40.21649 ], [ -3.48654, 40.21559 ], [ -3.48301, 40.21561 ], [ -3.48066, 40.21472 ], [ -3.47948, 40.21382 ], [ -3.47594, 40.21294 ], [ -3.47242, 40.21295 ], [ -3.46419, 40.21298 ], [ -3.46184, 40.21299 ], [ -3.45831, 40.21211 ], [ -3.4536, 40.21032 ], [ -3.45242, 40.21033 ], [ -3.45242, 40.20943 ], [ -3.45241, 40.20853 ], [ -3.45124, 40.20853 ], [ -3.45123, 40.20763 ], [ -3.45122, 40.20673 ], [ -3.45122, 40.20583 ], [ -3.45239, 40.20582 ], [ -3.45239, 40.20492 ], [ -3.45238, 40.20402 ], [ -3.45356, 40.20402 ], [ -3.45355, 40.20311 ], [ -3.45354, 40.20221 ], [ -3.45119, 40.20222 ], [ -3.44649, 40.20134 ], [ -3.43826, 40.20047 ], [ -3.43356, 40.20139 ], [ -3.43004, 40.2014 ], [ -3.42769, 40.20141 ], [ -3.42296, 40.19692 ], [ -3.42178, 40.19603 ], [ -3.4206, 40.19513 ], [ -3.41942, 40.19423 ], [ -3.41704, 40.18974 ], [ -3.41469, 40.18885 ], [ -3.41233, 40.18705 ], [ -3.40762, 40.18617 ], [ -3.40644, 40.18437 ], [ -3.40525, 40.18257 ], [ -3.40288, 40.17898 ], [ -3.40167, 40.17267 ], [ -3.40048, 40.16998 ], [ -3.40046, 40.16727 ], [ -3.3981, 40.16458 ], [ -3.39691, 40.16278 ], [ -3.39572, 40.16008 ], [ -3.39454, 40.15738 ], [ -3.39335, 40.15468 ], [ -3.39333, 40.15288 ], [ -3.39215, 40.15108 ], [ -3.39097, 40.14929 ], [ -3.38978, 40.14659 ], [ -3.38859, 40.14479 ], [ -3.38622, 40.14029 ], [ -3.38503, 40.13759 ], [ -3.38502, 40.13669 ], [ -3.38501, 40.13489 ], [ -3.38619, 40.13579 ], [ -3.38736, 40.13488 ], [ -3.39088, 40.13397 ], [ -3.39439, 40.13306 ], [ -3.39674, 40.13305 ], [ -3.39792, 40.13305 ], [ -3.40026, 40.13304 ], [ -3.40261, 40.13213 ], [ -3.40377, 40.13122 ], [ -3.40494, 40.13032 ], [ -3.40494, 40.12942 ], [ -3.40611, 40.12941 ], [ -3.40611, 40.12851 ], [ -3.40727, 40.12761 ], [ -3.40844, 40.1267 ], [ -3.40961, 40.1258 ], [ -3.4096, 40.1249 ], [ -3.41078, 40.12489 ], [ -3.41077, 40.12399 ], [ -3.41077, 40.12309 ], [ -3.41194, 40.12309 ], [ -3.41194, 40.12218 ], [ -3.41311, 40.12218 ], [ -3.4131, 40.12128 ], [ -3.41428, 40.12128 ], [ -3.41545, 40.12127 ], [ -3.41662, 40.12127 ], [ -3.42014, 40.12035 ], [ -3.42131, 40.12035 ], [ -3.42365, 40.11944 ], [ -3.42483, 40.11944 ], [ -3.42718, 40.11943 ], [ -3.43069, 40.11851 ], [ -3.43186, 40.11761 ], [ -3.43304, 40.1185 ], [ -3.43539, 40.1194 ], [ -3.43774, 40.11939 ], [ -3.43773, 40.11849 ], [ -3.4389, 40.11758 ], [ -3.44006, 40.11577 ], [ -3.44124, 40.11667 ], [ -3.44242, 40.11757 ], [ -3.44477, 40.11846 ], [ -3.44593, 40.11665 ], [ -3.44946, 40.11754 ], [ -3.45064, 40.11844 ], [ -3.45182, 40.11933 ], [ -3.45183, 40.12114 ], [ -3.45418, 40.12203 ], [ -3.45536, 40.12292 ], [ -3.45771, 40.12291 ], [ -3.46124, 40.1238 ], [ -3.46241, 40.1238 ], [ -3.46242, 40.1247 ], [ -3.46242, 40.1256 ], [ -3.46243, 40.1265 ], [ -3.4636, 40.12649 ], [ -3.46361, 40.1274 ], [ -3.46362, 40.1283 ], [ -3.46362, 40.1292 ], [ -3.4648, 40.12919 ], [ -3.4648, 40.13009 ], [ -3.46598, 40.13099 ], [ -3.46716, 40.13189 ], [ -3.46834, 40.13188 ], [ -3.46951, 40.13188 ], [ -3.46951, 40.13278 ], [ -3.47069, 40.13277 ], [ -3.47186, 40.13277 ], [ -3.47187, 40.13367 ], [ -3.47304, 40.13366 ], [ -3.47422, 40.13366 ], [ -3.47657, 40.13455 ], [ -3.47892, 40.13544 ], [ -3.48245, 40.13633 ], [ -3.48364, 40.13812 ], [ -3.48599, 40.13811 ], [ -3.48833, 40.13811 ], [ -3.48951, 40.139 ], [ -3.49069, 40.1399 ], [ -3.49421, 40.13898 ], [ -3.49539, 40.13988 ], [ -3.49773, 40.13897 ], [ -3.50008, 40.13896 ], [ -3.50125, 40.13895 ], [ -3.50243, 40.13895 ], [ -3.50477, 40.13894 ], [ -3.50712, 40.13893 ], [ -3.50947, 40.13892 ], [ -3.51181, 40.138 ], [ -3.51298, 40.138 ], [ -3.51533, 40.13709 ], [ -3.51885, 40.13707 ], [ -3.52002, 40.13707 ], [ -3.52236, 40.13615 ], [ -3.52235, 40.13435 ], [ -3.52234, 40.13345 ], [ -3.52351, 40.13255 ], [ -3.52468, 40.13254 ], [ -3.52585, 40.13163 ], [ -3.527, 40.12893 ], [ -3.52816, 40.12712 ], [ -3.52933, 40.12621 ], [ -3.53049, 40.12441 ], [ -3.53165, 40.1235 ], [ -3.53281, 40.12169 ], [ -3.53515, 40.12078 ], [ -3.53631, 40.11897 ], [ -3.5363, 40.11717 ], [ -3.53747, 40.11717 ], [ -3.53862, 40.11446 ], [ -3.54096, 40.11355 ], [ -3.54212, 40.11174 ], [ -3.54329, 40.11083 ], [ -3.54445, 40.10902 ], [ -3.54561, 40.10812 ], [ -3.54677, 40.10631 ], [ -3.54677, 40.10541 ], [ -3.5491, 40.1036 ], [ -3.54908, 40.10179 ], [ -3.55026, 40.10179 ], [ -3.5526, 40.10178 ], [ -3.55611, 40.09996 ], [ -3.55728, 40.09995 ], [ -3.55845, 40.09995 ], [ -3.55963, 40.09994 ], [ -3.5608, 40.09994 ], [ -3.56079, 40.09904 ], [ -3.56197, 40.09903 ], [ -3.56197, 40.09993 ], [ -3.56315, 40.09993 ], [ -3.56432, 40.09992 ], [ -3.56549, 40.09991 ], [ -3.56667, 40.09991 ], [ -3.56901, 40.0999 ], [ -3.57019, 40.10079 ], [ -3.57137, 40.10079 ], [ -3.57489, 40.10077 ], [ -3.57606, 40.10076 ], [ -3.57723, 40.10076 ], [ -3.57957, 40.09984 ], [ -3.58074, 40.09894 ], [ -3.58075, 40.10074 ] ] ] } },
{ "type": "Feature", "properties": { "ine_code": "28053", "name": "Daganzo de Arriba" }, "geometry": { "type": "Polygon", "coordinates": [ [ [ -3.48079, 40.56427 ], [ -3.47844, 40.56608 ], [ -3.47609, 40.5688 ], [ -3.47492, 40.5697 ], [ -3.47492, 40.5706 ], [ -3.47493, 40.5715 ], [ -3.47494, 40.5724 ], [ -3.47494, 40.57331 ], [ -3.47377, 40.57421 ], [ -3.47377, 40.57511 ], [ -3.4726, 40.57602 ], [ -3.47261, 40.57692 ], [ -3.47379, 40.57691 ], [ -3.47379, 40.57781 ], [ -3.47261, 40.57782 ], [ -3.47262, 40.57872 ], [ -3.4738, 40.57872 ], [ -3.47381, 40.57962 ], [ -3.47381, 40.58052 ], [ -3.47263, 40.58052 ], [ -3.47145, 40.58053 ], [ -3.47146, 40.58143 ], [ -3.47029, 40.58323 ], [ -3.47029, 40.58413 ], [ -3.4703, 40.58504 ], [ -3.47031, 40.58594 ], [ -3.47031, 40.58684 ], [ -3.46796, 40.58865 ], [ -3.4668, 40.59136 ], [ -3.46565, 40.59586 ], [ -3.46684, 40.59676 ], [ -3.46566, 40.59767 ], [ -3.46448, 40.59767 ], [ -3.46448, 40.59857 ], [ -3.46449, 40.59947 ], [ -3.46331, 40.59948 ], [ -3.46332, 40.60038 ], [ -3.46213, 40.60038 ], [ -3.46214, 40.60128 ], [ -3.46096, 40.60129 ], [ -3.46096, 40.60219 ], [ -3.45978, 40.60219 ], [ -3.45979, 40.6031 ], [ -3.45861, 40.6031 ], [ -3.4539, 40.60672 ], [ -3.45391, 40.60762 ], [ -3.45273, 40.60853 ], [ -3.44921, 40.61215 ], [ -3.44804, 40.61395 ], [ -3.44686, 40.61486 ], [ -3.44569, 40.61666 ], [ -3.44451, 40.61667 ], [ -3.44333, 40.61667 ], [ -3.44334, 40.61757 ], [ -3.44215, 40.61758 ], [ -3.44449, 40.61307 ], [ -3.44448, 40.61126 ], [ -3.44329, 40.61127 ], [ -3.44211, 40.61127 ], [ -3.43974, 40.60948 ], [ -3.44208, 40.60587 ], [ -3.44325, 40.60496 ], [ -3.44325, 40.60406 ], [ -3.44322, 40.59956 ], [ -3.44439, 40.59775 ], [ -3.44319, 40.59505 ], [ -3.43726, 40.59237 ], [ -3.43487, 40.58878 ], [ -3.43369, 40.58878 ], [ -3.4325, 40.58699 ], [ -3.43012, 40.58519 ], [ -3.42776, 40.5852 ], [ -3.42539, 40.58431 ], [ -3.42184, 40.58252 ], [ -3.4171, 40.58074 ], [ -3.41591, 40.57984 ], [ -3.41354, 40.57895 ], [ -3.41118, 40.57895 ], [ -3.41117, 40.57805 ], [ -3.40527, 40.57807 ], [ -3.40172, 40.57809 ], [ -3.40054, 40.57719 ], [ -3.39817, 40.5772 ], [ -3.39579, 40.5745 ], [ -3.39697, 40.5736 ], [ -3.39931, 40.56999 ], [ -3.39931, 40.56909 ], [ -3.40166, 40.56728 ], [ -3.40165, 40.56638 ], [ -3.40282, 40.56457 ], [ -3.4028, 40.56097 ], [ -3.40516, 40.56096 ], [ -3.39924, 40.55828 ], [ -3.40042, 40.55737 ], [ -3.40159, 40.55647 ], [ -3.40159, 40.55557 ], [ -3.40277, 40.55556 ], [ -3.40513, 40.55465 ], [ -3.40747, 40.55104 ], [ -3.40864, 40.54923 ], [ -3.40981, 40.54833 ], [ -3.41218, 40.54922 ], [ -3.41335, 40.54832 ], [ -3.41454, 40.54831 ], [ -3.4157, 40.54651 ], [ -3.4157, 40.54561 ], [ -3.41806, 40.5447 ], [ -3.41924, 40.54469 ], [ -3.42042, 40.54469 ], [ -3.4216, 40.54468 ], [ -3.42278, 40.54468 ], [ -3.42397, 40.54558 ], [ -3.42515, 40.54557 ], [ -3.42513, 40.54287 ], [ -3.4334, 40.54374 ], [ -3.43575, 40.54103 ], [ -3.43455, 40.53923 ], [ -3.43573, 40.53832 ], [ -3.43572, 40.53742 ], [ -3.43927, 40.53831 ], [ -3.43926, 40.53651 ], [ -3.43807, 40.53561 ], [ -3.43686, 40.53021 ], [ -3.43095, 40.53023 ], [ -3.42859, 40.53024 ], [ -3.42859, 40.52934 ], [ -3.42858, 40.52844 ], [ -3.42976, 40.52844 ], [ -3.42976, 40.52754 ], [ -3.42975, 40.52664 ], [ -3.42974, 40.52573 ], [ -3.42974, 40.52483 ], [ -3.42973, 40.52393 ], [ -3.43091, 40.52393 ], [ -3.43091, 40.52303 ], [ -3.4309, 40.52213 ], [ -3.4309, 40.52123 ], [ -3.43089, 40.52033 ], [ -3.43088, 40.51942 ], [ -3.43088, 40.51852 ], [ -3.42851, 40.51763 ], [ -3.42847, 40.51133 ], [ -3.42965, 40.51042 ], [ -3.43083, 40.51042 ], [ -3.43201, 40.51041 ], [ -3.432, 40.50951 ], [ -3.43318, 40.50951 ], [ -3.43436, 40.5095 ], [ -3.43554, 40.5086 ], [ -3.43672, 40.50949 ], [ -3.43911, 40.51309 ], [ -3.44264, 40.51217 ], [ -3.44618, 40.51216 ], [ -3.44972, 40.51124 ], [ -3.4509, 40.51124 ], [ -3.4509, 40.51214 ], [ -3.45208, 40.51214 ], [ -3.45326, 40.51213 ], [ -3.45561, 40.51032 ], [ -3.45561, 40.50942 ], [ -3.45679, 40.51032 ], [ -3.45797, 40.51031 ], [ -3.45915, 40.51031 ], [ -3.46033, 40.5103 ], [ -3.46034, 40.5112 ], [ -3.46152, 40.5112 ], [ -3.46153, 40.5121 ], [ -3.46153, 40.513 ], [ -3.46271, 40.51299 ], [ -3.46272, 40.5139 ], [ -3.4639, 40.51389 ], [ -3.46391, 40.51479 ], [ -3.46273, 40.5157 ], [ -3.46155, 40.5157 ], [ -3.46156, 40.5166 ], [ -3.46156, 40.5175 ], [ -3.46157, 40.5184 ], [ -3.46158, 40.51931 ], [ -3.46276, 40.5193 ], [ -3.46276, 40.5202 ], [ -3.46277, 40.5211 ], [ -3.46159, 40.52111 ], [ -3.46159, 40.52201 ], [ -3.46278, 40.522 ], [ -3.46278, 40.5229 ], [ -3.46279, 40.52381 ], [ -3.46161, 40.52381 ], [ -3.46162, 40.52561 ], [ -3.46163, 40.52651 ], [ -3.46281, 40.52651 ], [ -3.46282, 40.52831 ], [ -3.46519, 40.5292 ], [ -3.46638, 40.531 ], [ -3.46874, 40.53099 ], [ -3.46875, 40.53279 ], [ -3.47111, 40.53278 ], [ -3.46997, 40.53729 ], [ -3.4688, 40.5391 ], [ -3.46998, 40.53999 ], [ -3.47234, 40.53908 ], [ -3.47235, 40.53998 ], [ -3.47235, 40.54088 ], [ -3.47353, 40.54088 ], [ -3.47472, 40.54177 ], [ -3.47591, 40.54267 ], [ -3.47593, 40.54537 ], [ -3.47829, 40.54536 ], [ -3.48067, 40.54806 ], [ -3.48068, 40.54896 ], [ -3.48068, 40.54986 ], [ -3.48069, 40.55076 ], [ -3.48187, 40.55075 ], [ -3.48188, 40.55166 ], [ -3.48188, 40.55256 ], [ -3.48189, 40.55346 ], [ -3.4819, 40.55436 ], [ -3.48191, 40.55616 ], [ -3.48308, 40.55525 ], [ -3.4831, 40.55796 ], [ -3.48193, 40.55976 ], [ -3.48076, 40.56067 ], [ -3.48077, 40.56247 ], [ -3.48079, 40.56427 ] ] ] } },
{ "type": "Feature", "properties": { "ine_code": "28054", "name": "El Escorial" }, "geometry": { "type": "Polygon", "coordinates": [ [ [ -4.15882, 40.56306 ], [ -4.15764, 40.56308 ], [ -4.15765, 40.56398 ], [ -4.15647, 40.56399 ], [ -4.15529, 40.564 ], [ -4.15412, 40.56491 ], [ -4.15414, 40.56581 ], [ -4.15296, 40.56583 ], [ -4.15178, 40.56584 ], [ -4.15179, 40.56674 ], [ -4.15061, 40.56675 ], [ -4.14943, 40.56676 ], [ -4.14825, 40.56677 ], [ -4.14826, 40.56767 ], [ -4.14708, 40.56769 ], [ -4.1459, 40.5677 ], [ -4.14592, 40.5686 ], [ -4.14474, 40.56861 ], [ -4.14475, 40.56951 ], [ -4.14357, 40.56952 ], [ -4.14359, 40.57042 ], [ -4.1424, 40.57043 ], [ -4.14242, 40.57133 ], [ -4.14125, 40.57225 ], [ -4.14127, 40.57315 ], [ -4.14012, 40.57496 ], [ -4.1413, 40.57495 ], [ -4.14131, 40.57585 ], [ -4.1425, 40.57584 ], [ -4.14251, 40.57674 ], [ -4.14369, 40.57673 ], [ -4.14371, 40.57763 ], [ -4.14492, 40.57942 ], [ -4.14494, 40.58032 ], [ -4.14377, 40.58123 ], [ -4.14382, 40.58393 ], [ -4.14035, 40.58847 ], [ -4.14036, 40.58937 ], [ -4.14038, 40.59027 ], [ -4.13803, 40.5912 ], [ -4.13688, 40.59301 ], [ -4.13573, 40.59482 ], [ -4.13338, 40.59575 ], [ -4.1322, 40.59576 ], [ -4.13103, 40.59667 ], [ -4.13224, 40.59846 ], [ -4.12873, 40.6003 ], [ -4.11934, 40.60399 ], [ -4.11817, 40.6049 ], [ -4.11699, 40.60492 ], [ -4.117, 40.60582 ], [ -4.11702, 40.60672 ], [ -4.11703, 40.60762 ], [ -4.11585, 40.60763 ], [ -4.11587, 40.60853 ], [ -4.11588, 40.60943 ], [ -4.11473, 40.61124 ], [ -4.11474, 40.61214 ], [ -4.11477, 40.61395 ], [ -4.11241, 40.61397 ], [ -4.11123, 40.61398 ], [ -4.11121, 40.61308 ], [ -4.11003, 40.61309 ], [ -4.10885, 40.6131 ], [ -4.10767, 40.61311 ], [ -4.10768, 40.61401 ], [ -4.1077, 40.61491 ], [ -4.10652, 40.61493 ], [ -4.10535, 40.61584 ], [ -4.10536, 40.61674 ], [ -4.10418, 40.61675 ], [ -4.1042, 40.61765 ], [ -4.10301, 40.61766 ], [ -4.10303, 40.61856 ], [ -4.10304, 40.61946 ], [ -4.10186, 40.61947 ], [ -4.10188, 40.62038 ], [ -4.10189, 40.62128 ], [ -4.10191, 40.62218 ], [ -4.10072, 40.62219 ], [ -4.09959, 40.6249 ], [ -4.09963, 40.6276 ], [ -4.09845, 40.62761 ], [ -4.09728, 40.62853 ], [ -4.09611, 40.62944 ], [ -4.09493, 40.62945 ], [ -4.09376, 40.63036 ], [ -4.09258, 40.63037 ], [ -4.09141, 40.63128 ], [ -4.09023, 40.6313 ], [ -4.08905, 40.63131 ], [ -4.08787, 40.63132 ], [ -4.08668, 40.63133 ], [ -4.0867, 40.63223 ], [ -4.08552, 40.63224 ], [ -4.08433, 40.63225 ], [ -4.08315, 40.63226 ], [ -4.08198, 40.63318 ], [ -4.0808, 40.63319 ], [ -4.07962, 40.6332 ], [ -4.07844, 40.63321 ], [ -4.07727, 40.63412 ], [ -4.07609, 40.63413 ], [ -4.07491, 40.63414 ], [ -4.07372, 40.63415 ], [ -4.07254, 40.63416 ], [ -4.07137, 40.63508 ], [ -4.07019, 40.63509 ], [ -4.06901, 40.6351 ], [ -4.06783, 40.63511 ], [ -4.06664, 40.63512 ], [ -4.06666, 40.63602 ], [ -4.06548, 40.63603 ], [ -4.06429, 40.63604 ], [ -4.06311, 40.63605 ], [ -4.05603, 40.63702 ], [ -4.05602, 40.63612 ], [ -4.056, 40.63522 ], [ -4.05482, 40.63523 ], [ -4.05481, 40.63433 ], [ -4.05362, 40.63434 ], [ -4.05364, 40.63524 ], [ -4.05246, 40.63525 ], [ -4.05244, 40.63435 ], [ -4.05126, 40.63436 ], [ -4.05124, 40.63346 ], [ -4.05123, 40.63256 ], [ -4.05005, 40.63257 ], [ -4.05003, 40.63167 ], [ -4.05002, 40.63077 ], [ -4.05001, 40.62987 ], [ -4.04882, 40.62988 ], [ -4.04881, 40.62898 ], [ -4.04763, 40.62899 ], [ -4.04644, 40.629 ], [ -4.04646, 40.6299 ], [ -4.04528, 40.62991 ], [ -4.04409, 40.62992 ], [ -4.04291, 40.62993 ], [ -4.04173, 40.62994 ], [ -4.04055, 40.62995 ], [ -4.03937, 40.62996 ], [ -4.03818, 40.62997 ], [ -4.037, 40.62998 ], [ -4.03582, 40.63 ], [ -4.03464, 40.63001 ], [ -4.03345, 40.63002 ], [ -4.03344, 40.62912 ], [ -4.03343, 40.62821 ], [ -4.03341, 40.62731 ], [ -4.03459, 40.6273 ], [ -4.03458, 40.6264 ], [ -4.03575, 40.62549 ], [ -4.03692, 40.62458 ], [ -4.0369, 40.62368 ], [ -4.03572, 40.62369 ], [ -4.03571, 40.62279 ], [ -4.03451, 40.6219 ], [ -4.0345, 40.621 ], [ -4.03448, 40.6201 ], [ -4.03567, 40.62009 ], [ -4.03565, 40.61919 ], [ -4.03683, 40.61918 ], [ -4.03682, 40.61828 ], [ -4.038, 40.61826 ], [ -4.03799, 40.61736 ], [ -4.03917, 40.61735 ], [ -4.03916, 40.61645 ], [ -4.04034, 40.61644 ], [ -4.04032, 40.61554 ], [ -4.04031, 40.61464 ], [ -4.04148, 40.61373 ], [ -4.04146, 40.61283 ], [ -4.04265, 40.61282 ], [ -4.04145, 40.61193 ], [ -4.04027, 40.61194 ], [ -4.03788, 40.61016 ], [ -4.03669, 40.61017 ], [ -4.0343, 40.60839 ], [ -4.03426, 40.60569 ], [ -4.03422, 40.60298 ], [ -4.03421, 40.60208 ], [ -4.03419, 40.60118 ], [ -4.03418, 40.60028 ], [ -4.03536, 40.60027 ], [ -4.03535, 40.59937 ], [ -4.03416, 40.59938 ], [ -4.03415, 40.59848 ], [ -4.03414, 40.59758 ], [ -4.03532, 40.59757 ], [ -4.0353, 40.59667 ], [ -4.03529, 40.59577 ], [ -4.03528, 40.59487 ], [ -4.03644, 40.59396 ], [ -4.03643, 40.59305 ], [ -4.03761, 40.59304 ], [ -4.0376, 40.59214 ], [ -4.03878, 40.59213 ], [ -4.03879, 40.59303 ], [ -4.03997, 40.59302 ], [ -4.03996, 40.59212 ], [ -4.03995, 40.59122 ], [ -4.04113, 40.59121 ], [ -4.04111, 40.59031 ], [ -4.0423, 40.5903 ], [ -4.04228, 40.5894 ], [ -4.04346, 40.58939 ], [ -4.04345, 40.58849 ], [ -4.04344, 40.58759 ], [ -4.04342, 40.58669 ], [ -4.04341, 40.58578 ], [ -4.04459, 40.58577 ], [ -4.04458, 40.58487 ], [ -4.04456, 40.58397 ], [ -4.04455, 40.58307 ], [ -4.04573, 40.58306 ], [ -4.04691, 40.58305 ], [ -4.04809, 40.58304 ], [ -4.04808, 40.58214 ], [ -4.0469, 40.58215 ], [ -4.04688, 40.58125 ], [ -4.04687, 40.58035 ], [ -4.04569, 40.58036 ], [ -4.04567, 40.57946 ], [ -4.04566, 40.57856 ], [ -4.04564, 40.57766 ], [ -4.04563, 40.57676 ], [ -4.04562, 40.57586 ], [ -4.0456, 40.57495 ], [ -4.04677, 40.57404 ], [ -4.04676, 40.57314 ], [ -4.04674, 40.57224 ], [ -4.04673, 40.57134 ], [ -4.04671, 40.57044 ], [ -4.04789, 40.57043 ], [ -4.05262, 40.57039 ], [ -4.05498, 40.57036 ], [ -4.055, 40.57127 ], [ -4.05618, 40.57125 ], [ -4.05736, 40.57124 ], [ -4.05737, 40.57214 ], [ -4.05855, 40.57213 ], [ -4.05974, 40.57212 ], [ -4.06092, 40.57211 ], [ -4.0621, 40.5721 ], [ -4.06208, 40.5712 ], [ -4.06326, 40.57119 ], [ -4.06445, 40.57118 ], [ -4.06561, 40.57027 ], [ -4.06679, 40.57026 ], [ -4.06797, 40.57025 ], [ -4.06796, 40.56934 ], [ -4.06914, 40.56933 ], [ -4.07031, 40.56842 ], [ -4.07149, 40.56841 ], [ -4.07267, 40.5684 ], [ -4.07385, 40.56839 ], [ -4.07503, 40.56838 ], [ -4.0762, 40.56747 ], [ -4.07738, 40.56746 ], [ -4.07856, 40.56744 ], [ -4.07973, 40.56653 ], [ -4.0809, 40.56562 ], [ -4.07971, 40.56563 ], [ -4.0797, 40.56473 ], [ -4.07969, 40.56383 ], [ -4.08087, 40.56382 ], [ -4.08088, 40.56472 ], [ -4.08206, 40.56471 ], [ -4.08205, 40.56381 ], [ -4.08323, 40.5638 ], [ -4.08321, 40.5629 ], [ -4.0844, 40.56289 ], [ -4.08438, 40.56198 ], [ -4.08556, 40.56197 ], [ -4.08674, 40.56196 ], [ -4.08673, 40.56106 ], [ -4.08671, 40.56016 ], [ -4.0867, 40.55926 ], [ -4.08788, 40.55925 ], [ -4.08906, 40.55924 ], [ -4.09024, 40.55923 ], [ -4.09142, 40.55922 ], [ -4.09141, 40.55832 ], [ -4.09259, 40.5583 ], [ -4.09376, 40.55739 ], [ -4.09494, 40.55738 ], [ -4.09492, 40.55648 ], [ -4.0961, 40.55647 ], [ -4.09728, 40.55646 ], [ -4.09846, 40.55645 ], [ -4.09845, 40.55555 ], [ -4.09844, 40.55465 ], [ -4.09962, 40.55463 ], [ -4.0996, 40.55373 ], [ -4.10078, 40.55372 ], [ -4.10077, 40.55282 ], [ -4.10195, 40.55281 ], [ -4.10193, 40.55191 ], [ -4.10311, 40.5519 ], [ -4.10309, 40.5501 ], [ -4.10425, 40.54918 ], [ -4.10424, 40.54828 ], [ -4.10304, 40.54739 ], [ -4.10536, 40.54467 ], [ -4.10651, 40.54286 ], [ -4.11126, 40.54461 ], [ -4.11243, 40.5437 ], [ -4.11361, 40.54369 ], [ -4.11479, 40.54368 ], [ -4.11597, 40.54367 ], [ -4.11715, 40.54366 ], [ -4.11714, 40.54275 ], [ -4.11832, 40.54274 ], [ -4.1195, 40.54273 ], [ -4.11948, 40.54183 ], [ -4.11947, 40.54093 ], [ -4.12065, 40.54092 ], [ -4.12181, 40.54001 ], [ -4.12299, 40.54 ], [ -4.12298, 40.53909 ], [ -4.12416, 40.53908 ], [ -4.12414, 40.53818 ], [ -4.12413, 40.53728 ], [ -4.12411, 40.53638 ], [ -4.12644, 40.53456 ], [ -4.13108, 40.52911 ], [ -4.13106, 40.52821 ], [ -4.13102, 40.5255 ], [ -4.12743, 40.52284 ], [ -4.12859, 40.52192 ], [ -4.12976, 40.52101 ], [ -4.12974, 40.52011 ], [ -4.13092, 40.5201 ], [ -4.13091, 40.5192 ], [ -4.13209, 40.51919 ], [ -4.13327, 40.51917 ], [ -4.13565, 40.52005 ], [ -4.13802, 40.52093 ], [ -4.13922, 40.52182 ], [ -4.1404, 40.52181 ], [ -4.14158, 40.5218 ], [ -4.14276, 40.52178 ], [ -4.14274, 40.52088 ], [ -4.14392, 40.52087 ], [ -4.14394, 40.52177 ], [ -4.14512, 40.52176 ], [ -4.1463, 40.52175 ], [ -4.14748, 40.52174 ], [ -4.14866, 40.52173 ], [ -4.14984, 40.52171 ], [ -4.14986, 40.52261 ], [ -4.15105, 40.5235 ], [ -4.15107, 40.5244 ], [ -4.15108, 40.5253 ], [ -4.1511, 40.52621 ], [ -4.15111, 40.52711 ], [ -4.15113, 40.52801 ], [ -4.15114, 40.52891 ], [ -4.15116, 40.52981 ], [ -4.15234, 40.5298 ], [ -4.15236, 40.5307 ], [ -4.15355, 40.53159 ], [ -4.15237, 40.5316 ], [ -4.15239, 40.5325 ], [ -4.15121, 40.53251 ], [ -4.15002, 40.53252 ], [ -4.14884, 40.53253 ], [ -4.14886, 40.53343 ], [ -4.1453, 40.53257 ], [ -4.14535, 40.53527 ], [ -4.14536, 40.53617 ], [ -4.14654, 40.53616 ], [ -4.14656, 40.53706 ], [ -4.14658, 40.53796 ], [ -4.14776, 40.53795 ], [ -4.14777, 40.53885 ], [ -4.14779, 40.53975 ], [ -4.14897, 40.53974 ], [ -4.15015, 40.53973 ], [ -4.149, 40.54154 ], [ -4.14901, 40.54244 ], [ -4.14906, 40.54514 ], [ -4.14909, 40.54695 ], [ -4.15033, 40.55054 ], [ -4.15035, 40.55144 ], [ -4.15036, 40.55234 ], [ -4.15038, 40.55324 ], [ -4.15039, 40.55414 ], [ -4.15158, 40.55413 ], [ -4.15159, 40.55503 ], [ -4.15161, 40.55593 ], [ -4.15162, 40.55683 ], [ -4.15164, 40.55773 ], [ -4.15283, 40.55862 ], [ -4.15406, 40.56131 ], [ -4.15644, 40.56219 ], [ -4.1588, 40.56216 ], [ -4.16, 40.56305 ], [ -4.15882, 40.56306 ] ] ] } },
{ "type": "Feature", "properties": { "ine_code": "28055", "name": "Estremera" }, "geometry": { "type": "Polygon", "coordinates": [ [ [ -3.15044, 40.22192 ], [ -3.14926, 40.22103 ], [ -3.14809, 40.22103 ], [ -3.14691, 40.22013 ], [ -3.14574, 40.22013 ], [ -3.14456, 40.22013 ], [ -3.14339, 40.22013 ], [ -3.14338, 40.21923 ], [ -3.14221, 40.21833 ], [ -3.14103, 40.21833 ], [ -3.13985, 40.21743 ], [ -3.13868, 40.21743 ], [ -3.1375, 40.21653 ], [ -3.13633, 40.21654 ], [ -3.13515, 40.21564 ], [ -3.13397, 40.21564 ], [ -3.13397, 40.21474 ], [ -3.1328, 40.21474 ], [ -3.13162, 40.21384 ], [ -3.13045, 40.21384 ], [ -3.12927, 40.21384 ], [ -3.12927, 40.21294 ], [ -3.12809, 40.21294 ], [ -3.12809, 40.21204 ], [ -3.12692, 40.21114 ], [ -3.12574, 40.21024 ], [ -3.12456, 40.21024 ], [ -3.12456, 40.20934 ], [ -3.12339, 40.20934 ], [ -3.12221, 40.20934 ], [ -3.12221, 40.20844 ], [ -3.12103, 40.20844 ], [ -3.11986, 40.20845 ], [ -3.11986, 40.20755 ], [ -3.11868, 40.20755 ], [ -3.11751, 40.20755 ], [ -3.11751, 40.20665 ], [ -3.11633, 40.20665 ], [ -3.11516, 40.20665 ], [ -3.11515, 40.20575 ], [ -3.11398, 40.20575 ], [ -3.1128, 40.20575 ], [ -3.1128, 40.20485 ], [ -3.11163, 40.20485 ], [ -3.11045, 40.20395 ], [ -3.10928, 40.20395 ], [ -3.1081, 40.20395 ], [ -3.1081, 40.20305 ], [ -3.10693, 40.20305 ], [ -3.10575, 40.20305 ], [ -3.10458, 40.20306 ], [ -3.1034, 40.20306 ], [ -3.10223, 40.20306 ], [ -3.10105, 40.20306 ], [ -3.09988, 40.20306 ], [ -3.09987, 40.20216 ], [ -3.0987, 40.20216 ], [ -3.09752, 40.20216 ], [ -3.09635, 40.20216 ], [ -3.09517, 40.20216 ], [ -3.094, 40.20216 ], [ -3.094, 40.20126 ], [ -3.09282, 40.20126 ], [ -3.09165, 40.20126 ], [ -3.09047, 40.20127 ], [ -3.08812, 40.20037 ], [ -3.08459, 40.19857 ], [ -3.08459, 40.19767 ], [ -3.08577, 40.19586 ], [ -3.08576, 40.19496 ], [ -3.08694, 40.19316 ], [ -3.08694, 40.19226 ], [ -3.08576, 40.19136 ], [ -3.08458, 40.18866 ], [ -3.08575, 40.18685 ], [ -3.08575, 40.18595 ], [ -3.08458, 40.18505 ], [ -3.0834, 40.18415 ], [ -3.08223, 40.18235 ], [ -3.08222, 40.18145 ], [ -3.08105, 40.17965 ], [ -3.08105, 40.17785 ], [ -3.07987, 40.17605 ], [ -3.07752, 40.17244 ], [ -3.07751, 40.17154 ], [ -3.07751, 40.16614 ], [ -3.07633, 40.16524 ], [ -3.07398, 40.16254 ], [ -3.07281, 40.16254 ], [ -3.07046, 40.16164 ], [ -3.06928, 40.15984 ], [ -3.06811, 40.15803 ], [ -3.0681, 40.15713 ], [ -3.06928, 40.15623 ], [ -3.07045, 40.15623 ], [ -3.07163, 40.15623 ], [ -3.0728, 40.15623 ], [ -3.07397, 40.15623 ], [ -3.07515, 40.15623 ], [ -3.07515, 40.15713 ], [ -3.07632, 40.15713 ], [ -3.0775, 40.15713 ], [ -3.07867, 40.15713 ], [ -3.07867, 40.15803 ], [ -3.07985, 40.15803 ], [ -3.08102, 40.15803 ], [ -3.08102, 40.15893 ], [ -3.0822, 40.15893 ], [ -3.08337, 40.15893 ], [ -3.08337, 40.15983 ], [ -3.08337, 40.16073 ], [ -3.0822, 40.16073 ], [ -3.0822, 40.16163 ], [ -3.08338, 40.16253 ], [ -3.08455, 40.16343 ], [ -3.08573, 40.16343 ], [ -3.08573, 40.16433 ], [ -3.0869, 40.16433 ], [ -3.0869, 40.16343 ], [ -3.08807, 40.16343 ], [ -3.08925, 40.16343 ], [ -3.08925, 40.16253 ], [ -3.09042, 40.16252 ], [ -3.09042, 40.16162 ], [ -3.09042, 40.16072 ], [ -3.09159, 40.16072 ], [ -3.09159, 40.15982 ], [ -3.09276, 40.15892 ], [ -3.09276, 40.15802 ], [ -3.09394, 40.15802 ], [ -3.09394, 40.15712 ], [ -3.09511, 40.15711 ], [ -3.09511, 40.15621 ], [ -3.09628, 40.15621 ], [ -3.09628, 40.15531 ], [ -3.09746, 40.15531 ], [ -3.09746, 40.15441 ], [ -3.09745, 40.15351 ], [ -3.09745, 40.15261 ], [ -3.09628, 40.15171 ], [ -3.0951, 40.15171 ], [ -3.09393, 40.15171 ], [ -3.09393, 40.15081 ], [ -3.09275, 40.15081 ], [ -3.09275, 40.14991 ], [ -3.09393, 40.14991 ], [ -3.09393, 40.14901 ], [ -3.0951, 40.14811 ], [ -3.09627, 40.1481 ], [ -3.09627, 40.1472 ], [ -3.09627, 40.1463 ], [ -3.09627, 40.1454 ], [ -3.09627, 40.1445 ], [ -3.09627, 40.1436 ], [ -3.09626, 40.1427 ], [ -3.09509, 40.1427 ], [ -3.09392, 40.1427 ], [ -3.09392, 40.1418 ], [ -3.09391, 40.1409 ], [ -3.09391, 40.14 ], [ -3.09391, 40.1391 ], [ -3.09274, 40.1391 ], [ -3.09274, 40.14 ], [ -3.09274, 40.1409 ], [ -3.09157, 40.1409 ], [ -3.09157, 40.1418 ], [ -3.09039, 40.1418 ], [ -3.09039, 40.1409 ], [ -3.08922, 40.1409 ], [ -3.08922, 40.14 ], [ -3.09039, 40.14 ], [ -3.09039, 40.1391 ], [ -3.08922, 40.1391 ], [ -3.08922, 40.1382 ], [ -3.08804, 40.1382 ], [ -3.08804, 40.1391 ], [ -3.08687, 40.1391 ], [ -3.08569, 40.1391 ], [ -3.08452, 40.1391 ], [ -3.08452, 40.1382 ], [ -3.08452, 40.1373 ], [ -3.08334, 40.1373 ], [ -3.08334, 40.1364 ], [ -3.08334, 40.1355 ], [ -3.08217, 40.1355 ], [ -3.08099, 40.1355 ], [ -3.07982, 40.1355 ], [ -3.07865, 40.1355 ], [ -3.07747, 40.1355 ], [ -3.07747, 40.1346 ], [ -3.07747, 40.1337 ], [ -3.07747, 40.1328 ], [ -3.0763, 40.1328 ], [ -3.07512, 40.1328 ], [ -3.07512, 40.1319 ], [ -3.07395, 40.1319 ], [ -3.07395, 40.131 ], [ -3.07277, 40.131 ], [ -3.07277, 40.1301 ], [ -3.07395, 40.1301 ], [ -3.07394, 40.1292 ], [ -3.07394, 40.1283 ], [ -3.07394, 40.1274 ], [ -3.07394, 40.1265 ], [ -3.07277, 40.1265 ], [ -3.07277, 40.1256 ], [ -3.07277, 40.1247 ], [ -3.07159, 40.1247 ], [ -3.07042, 40.1247 ], [ -3.07042, 40.1238 ], [ -3.07042, 40.1229 ], [ -3.06924, 40.1229 ], [ -3.06807, 40.1229 ], [ -3.0669, 40.1229 ], [ -3.06572, 40.1229 ], [ -3.06572, 40.122 ], [ -3.06455, 40.122 ], [ -3.06455, 40.1211 ], [ -3.06572, 40.1211 ], [ -3.06572, 40.1202 ], [ -3.06689, 40.1202 ], [ -3.06807, 40.12019 ], [ -3.06807, 40.11929 ], [ -3.06807, 40.11839 ], [ -3.06689, 40.11839 ], [ -3.06572, 40.11839 ], [ -3.06454, 40.11749 ], [ -3.06454, 40.11659 ], [ -3.06454, 40.11569 ], [ -3.06337, 40.11569 ], [ -3.0622, 40.11569 ], [ -3.06219, 40.11479 ], [ -3.06219, 40.11389 ], [ -3.06219, 40.11299 ], [ -3.06102, 40.11299 ], [ -3.05985, 40.11299 ], [ -3.05985, 40.11389 ], [ -3.05867, 40.11389 ], [ -3.0575, 40.11389 ], [ -3.05633, 40.11389 ], [ -3.05633, 40.11299 ], [ -3.05632, 40.11209 ], [ -3.0575, 40.11209 ], [ -3.0575, 40.11119 ], [ -3.0575, 40.11029 ], [ -3.05632, 40.11029 ], [ -3.05632, 40.10939 ], [ -3.05632, 40.10849 ], [ -3.05515, 40.10849 ], [ -3.05515, 40.10759 ], [ -3.05397, 40.10759 ], [ -3.05397, 40.10669 ], [ -3.05397, 40.10579 ], [ -3.05397, 40.10489 ], [ -3.05515, 40.10489 ], [ -3.05515, 40.10579 ], [ -3.05632, 40.10579 ], [ -3.05632, 40.10488 ], [ -3.05632, 40.10398 ], [ -3.05632, 40.10308 ], [ -3.05632, 40.10218 ], [ -3.05514, 40.10218 ], [ -3.05514, 40.10128 ], [ -3.05397, 40.10128 ], [ -3.05397, 40.10038 ], [ -3.05279, 40.09948 ], [ -3.05397, 40.09858 ], [ -3.05514, 40.09768 ], [ -3.05631, 40.09678 ], [ -3.05631, 40.09587 ], [ -3.05866, 40.09317 ], [ -3.061, 40.09047 ], [ -3.06217, 40.08957 ], [ -3.06334, 40.08866 ], [ -3.07038, 40.08325 ], [ -3.07272, 40.08325 ], [ -3.07507, 40.08145 ], [ -3.07741, 40.07874 ], [ -3.08092, 40.07604 ], [ -3.08561, 40.07243 ], [ -3.08913, 40.07063 ], [ -3.0903, 40.06973 ], [ -3.09264, 40.06882 ], [ -3.09499, 40.06882 ], [ -3.09733, 40.06792 ], [ -3.0985, 40.06792 ], [ -3.10319, 40.06701 ], [ -3.10671, 40.06611 ], [ -3.11023, 40.0643 ], [ -3.11257, 40.0643 ], [ -3.11843, 40.06159 ], [ -3.11726, 40.0652 ], [ -3.1161, 40.0697 ], [ -3.11493, 40.07241 ], [ -3.11493, 40.07421 ], [ -3.11376, 40.07601 ], [ -3.11259, 40.07872 ], [ -3.11143, 40.08142 ], [ -3.11143, 40.08322 ], [ -3.11143, 40.08412 ], [ -3.11143, 40.08502 ], [ -3.11026, 40.08593 ], [ -3.11026, 40.08683 ], [ -3.11026, 40.08773 ], [ -3.11026, 40.08863 ], [ -3.11027, 40.08953 ], [ -3.10909, 40.09043 ], [ -3.1091, 40.09133 ], [ -3.1091, 40.09223 ], [ -3.10793, 40.09404 ], [ -3.10793, 40.09494 ], [ -3.10793, 40.09584 ], [ -3.10793, 40.09764 ], [ -3.10793, 40.09854 ], [ -3.10794, 40.09944 ], [ -3.10794, 40.10034 ], [ -3.11146, 40.10214 ], [ -3.11851, 40.10664 ], [ -3.12086, 40.10754 ], [ -3.1232, 40.10844 ], [ -3.12556, 40.11114 ], [ -3.12791, 40.11384 ], [ -3.13144, 40.11834 ], [ -3.1338, 40.12464 ], [ -3.1338, 40.12554 ], [ -3.13262, 40.12554 ], [ -3.13145, 40.12555 ], [ -3.13028, 40.12555 ], [ -3.1291, 40.12555 ], [ -3.12793, 40.12645 ], [ -3.12911, 40.12735 ], [ -3.12911, 40.12825 ], [ -3.13028, 40.12825 ], [ -3.13028, 40.12915 ], [ -3.13029, 40.13005 ], [ -3.13146, 40.13005 ], [ -3.13146, 40.13095 ], [ -3.13146, 40.13185 ], [ -3.13264, 40.13185 ], [ -3.13264, 40.13275 ], [ -3.13381, 40.13275 ], [ -3.13381, 40.13365 ], [ -3.13382, 40.13455 ], [ -3.13499, 40.13455 ], [ -3.13499, 40.13545 ], [ -3.13616, 40.13545 ], [ -3.13617, 40.13635 ], [ -3.13734, 40.13815 ], [ -3.13852, 40.13905 ], [ -3.13852, 40.14085 ], [ -3.1397, 40.14175 ], [ -3.13853, 40.14266 ], [ -3.13853, 40.14356 ], [ -3.13853, 40.14626 ], [ -3.13971, 40.14896 ], [ -3.14089, 40.15166 ], [ -3.14207, 40.15166 ], [ -3.14325, 40.15346 ], [ -3.14442, 40.15526 ], [ -3.1456, 40.15706 ], [ -3.14678, 40.15796 ], [ -3.14796, 40.15976 ], [ -3.15031, 40.16156 ], [ -3.14914, 40.16246 ], [ -3.15032, 40.16877 ], [ -3.15033, 40.17147 ], [ -3.14916, 40.17418 ], [ -3.15034, 40.17598 ], [ -3.15152, 40.17778 ], [ -3.15152, 40.17868 ], [ -3.1527, 40.18048 ], [ -3.15388, 40.18228 ], [ -3.15506, 40.18408 ], [ -3.15623, 40.18498 ], [ -3.15741, 40.18588 ], [ -3.15741, 40.18678 ], [ -3.15625, 40.19038 ], [ -3.15507, 40.19129 ], [ -3.15508, 40.19309 ], [ -3.1539, 40.19309 ], [ -3.15156, 40.19489 ], [ -3.15274, 40.1976 ], [ -3.15391, 40.1985 ], [ -3.15392, 40.1994 ], [ -3.15509, 40.2003 ], [ -3.15862, 40.20119 ], [ -3.15862, 40.20209 ], [ -3.1598, 40.20209 ], [ -3.1598, 40.20299 ], [ -3.1598, 40.20389 ], [ -3.1598, 40.20479 ], [ -3.16098, 40.20569 ], [ -3.16098, 40.20659 ], [ -3.16099, 40.2075 ], [ -3.16099, 40.2084 ], [ -3.16216, 40.2093 ], [ -3.16217, 40.2102 ], [ -3.16217, 40.2111 ], [ -3.16217, 40.212 ], [ -3.16217, 40.2129 ], [ -3.16218, 40.2138 ], [ -3.161, 40.2138 ], [ -3.161, 40.2147 ], [ -3.161, 40.2156 ], [ -3.15983, 40.21561 ], [ -3.15983, 40.21651 ], [ -3.15983, 40.21741 ], [ -3.15984, 40.21831 ], [ -3.15866, 40.21831 ], [ -3.15866, 40.21921 ], [ -3.15749, 40.21921 ], [ -3.15749, 40.22011 ], [ -3.15631, 40.22011 ], [ -3.15514, 40.22102 ], [ -3.15397, 40.22102 ], [ -3.15397, 40.22192 ], [ -3.15044, 40.22283 ], [ -3.15044, 40.22192 ] ] ] } },
{ "type": "Feature", "properties": { "ine_code": "28056", "name": "Fresnedillas de la Oliva" }, "geometry": { "type": "Polygon", "coordinates": [ [ [ -4.21585, 40.45077 ], [ -4.21706, 40.45256 ], [ -4.21829, 40.45525 ], [ -4.21714, 40.45706 ], [ -4.21832, 40.45705 ], [ -4.21834, 40.45795 ], [ -4.21716, 40.45796 ], [ -4.21717, 40.45886 ], [ -4.21719, 40.45976 ], [ -4.21601, 40.45978 ], [ -4.21483, 40.45979 ], [ -4.21485, 40.46069 ], [ -4.21486, 40.46159 ], [ -4.21488, 40.46249 ], [ -4.2149, 40.46339 ], [ -4.21491, 40.46429 ], [ -4.21493, 40.46519 ], [ -4.21494, 40.46609 ], [ -4.21496, 40.46699 ], [ -4.21616, 40.46788 ], [ -4.21617, 40.46878 ], [ -4.21619, 40.46968 ], [ -4.21501, 40.4697 ], [ -4.21503, 40.4706 ], [ -4.21385, 40.47061 ], [ -4.21386, 40.47151 ], [ -4.21388, 40.47241 ], [ -4.21272, 40.47332 ], [ -4.21273, 40.47423 ], [ -4.21275, 40.47513 ], [ -4.21393, 40.47511 ], [ -4.21394, 40.47601 ], [ -4.21396, 40.47692 ], [ -4.21398, 40.47782 ], [ -4.21399, 40.47872 ], [ -4.21401, 40.47962 ], [ -4.21403, 40.48052 ], [ -4.21286, 40.48143 ], [ -4.21288, 40.48233 ], [ -4.21289, 40.48323 ], [ -4.21291, 40.48413 ], [ -4.21293, 40.48503 ], [ -4.21175, 40.48505 ], [ -4.21176, 40.48595 ], [ -4.2106, 40.48686 ], [ -4.20942, 40.48687 ], [ -4.20944, 40.48777 ], [ -4.20945, 40.48867 ], [ -4.20947, 40.48957 ], [ -4.20948, 40.49048 ], [ -4.2083, 40.49049 ], [ -4.20832, 40.49139 ], [ -4.20834, 40.49229 ], [ -4.20835, 40.49319 ], [ -4.20837, 40.49409 ], [ -4.20839, 40.49499 ], [ -4.2084, 40.49589 ], [ -4.20842, 40.49679 ], [ -4.20843, 40.49769 ], [ -4.20845, 40.49859 ], [ -4.20609, 40.49862 ], [ -4.20253, 40.49775 ], [ -4.20135, 40.49777 ], [ -4.20257, 40.49956 ], [ -4.19903, 40.49959 ], [ -4.19783, 40.4987 ], [ -4.19547, 40.49873 ], [ -4.19313, 40.49965 ], [ -4.18844, 40.5015 ], [ -4.1861, 40.50243 ], [ -4.18259, 40.50427 ], [ -4.18026, 40.50609 ], [ -4.17795, 40.50882 ], [ -4.17203, 40.50798 ], [ -4.16733, 40.50893 ], [ -4.16144, 40.50989 ], [ -4.1579, 40.50992 ], [ -4.14964, 40.51 ], [ -4.1461, 40.51004 ], [ -4.14608, 40.50914 ], [ -4.1449, 40.50915 ], [ -4.14372, 40.50916 ], [ -4.14371, 40.50826 ], [ -4.14253, 40.50827 ], [ -4.14251, 40.50737 ], [ -4.1425, 40.50647 ], [ -4.14132, 40.50648 ], [ -4.1413, 40.50558 ], [ -4.14248, 40.50557 ], [ -4.14247, 40.50467 ], [ -4.14365, 40.50466 ], [ -4.14363, 40.50376 ], [ -4.14481, 40.50375 ], [ -4.1448, 40.50285 ], [ -4.14598, 40.50283 ], [ -4.14596, 40.50193 ], [ -4.14711, 40.50012 ], [ -4.14942, 40.49739 ], [ -4.15171, 40.49287 ], [ -4.15169, 40.49197 ], [ -4.15168, 40.49107 ], [ -4.15286, 40.49105 ], [ -4.15284, 40.49015 ], [ -4.15283, 40.48925 ], [ -4.15401, 40.48924 ], [ -4.15399, 40.48834 ], [ -4.15397, 40.48744 ], [ -4.15396, 40.48654 ], [ -4.15278, 40.48655 ], [ -4.15276, 40.48565 ], [ -4.15393, 40.48474 ], [ -4.15391, 40.48384 ], [ -4.15509, 40.48382 ], [ -4.15508, 40.48292 ], [ -4.15626, 40.48291 ], [ -4.15624, 40.48201 ], [ -4.15623, 40.48111 ], [ -4.15621, 40.48021 ], [ -4.15737, 40.4793 ], [ -4.15736, 40.4784 ], [ -4.15854, 40.47838 ], [ -4.15852, 40.47748 ], [ -4.1597, 40.47747 ], [ -4.15969, 40.47657 ], [ -4.15967, 40.47567 ], [ -4.15966, 40.47477 ], [ -4.16084, 40.47476 ], [ -4.16082, 40.47386 ], [ -4.1608, 40.47296 ], [ -4.16197, 40.47204 ], [ -4.16195, 40.47114 ], [ -4.16194, 40.47024 ], [ -4.16192, 40.46934 ], [ -4.16191, 40.46844 ], [ -4.16189, 40.46754 ], [ -4.16307, 40.46753 ], [ -4.16305, 40.46663 ], [ -4.16423, 40.46662 ], [ -4.16422, 40.46572 ], [ -4.1654, 40.4657 ], [ -4.16538, 40.4648 ], [ -4.16656, 40.46479 ], [ -4.16774, 40.46478 ], [ -4.16892, 40.46477 ], [ -4.1701, 40.46476 ], [ -4.17126, 40.46384 ], [ -4.17244, 40.46383 ], [ -4.17243, 40.46293 ], [ -4.17241, 40.46203 ], [ -4.17359, 40.46202 ], [ -4.17357, 40.46112 ], [ -4.17475, 40.4611 ], [ -4.17474, 40.4602 ], [ -4.17472, 40.4593 ], [ -4.17471, 40.4584 ], [ -4.17589, 40.45839 ], [ -4.17587, 40.45749 ], [ -4.17585, 40.45659 ], [ -4.17584, 40.45569 ], [ -4.17466, 40.4557 ], [ -4.17464, 40.4548 ], [ -4.17581, 40.45389 ], [ -4.17578, 40.45209 ], [ -4.17692, 40.45027 ], [ -4.17691, 40.44937 ], [ -4.17689, 40.44847 ], [ -4.17332, 40.4467 ], [ -4.17211, 40.44492 ], [ -4.17208, 40.44311 ], [ -4.16968, 40.44044 ], [ -4.16966, 40.43953 ], [ -4.16965, 40.43863 ], [ -4.16963, 40.43773 ], [ -4.16962, 40.43683 ], [ -4.17079, 40.43682 ], [ -4.17197, 40.43681 ], [ -4.17315, 40.4368 ], [ -4.17317, 40.4377 ], [ -4.17435, 40.43769 ], [ -4.17436, 40.43859 ], [ -4.17674, 40.43946 ], [ -4.1803, 40.44123 ], [ -4.18151, 40.44302 ], [ -4.18508, 40.44478 ], [ -4.18985, 40.44744 ], [ -4.19345, 40.451 ], [ -4.19703, 40.45367 ], [ -4.2006, 40.45543 ], [ -4.20532, 40.45538 ], [ -4.20766, 40.45446 ], [ -4.20645, 40.45267 ], [ -4.20879, 40.45174 ], [ -4.21462, 40.44808 ], [ -4.21585, 40.45077 ] ] ] } },
{ "type": "Feature", "properties": { "ine_code": "28057", "name": "Fresno de Torote" }, "geometry": { "type": "Polygon", "coordinates": [ [ [ -3.44216, 40.61848 ], [ -3.44098, 40.61848 ], [ -3.44098, 40.61938 ], [ -3.44217, 40.62028 ], [ -3.44218, 40.62118 ], [ -3.43982, 40.62209 ], [ -3.43864, 40.6221 ], [ -3.43864, 40.623 ], [ -3.43865, 40.6239 ], [ -3.43865, 40.6248 ], [ -3.43866, 40.6257 ], [ -3.43748, 40.62661 ], [ -3.43631, 40.62751 ], [ -3.43512, 40.62661 ], [ -3.43276, 40.62752 ], [ -3.43041, 40.63024 ], [ -3.42807, 40.63385 ], [ -3.42808, 40.63475 ], [ -3.42689, 40.63475 ], [ -3.4269, 40.63565 ], [ -3.42572, 40.63656 ], [ -3.42573, 40.63746 ], [ -3.42573, 40.63836 ], [ -3.42574, 40.63926 ], [ -3.42456, 40.63927 ], [ -3.42338, 40.63927 ], [ -3.4222, 40.64018 ], [ -3.42221, 40.64198 ], [ -3.42222, 40.64288 ], [ -3.42103, 40.64288 ], [ -3.42104, 40.64468 ], [ -3.41987, 40.64559 ], [ -3.41868, 40.64559 ], [ -3.4175, 40.6456 ], [ -3.41632, 40.6456 ], [ -3.41513, 40.64471 ], [ -3.41039, 40.64292 ], [ -3.40683, 40.64113 ], [ -3.40565, 40.64114 ], [ -3.40446, 40.64024 ], [ -3.4009, 40.63845 ], [ -3.39735, 40.63756 ], [ -3.39616, 40.63666 ], [ -3.39024, 40.63488 ], [ -3.38668, 40.63309 ], [ -3.3843, 40.6313 ], [ -3.38193, 40.63041 ], [ -3.37838, 40.62952 ], [ -3.37719, 40.62862 ], [ -3.37601, 40.62772 ], [ -3.37482, 40.62683 ], [ -3.37481, 40.62592 ], [ -3.37363, 40.62593 ], [ -3.37245, 40.62593 ], [ -3.37127, 40.62594 ], [ -3.37126, 40.62504 ], [ -3.37362, 40.62413 ], [ -3.37479, 40.62232 ], [ -3.37479, 40.62142 ], [ -3.37478, 40.62052 ], [ -3.37596, 40.61961 ], [ -3.37714, 40.61871 ], [ -3.37713, 40.61781 ], [ -3.37595, 40.61691 ], [ -3.37358, 40.61602 ], [ -3.37357, 40.61512 ], [ -3.37475, 40.61511 ], [ -3.37475, 40.61421 ], [ -3.37593, 40.61421 ], [ -3.37947, 40.6124 ], [ -3.38065, 40.61239 ], [ -3.38064, 40.61149 ], [ -3.38064, 40.61059 ], [ -3.38418, 40.60968 ], [ -3.38181, 40.60878 ], [ -3.38181, 40.60788 ], [ -3.38298, 40.60698 ], [ -3.3818, 40.60608 ], [ -3.38415, 40.60427 ], [ -3.38533, 40.60427 ], [ -3.38533, 40.60337 ], [ -3.38414, 40.60247 ], [ -3.38413, 40.60157 ], [ -3.38413, 40.60067 ], [ -3.38412, 40.59977 ], [ -3.38412, 40.59887 ], [ -3.3853, 40.59886 ], [ -3.38411, 40.59707 ], [ -3.3841, 40.59616 ], [ -3.38409, 40.59436 ], [ -3.38527, 40.59346 ], [ -3.38526, 40.59256 ], [ -3.38526, 40.59166 ], [ -3.38524, 40.58895 ], [ -3.38288, 40.58986 ], [ -3.38288, 40.58896 ], [ -3.38405, 40.58716 ], [ -3.38167, 40.58446 ], [ -3.38285, 40.58446 ], [ -3.38284, 40.58266 ], [ -3.38637, 40.57994 ], [ -3.38755, 40.57994 ], [ -3.38873, 40.57903 ], [ -3.38873, 40.57813 ], [ -3.38872, 40.57723 ], [ -3.38872, 40.57633 ], [ -3.3887, 40.57453 ], [ -3.39106, 40.57272 ], [ -3.39105, 40.57182 ], [ -3.39223, 40.57181 ], [ -3.39341, 40.57181 ], [ -3.3946, 40.57271 ], [ -3.39579, 40.5745 ], [ -3.39817, 40.5772 ], [ -3.40054, 40.57719 ], [ -3.40172, 40.57809 ], [ -3.40527, 40.57807 ], [ -3.41117, 40.57805 ], [ -3.41118, 40.57895 ], [ -3.41354, 40.57895 ], [ -3.41591, 40.57984 ], [ -3.4171, 40.58074 ], [ -3.42184, 40.58252 ], [ -3.42539, 40.58431 ], [ -3.42776, 40.5852 ], [ -3.43012, 40.58519 ], [ -3.4325, 40.58699 ], [ -3.43369, 40.58878 ], [ -3.43487, 40.58878 ], [ -3.43726, 40.59237 ], [ -3.44319, 40.59505 ], [ -3.44439, 40.59775 ], [ -3.44322, 40.59956 ], [ -3.44325, 40.60406 ], [ -3.44325, 40.60496 ], [ -3.44208, 40.60587 ], [ -3.43974, 40.60948 ], [ -3.44211, 40.61127 ], [ -3.44329, 40.61127 ], [ -3.44448, 40.61126 ], [ -3.44449, 40.61307 ], [ -3.44215, 40.61758 ], [ -3.44216, 40.61848 ] ] ] } },
{ "type": "Feature", "properties": { "ine_code": "28058", "name": "Fuenlabrada" }, "geometry": { "type": "Polygon", "coordinates": [ [ [ -3.8428, 40.32436 ], [ -3.84162, 40.32437 ], [ -3.84045, 40.32438 ], [ -3.83927, 40.32439 ], [ -3.83809, 40.3244 ], [ -3.83691, 40.3244 ], [ -3.83693, 40.32531 ], [ -3.83575, 40.32531 ], [ -3.83457, 40.32532 ], [ -3.83339, 40.32533 ], [ -3.83222, 40.32534 ], [ -3.83104, 40.32535 ], [ -3.82986, 40.32536 ], [ -3.82987, 40.32626 ], [ -3.8287, 40.32627 ], [ -3.82752, 40.32627 ], [ -3.82634, 40.32628 ], [ -3.82517, 40.32629 ], [ -3.82399, 40.3263 ], [ -3.824, 40.3272 ], [ -3.82282, 40.32721 ], [ -3.82165, 40.32722 ], [ -3.82047, 40.32723 ], [ -3.81929, 40.32723 ], [ -3.81813, 40.32814 ], [ -3.81812, 40.32724 ], [ -3.8181, 40.32634 ], [ -3.81692, 40.32545 ], [ -3.81691, 40.32455 ], [ -3.8169, 40.32365 ], [ -3.81688, 40.32275 ], [ -3.81687, 40.32185 ], [ -3.8157, 40.32185 ], [ -3.81569, 40.32095 ], [ -3.81567, 40.32005 ], [ -3.81566, 40.31915 ], [ -3.81448, 40.31826 ], [ -3.81447, 40.31736 ], [ -3.81445, 40.31646 ], [ -3.81328, 40.31646 ], [ -3.81327, 40.31556 ], [ -3.81326, 40.31466 ], [ -3.81325, 40.31376 ], [ -3.81323, 40.31286 ], [ -3.81322, 40.31196 ], [ -3.81321, 40.31106 ], [ -3.8132, 40.31016 ], [ -3.81319, 40.30926 ], [ -3.81318, 40.30836 ], [ -3.81317, 40.30746 ], [ -3.81316, 40.30656 ], [ -3.81197, 40.30566 ], [ -3.81196, 40.30476 ], [ -3.81195, 40.30386 ], [ -3.80958, 40.30208 ], [ -3.80721, 40.30119 ], [ -3.80602, 40.3003 ], [ -3.80365, 40.29851 ], [ -3.79894, 40.29855 ], [ -3.79777, 40.29855 ], [ -3.7954, 40.29767 ], [ -3.79187, 40.29769 ], [ -3.79069, 40.2968 ], [ -3.78951, 40.29681 ], [ -3.78833, 40.29682 ], [ -3.78716, 40.29683 ], [ -3.78715, 40.29592 ], [ -3.78597, 40.29593 ], [ -3.78479, 40.29594 ], [ -3.78362, 40.29595 ], [ -3.78244, 40.29596 ], [ -3.78126, 40.29596 ], [ -3.78125, 40.29506 ], [ -3.78008, 40.29507 ], [ -3.78009, 40.29597 ], [ -3.7789, 40.29508 ], [ -3.77771, 40.29419 ], [ -3.77416, 40.29241 ], [ -3.77299, 40.29242 ], [ -3.773, 40.29332 ], [ -3.77182, 40.29332 ], [ -3.77064, 40.29333 ], [ -3.77066, 40.29423 ], [ -3.76948, 40.29424 ], [ -3.7683, 40.29425 ], [ -3.76713, 40.29426 ], [ -3.76714, 40.29516 ], [ -3.76596, 40.29517 ], [ -3.76477, 40.29427 ], [ -3.7636, 40.29428 ], [ -3.76242, 40.29429 ], [ -3.76124, 40.2943 ], [ -3.76122, 40.29249 ], [ -3.76003, 40.2907 ], [ -3.76002, 40.2898 ], [ -3.75882, 40.28801 ], [ -3.7588, 40.2862 ], [ -3.75761, 40.28531 ], [ -3.75759, 40.28351 ], [ -3.7564, 40.28171 ], [ -3.75639, 40.28081 ], [ -3.75519, 40.27902 ], [ -3.75517, 40.27722 ], [ -3.75282, 40.27723 ], [ -3.75163, 40.27634 ], [ -3.75046, 40.27635 ], [ -3.74809, 40.27546 ], [ -3.74808, 40.27456 ], [ -3.74807, 40.27366 ], [ -3.7469, 40.27367 ], [ -3.74689, 40.27277 ], [ -3.74571, 40.27277 ], [ -3.74454, 40.27278 ], [ -3.74453, 40.27188 ], [ -3.74335, 40.27189 ], [ -3.74334, 40.27099 ], [ -3.74216, 40.271 ], [ -3.74099, 40.271 ], [ -3.73981, 40.27101 ], [ -3.7408, 40.25389 ], [ -3.74315, 40.25387 ], [ -3.74669, 40.25475 ], [ -3.74784, 40.25204 ], [ -3.75018, 40.25112 ], [ -3.75136, 40.25202 ], [ -3.75254, 40.25201 ], [ -3.75253, 40.25111 ], [ -3.7537, 40.2511 ], [ -3.75488, 40.25109 ], [ -3.75487, 40.25019 ], [ -3.75605, 40.25018 ], [ -3.75606, 40.25109 ], [ -3.75607, 40.25199 ], [ -3.75724, 40.25198 ], [ -3.75725, 40.25288 ], [ -3.75726, 40.25378 ], [ -3.75844, 40.25377 ], [ -3.75845, 40.25467 ], [ -3.75962, 40.25467 ], [ -3.75963, 40.25557 ], [ -3.76081, 40.25556 ], [ -3.76198, 40.25555 ], [ -3.76316, 40.25554 ], [ -3.76434, 40.25554 ], [ -3.76433, 40.25464 ], [ -3.76432, 40.25373 ], [ -3.76549, 40.25373 ], [ -3.76548, 40.25283 ], [ -3.76666, 40.25282 ], [ -3.76783, 40.25281 ], [ -3.76782, 40.25191 ], [ -3.77135, 40.25189 ], [ -3.77134, 40.25098 ], [ -3.77252, 40.25098 ], [ -3.77369, 40.25097 ], [ -3.77368, 40.25007 ], [ -3.77486, 40.25006 ], [ -3.77604, 40.25095 ], [ -3.77957, 40.25093 ], [ -3.78075, 40.25092 ], [ -3.7831, 40.25091 ], [ -3.78544, 40.24999 ], [ -3.78897, 40.24997 ], [ -3.79249, 40.24994 ], [ -3.79603, 40.25082 ], [ -3.79838, 40.2508 ], [ -3.79956, 40.25079 ], [ -3.80072, 40.24988 ], [ -3.80192, 40.25168 ], [ -3.80314, 40.25527 ], [ -3.80552, 40.25796 ], [ -3.80673, 40.26065 ], [ -3.80794, 40.26335 ], [ -3.80797, 40.26605 ], [ -3.80918, 40.26874 ], [ -3.8092, 40.27055 ], [ -3.81039, 40.27144 ], [ -3.81042, 40.27414 ], [ -3.81043, 40.27504 ], [ -3.81045, 40.27684 ], [ -3.81163, 40.27684 ], [ -3.8128, 40.27683 ], [ -3.81398, 40.27682 ], [ -3.81516, 40.27681 ], [ -3.81633, 40.2768 ], [ -3.81751, 40.27679 ], [ -3.81868, 40.27679 ], [ -3.81986, 40.27678 ], [ -3.82221, 40.27676 ], [ -3.82339, 40.27675 ], [ -3.82456, 40.27674 ], [ -3.82458, 40.27765 ], [ -3.82575, 40.27764 ], [ -3.82693, 40.27763 ], [ -3.8281, 40.27762 ], [ -3.82928, 40.27761 ], [ -3.82927, 40.27671 ], [ -3.83045, 40.2767 ], [ -3.83162, 40.27669 ], [ -3.8328, 40.27669 ], [ -3.83397, 40.27668 ], [ -3.83515, 40.27667 ], [ -3.83633, 40.27666 ], [ -3.8375, 40.27665 ], [ -3.83985, 40.27663 ], [ -3.83869, 40.27754 ], [ -3.8387, 40.27844 ], [ -3.83871, 40.27935 ], [ -3.83989, 40.27934 ], [ -3.8399, 40.28024 ], [ -3.83991, 40.28114 ], [ -3.83992, 40.28204 ], [ -3.83993, 40.28294 ], [ -3.84111, 40.28293 ], [ -3.84112, 40.28383 ], [ -3.84113, 40.28473 ], [ -3.84114, 40.28563 ], [ -3.84115, 40.28654 ], [ -3.84234, 40.28743 ], [ -3.84235, 40.28833 ], [ -3.84236, 40.28923 ], [ -3.84355, 40.29012 ], [ -3.84356, 40.29102 ], [ -3.84357, 40.29192 ], [ -3.8436, 40.29372 ], [ -3.84361, 40.29463 ], [ -3.84362, 40.29553 ], [ -3.84479, 40.29552 ], [ -3.84481, 40.29642 ], [ -3.84598, 40.29641 ], [ -3.84599, 40.29731 ], [ -3.84717, 40.2973 ], [ -3.84718, 40.2982 ], [ -3.84719, 40.2991 ], [ -3.84837, 40.2991 ], [ -3.84838, 40.3 ], [ -3.84956, 40.29999 ], [ -3.84957, 40.30089 ], [ -3.84839, 40.3009 ], [ -3.8484, 40.3018 ], [ -3.84724, 40.30271 ], [ -3.84607, 40.30362 ], [ -3.84488, 40.30272 ], [ -3.84371, 40.30273 ], [ -3.84372, 40.30363 ], [ -3.84373, 40.30453 ], [ -3.84374, 40.30544 ], [ -3.84258, 40.30635 ], [ -3.84259, 40.30725 ], [ -3.84376, 40.30724 ], [ -3.84377, 40.30814 ], [ -3.8426, 40.30815 ], [ -3.84142, 40.30816 ], [ -3.84143, 40.30906 ], [ -3.84144, 40.30996 ], [ -3.84262, 40.30995 ], [ -3.84263, 40.31085 ], [ -3.84264, 40.31175 ], [ -3.84265, 40.31265 ], [ -3.84267, 40.31355 ], [ -3.84268, 40.31445 ], [ -3.8415, 40.31446 ], [ -3.84151, 40.31536 ], [ -3.84152, 40.31626 ], [ -3.84153, 40.31716 ], [ -3.84272, 40.31806 ], [ -3.84273, 40.31896 ], [ -3.84274, 40.31986 ], [ -3.84392, 40.31985 ], [ -3.84393, 40.32075 ], [ -3.84394, 40.32165 ], [ -3.84395, 40.32255 ], [ -3.84397, 40.32345 ], [ -3.84398, 40.32435 ], [ -3.8428, 40.32436 ] ] ] } },
{ "type": "Feature", "properties": { "ine_code": "28059", "name": "Fuente el Saz de Jarama" }, "geometry": { "type": "Polygon", "coordinates": [ [ [ -3.55474, 40.65133 ], [ -3.55238, 40.65134 ], [ -3.55478, 40.65583 ], [ -3.55597, 40.65582 ], [ -3.55597, 40.65673 ], [ -3.55598, 40.65763 ], [ -3.5548, 40.65763 ], [ -3.5548, 40.65853 ], [ -3.55599, 40.65943 ], [ -3.556, 40.66033 ], [ -3.55719, 40.66032 ], [ -3.55719, 40.66122 ], [ -3.55009, 40.66036 ], [ -3.5489, 40.66036 ], [ -3.54655, 40.66218 ], [ -3.54656, 40.66308 ], [ -3.54299, 40.66039 ], [ -3.54063, 40.6613 ], [ -3.53709, 40.66222 ], [ -3.53237, 40.66404 ], [ -3.53239, 40.66584 ], [ -3.52767, 40.66767 ], [ -3.52532, 40.67038 ], [ -3.51706, 40.67222 ], [ -3.51113, 40.67135 ], [ -3.50876, 40.67046 ], [ -3.50285, 40.67138 ], [ -3.4993, 40.6705 ], [ -3.49693, 40.67051 ], [ -3.4922, 40.67053 ], [ -3.49101, 40.67053 ], [ -3.491, 40.66873 ], [ -3.48745, 40.66875 ], [ -3.48627, 40.66875 ], [ -3.48508, 40.66786 ], [ -3.48271, 40.66787 ], [ -3.48151, 40.66517 ], [ -3.4815, 40.66427 ], [ -3.48269, 40.66426 ], [ -3.48268, 40.66336 ], [ -3.48267, 40.66156 ], [ -3.48503, 40.66065 ], [ -3.48621, 40.66064 ], [ -3.4862, 40.65974 ], [ -3.48738, 40.65884 ], [ -3.48737, 40.65794 ], [ -3.48735, 40.65433 ], [ -3.48734, 40.65343 ], [ -3.48852, 40.65253 ], [ -3.48733, 40.65253 ], [ -3.48733, 40.65163 ], [ -3.4885, 40.64982 ], [ -3.48966, 40.64712 ], [ -3.48847, 40.64622 ], [ -3.48846, 40.64532 ], [ -3.48965, 40.64531 ], [ -3.48964, 40.64441 ], [ -3.48844, 40.64262 ], [ -3.48844, 40.64172 ], [ -3.48843, 40.64081 ], [ -3.48961, 40.63991 ], [ -3.48842, 40.63901 ], [ -3.4896, 40.63901 ], [ -3.49077, 40.6372 ], [ -3.49076, 40.6354 ], [ -3.48956, 40.6336 ], [ -3.48955, 40.6327 ], [ -3.48953, 40.63 ], [ -3.49071, 40.62909 ], [ -3.49189, 40.62819 ], [ -3.4907, 40.62819 ], [ -3.49069, 40.62639 ], [ -3.49068, 40.62549 ], [ -3.49068, 40.62459 ], [ -3.49186, 40.62458 ], [ -3.49304, 40.62458 ], [ -3.49422, 40.62457 ], [ -3.49541, 40.62457 ], [ -3.4966, 40.62547 ], [ -3.49778, 40.62546 ], [ -3.49896, 40.62545 ], [ -3.50014, 40.62545 ], [ -3.50132, 40.62544 ], [ -3.50251, 40.62544 ], [ -3.50369, 40.62543 ], [ -3.5025, 40.62454 ], [ -3.50249, 40.62364 ], [ -3.50249, 40.62274 ], [ -3.50248, 40.62184 ], [ -3.50247, 40.62003 ], [ -3.50365, 40.62003 ], [ -3.5072, 40.62001 ], [ -3.50955, 40.6182 ], [ -3.51427, 40.61818 ], [ -3.51545, 40.61727 ], [ -3.51663, 40.61727 ], [ -3.52017, 40.61635 ], [ -3.52371, 40.61544 ], [ -3.52488, 40.61363 ], [ -3.52724, 40.61362 ], [ -3.52843, 40.61451 ], [ -3.52961, 40.61361 ], [ -3.53198, 40.6145 ], [ -3.53317, 40.61539 ], [ -3.53435, 40.61539 ], [ -3.53553, 40.61538 ], [ -3.53554, 40.61628 ], [ -3.53672, 40.61628 ], [ -3.5379, 40.61627 ], [ -3.54261, 40.61355 ], [ -3.54497, 40.61354 ], [ -3.54616, 40.61353 ], [ -3.54734, 40.61352 ], [ -3.5497, 40.61351 ], [ -3.5497, 40.61261 ], [ -3.55088, 40.61261 ], [ -3.55205, 40.6117 ], [ -3.55442, 40.61169 ], [ -3.5556, 40.61168 ], [ -3.55796, 40.61167 ], [ -3.55915, 40.61257 ], [ -3.55916, 40.61347 ], [ -3.56035, 40.61436 ], [ -3.55918, 40.61527 ], [ -3.55918, 40.61617 ], [ -3.55919, 40.61707 ], [ -3.5592, 40.61797 ], [ -3.55921, 40.61887 ], [ -3.55921, 40.61977 ], [ -3.55922, 40.62067 ], [ -3.55923, 40.62158 ], [ -3.56042, 40.62247 ], [ -3.56043, 40.62337 ], [ -3.55924, 40.62338 ], [ -3.55925, 40.62428 ], [ -3.56043, 40.62427 ], [ -3.56044, 40.62517 ], [ -3.56045, 40.62607 ], [ -3.56046, 40.62697 ], [ -3.56046, 40.62788 ], [ -3.56165, 40.62787 ], [ -3.56165, 40.62877 ], [ -3.56285, 40.63057 ], [ -3.56286, 40.63147 ], [ -3.56404, 40.63146 ], [ -3.56405, 40.63236 ], [ -3.56406, 40.63326 ], [ -3.56406, 40.63416 ], [ -3.56407, 40.63506 ], [ -3.56408, 40.63597 ], [ -3.5629, 40.63597 ], [ -3.5629, 40.63687 ], [ -3.56291, 40.63777 ], [ -3.56292, 40.63867 ], [ -3.56174, 40.63868 ], [ -3.56055, 40.63869 ], [ -3.56055, 40.63778 ], [ -3.56054, 40.63688 ], [ -3.56053, 40.63598 ], [ -3.55935, 40.63599 ], [ -3.55817, 40.63599 ], [ -3.55698, 40.636 ], [ -3.5558, 40.63601 ], [ -3.55581, 40.63691 ], [ -3.55582, 40.63781 ], [ -3.55582, 40.63871 ], [ -3.55583, 40.63961 ], [ -3.55584, 40.64051 ], [ -3.55702, 40.6405 ], [ -3.55704, 40.64231 ], [ -3.55822, 40.6423 ], [ -3.55941, 40.6432 ], [ -3.56061, 40.64499 ], [ -3.55947, 40.6504 ], [ -3.55474, 40.65133 ] ] ] } },
{ "type": "Feature", "properties": { "ine_code": "28060", "name": "Fuentidueña de Tajo" }, "geometry": { "type": "Polygon", "coordinates": [ [ [ -3.20059, 40.08851 ], [ -3.20176, 40.08941 ], [ -3.20178, 40.09391 ], [ -3.20178, 40.09571 ], [ -3.20178, 40.09661 ], [ -3.20179, 40.09932 ], [ -3.2018, 40.10202 ], [ -3.20181, 40.10652 ], [ -3.20417, 40.10922 ], [ -3.20418, 40.11193 ], [ -3.20418, 40.11373 ], [ -3.20419, 40.11553 ], [ -3.20419, 40.11733 ], [ -3.20302, 40.11823 ], [ -3.20185, 40.12004 ], [ -3.20304, 40.12274 ], [ -3.20304, 40.12544 ], [ -3.20305, 40.12815 ], [ -3.20306, 40.12995 ], [ -3.20307, 40.13265 ], [ -3.2019, 40.13535 ], [ -3.2019, 40.13716 ], [ -3.20074, 40.13896 ], [ -3.19957, 40.14076 ], [ -3.19957, 40.14257 ], [ -3.19958, 40.14437 ], [ -3.19958, 40.14617 ], [ -3.19959, 40.14797 ], [ -3.20076, 40.14797 ], [ -3.20077, 40.14887 ], [ -3.20077, 40.14977 ], [ -3.20077, 40.15157 ], [ -3.19844, 40.15518 ], [ -3.19726, 40.15608 ], [ -3.19727, 40.15699 ], [ -3.19257, 40.15699 ], [ -3.19022, 40.157 ], [ -3.1867, 40.157 ], [ -3.18318, 40.15701 ], [ -3.18083, 40.15791 ], [ -3.17966, 40.15882 ], [ -3.17731, 40.15882 ], [ -3.17613, 40.15702 ], [ -3.1726, 40.15522 ], [ -3.17143, 40.15523 ], [ -3.16908, 40.15523 ], [ -3.16908, 40.15613 ], [ -3.16791, 40.15613 ], [ -3.16674, 40.15613 ], [ -3.16673, 40.15523 ], [ -3.16086, 40.15614 ], [ -3.15851, 40.15524 ], [ -3.15383, 40.15885 ], [ -3.15148, 40.16066 ], [ -3.15031, 40.16156 ], [ -3.14796, 40.15976 ], [ -3.14678, 40.15796 ], [ -3.1456, 40.15706 ], [ -3.14442, 40.15526 ], [ -3.14325, 40.15346 ], [ -3.14207, 40.15166 ], [ -3.14089, 40.15166 ], [ -3.13971, 40.14896 ], [ -3.13853, 40.14626 ], [ -3.13853, 40.14356 ], [ -3.13853, 40.14266 ], [ -3.1397, 40.14175 ], [ -3.13852, 40.14085 ], [ -3.13852, 40.13905 ], [ -3.13734, 40.13815 ], [ -3.13617, 40.13635 ], [ -3.13616, 40.13545 ], [ -3.13499, 40.13545 ], [ -3.13499, 40.13455 ], [ -3.13382, 40.13455 ], [ -3.13381, 40.13365 ], [ -3.13381, 40.13275 ], [ -3.13264, 40.13275 ], [ -3.13264, 40.13185 ], [ -3.13146, 40.13185 ], [ -3.13146, 40.13095 ], [ -3.13146, 40.13005 ], [ -3.13029, 40.13005 ], [ -3.13028, 40.12915 ], [ -3.13028, 40.12825 ], [ -3.12911, 40.12825 ], [ -3.12911, 40.12735 ], [ -3.12793, 40.12645 ], [ -3.1291, 40.12555 ], [ -3.13028, 40.12555 ], [ -3.13145, 40.12555 ], [ -3.13262, 40.12554 ], [ -3.1338, 40.12554 ], [ -3.1338, 40.12464 ], [ -3.13144, 40.11834 ], [ -3.12791, 40.11384 ], [ -3.12556, 40.11114 ], [ -3.1232, 40.10844 ], [ -3.12086, 40.10754 ], [ -3.11851, 40.10664 ], [ -3.11146, 40.10214 ], [ -3.10794, 40.10034 ], [ -3.10794, 40.09944 ], [ -3.10793, 40.09854 ], [ -3.10793, 40.09764 ], [ -3.10793, 40.09584 ], [ -3.10793, 40.09494 ], [ -3.10793, 40.09404 ], [ -3.1091, 40.09223 ], [ -3.1091, 40.09133 ], [ -3.10909, 40.09043 ], [ -3.11027, 40.08953 ], [ -3.11026, 40.08863 ], [ -3.11026, 40.08773 ], [ -3.11026, 40.08683 ], [ -3.11026, 40.08593 ], [ -3.11143, 40.08502 ], [ -3.11143, 40.08412 ], [ -3.11143, 40.08322 ], [ -3.11143, 40.08142 ], [ -3.11259, 40.07872 ], [ -3.11376, 40.07601 ], [ -3.11493, 40.07421 ], [ -3.11493, 40.07241 ], [ -3.1161, 40.0697 ], [ -3.11726, 40.0652 ], [ -3.11843, 40.06159 ], [ -3.1196, 40.06159 ], [ -3.12077, 40.06159 ], [ -3.12195, 40.06159 ], [ -3.12312, 40.06159 ], [ -3.12429, 40.06159 ], [ -3.12429, 40.06249 ], [ -3.12547, 40.06248 ], [ -3.12664, 40.06248 ], [ -3.12781, 40.06248 ], [ -3.12898, 40.06248 ], [ -3.13016, 40.06248 ], [ -3.13133, 40.06248 ], [ -3.1325, 40.06248 ], [ -3.13367, 40.06248 ], [ -3.13719, 40.06247 ], [ -3.14071, 40.06337 ], [ -3.14188, 40.06337 ], [ -3.14306, 40.06427 ], [ -3.14423, 40.06426 ], [ -3.14541, 40.06516 ], [ -3.14658, 40.06516 ], [ -3.14775, 40.06516 ], [ -3.1501, 40.06606 ], [ -3.15244, 40.06606 ], [ -3.15596, 40.06515 ], [ -3.15713, 40.06515 ], [ -3.15713, 40.06425 ], [ -3.1583, 40.06425 ], [ -3.15948, 40.06424 ], [ -3.16065, 40.06424 ], [ -3.16065, 40.06514 ], [ -3.16182, 40.06514 ], [ -3.16066, 40.06785 ], [ -3.16066, 40.06875 ], [ -3.16184, 40.07055 ], [ -3.16301, 40.07055 ], [ -3.16185, 40.07505 ], [ -3.16185, 40.07595 ], [ -3.16302, 40.07685 ], [ -3.16303, 40.08136 ], [ -3.16304, 40.08226 ], [ -3.16304, 40.08406 ], [ -3.16421, 40.08406 ], [ -3.16539, 40.08406 ], [ -3.16656, 40.08496 ], [ -3.16773, 40.08496 ], [ -3.16774, 40.08676 ], [ -3.16774, 40.08766 ], [ -3.16657, 40.08856 ], [ -3.16657, 40.09036 ], [ -3.16658, 40.09126 ], [ -3.16775, 40.09036 ], [ -3.16892, 40.09036 ], [ -3.17009, 40.09036 ], [ -3.17127, 40.09036 ], [ -3.17244, 40.09126 ], [ -3.17362, 40.09125 ], [ -3.17479, 40.09125 ], [ -3.17596, 40.09125 ], [ -3.17713, 40.09125 ], [ -3.17714, 40.09215 ], [ -3.17831, 40.09215 ], [ -3.17948, 40.09124 ], [ -3.17948, 40.09034 ], [ -3.18065, 40.09034 ], [ -3.18065, 40.08944 ], [ -3.18065, 40.08854 ], [ -3.18064, 40.08764 ], [ -3.17947, 40.08764 ], [ -3.17947, 40.08854 ], [ -3.1783, 40.08854 ], [ -3.1783, 40.08764 ], [ -3.17713, 40.08764 ], [ -3.17595, 40.08765 ], [ -3.17595, 40.08675 ], [ -3.17712, 40.08674 ], [ -3.17712, 40.08584 ], [ -3.17829, 40.08584 ], [ -3.17829, 40.08494 ], [ -3.17946, 40.08494 ], [ -3.17946, 40.08404 ], [ -3.18063, 40.08404 ], [ -3.18181, 40.08493 ], [ -3.18298, 40.08493 ], [ -3.18299, 40.08583 ], [ -3.18416, 40.08583 ], [ -3.18416, 40.08493 ], [ -3.18415, 40.08403 ], [ -3.18415, 40.08313 ], [ -3.18532, 40.08313 ], [ -3.18532, 40.08223 ], [ -3.18532, 40.08132 ], [ -3.18649, 40.08132 ], [ -3.18766, 40.08132 ], [ -3.18767, 40.08222 ], [ -3.18884, 40.08222 ], [ -3.18884, 40.08312 ], [ -3.19002, 40.08312 ], [ -3.19002, 40.08402 ], [ -3.19119, 40.08402 ], [ -3.19119, 40.08492 ], [ -3.1912, 40.08582 ], [ -3.19237, 40.08582 ], [ -3.19354, 40.08582 ], [ -3.19354, 40.08672 ], [ -3.19472, 40.08672 ], [ -3.19589, 40.08671 ], [ -3.19706, 40.08581 ], [ -3.19823, 40.08581 ], [ -3.19823, 40.08491 ], [ -3.1994, 40.08491 ], [ -3.19941, 40.08581 ], [ -3.20058, 40.0858 ], [ -3.20059, 40.08851 ] ] ] } },
{ "type": "Feature", "properties": { "ine_code": "28061", "name": "Galapagar" }, "geometry": { "type": "Polygon", "coordinates": [ [ [ -4.04456, 40.58397 ], [ -4.04458, 40.58487 ], [ -4.04459, 40.58577 ], [ -4.04341, 40.58578 ], [ -4.04342, 40.58669 ], [ -4.04344, 40.58759 ], [ -4.04345, 40.58849 ], [ -4.04346, 40.58939 ], [ -4.04228, 40.5894 ], [ -4.0423, 40.5903 ], [ -4.04111, 40.59031 ], [ -4.04113, 40.59121 ], [ -4.03995, 40.59122 ], [ -4.03996, 40.59212 ], [ -4.03997, 40.59302 ], [ -4.03879, 40.59303 ], [ -4.03878, 40.59213 ], [ -4.0376, 40.59214 ], [ -4.03761, 40.59304 ], [ -4.03643, 40.59305 ], [ -4.03644, 40.59396 ], [ -4.03528, 40.59487 ], [ -4.03529, 40.59577 ], [ -4.0353, 40.59667 ], [ -4.03532, 40.59757 ], [ -4.03414, 40.59758 ], [ -4.03415, 40.59848 ], [ -4.03416, 40.59938 ], [ -4.03535, 40.59937 ], [ -4.03536, 40.60027 ], [ -4.03418, 40.60028 ], [ -4.03419, 40.60118 ], [ -4.03421, 40.60208 ], [ -4.03422, 40.60298 ], [ -4.03426, 40.60569 ], [ -4.0343, 40.60839 ], [ -4.03669, 40.61017 ], [ -4.03788, 40.61016 ], [ -4.04027, 40.61194 ], [ -4.04145, 40.61193 ], [ -4.04265, 40.61282 ], [ -4.04146, 40.61283 ], [ -4.04148, 40.61373 ], [ -4.04031, 40.61464 ], [ -4.04032, 40.61554 ], [ -4.04034, 40.61644 ], [ -4.03916, 40.61645 ], [ -4.03917, 40.61735 ], [ -4.03799, 40.61736 ], [ -4.038, 40.61826 ], [ -4.03682, 40.61828 ], [ -4.03683, 40.61918 ], [ -4.03565, 40.61919 ], [ -4.03567, 40.62009 ], [ -4.03448, 40.6201 ], [ -4.0345, 40.621 ], [ -4.03451, 40.6219 ], [ -4.03571, 40.62279 ], [ -4.03572, 40.62369 ], [ -4.0369, 40.62368 ], [ -4.03692, 40.62458 ], [ -4.03575, 40.62549 ], [ -4.03458, 40.6264 ], [ -4.03459, 40.6273 ], [ -4.03341, 40.62731 ], [ -4.03343, 40.62821 ], [ -4.03344, 40.62912 ], [ -4.03345, 40.63002 ], [ -4.03227, 40.63003 ], [ -4.03109, 40.63004 ], [ -4.02991, 40.63005 ], [ -4.02873, 40.63006 ], [ -4.02754, 40.63007 ], [ -4.02636, 40.63008 ], [ -4.02518, 40.63009 ], [ -4.02516, 40.62919 ], [ -4.02515, 40.62829 ], [ -4.02514, 40.62739 ], [ -4.02512, 40.62649 ], [ -4.02631, 40.62648 ], [ -4.02629, 40.62558 ], [ -4.02628, 40.62468 ], [ -4.02269, 40.622 ], [ -4.02268, 40.6211 ], [ -4.02148, 40.62021 ], [ -4.02028, 40.61932 ], [ -4.01909, 40.61843 ], [ -4.01672, 40.61845 ], [ -4.01197, 40.61669 ], [ -4.00961, 40.61671 ], [ -4.00606, 40.61675 ], [ -4.00605, 40.61584 ], [ -4.00486, 40.61585 ], [ -4.00251, 40.61678 ], [ -4.00133, 40.61679 ], [ -3.9978, 40.61772 ], [ -3.99427, 40.61865 ], [ -3.99308, 40.61866 ], [ -3.9919, 40.61867 ], [ -3.99072, 40.61868 ], [ -3.98955, 40.61959 ], [ -3.98837, 40.6196 ], [ -3.98719, 40.61961 ], [ -3.986, 40.61962 ], [ -3.98482, 40.61963 ], [ -3.98364, 40.61964 ], [ -3.98246, 40.61965 ], [ -3.98128, 40.61966 ], [ -3.98009, 40.61967 ], [ -3.98011, 40.62057 ], [ -3.98012, 40.62147 ], [ -3.97894, 40.62148 ], [ -3.97895, 40.62238 ], [ -3.97777, 40.62239 ], [ -3.97778, 40.62329 ], [ -3.9778, 40.6242 ], [ -3.97661, 40.62421 ], [ -3.97663, 40.62511 ], [ -3.97544, 40.62512 ], [ -3.97546, 40.62602 ], [ -3.97427, 40.62603 ], [ -3.97429, 40.62693 ], [ -3.97311, 40.62694 ], [ -3.97192, 40.62695 ], [ -3.97194, 40.62785 ], [ -3.97075, 40.62786 ], [ -3.97077, 40.62876 ], [ -3.96959, 40.62877 ], [ -3.9684, 40.62878 ], [ -3.96842, 40.62968 ], [ -3.96723, 40.62969 ], [ -3.96605, 40.6297 ], [ -3.96487, 40.62971 ], [ -3.96369, 40.62972 ], [ -3.9625, 40.62973 ], [ -3.96252, 40.63063 ], [ -3.96134, 40.63064 ], [ -3.96135, 40.63154 ], [ -3.96017, 40.63155 ], [ -3.96018, 40.63245 ], [ -3.959, 40.63246 ], [ -3.95901, 40.63336 ], [ -3.95781, 40.63247 ], [ -3.9578, 40.63157 ], [ -3.95776, 40.62887 ], [ -3.95892, 40.62706 ], [ -3.95889, 40.62525 ], [ -3.95888, 40.62435 ], [ -3.95885, 40.62255 ], [ -3.96001, 40.62074 ], [ -3.95999, 40.61894 ], [ -3.95878, 40.61715 ], [ -3.95876, 40.61625 ], [ -3.95874, 40.61445 ], [ -3.95871, 40.61264 ], [ -3.9587, 40.61174 ], [ -3.95867, 40.60994 ], [ -3.95866, 40.60904 ], [ -3.95865, 40.60814 ], [ -3.95864, 40.60724 ], [ -3.95862, 40.60634 ], [ -3.9586, 40.60454 ], [ -3.95857, 40.60274 ], [ -3.95856, 40.60183 ], [ -3.95855, 40.60093 ], [ -3.95736, 40.60094 ], [ -3.95617, 40.60005 ], [ -3.95497, 40.59916 ], [ -3.95378, 40.59827 ], [ -3.95377, 40.59737 ], [ -3.95259, 40.59738 ], [ -3.95139, 40.59649 ], [ -3.95138, 40.59559 ], [ -3.95253, 40.59378 ], [ -3.95252, 40.59288 ], [ -3.95368, 40.59106 ], [ -3.95483, 40.58925 ], [ -3.95482, 40.58835 ], [ -3.95481, 40.58745 ], [ -3.95596, 40.58564 ], [ -3.95595, 40.58474 ], [ -3.95712, 40.58383 ], [ -3.95938, 40.5766 ], [ -3.95817, 40.57481 ], [ -3.95815, 40.57301 ], [ -3.95695, 40.57212 ], [ -3.95693, 40.57032 ], [ -3.95691, 40.56942 ], [ -3.9569, 40.56852 ], [ -3.95689, 40.56762 ], [ -3.95688, 40.56671 ], [ -3.95686, 40.56581 ], [ -3.95804, 40.5658 ], [ -3.95803, 40.5649 ], [ -3.95802, 40.564 ], [ -3.95801, 40.5631 ], [ -3.95682, 40.56311 ], [ -3.95681, 40.56221 ], [ -3.95563, 40.56222 ], [ -3.95562, 40.56132 ], [ -3.95444, 40.56133 ], [ -3.95442, 40.56043 ], [ -3.95441, 40.55953 ], [ -3.9544, 40.55863 ], [ -3.95439, 40.55773 ], [ -3.9532, 40.55774 ], [ -3.95319, 40.55684 ], [ -3.95201, 40.55685 ], [ -3.95202, 40.55775 ], [ -3.95204, 40.55865 ], [ -3.95086, 40.55866 ], [ -3.95087, 40.55956 ], [ -3.95088, 40.56046 ], [ -3.9497, 40.56047 ], [ -3.94852, 40.56048 ], [ -3.94851, 40.55958 ], [ -3.94732, 40.55959 ], [ -3.94731, 40.55869 ], [ -3.9473, 40.55779 ], [ -3.94729, 40.55688 ], [ -3.94609, 40.55599 ], [ -3.94608, 40.55509 ], [ -3.94489, 40.5542 ], [ -3.94487, 40.5533 ], [ -3.94486, 40.5524 ], [ -3.94485, 40.5515 ], [ -3.94602, 40.55059 ], [ -3.946, 40.54969 ], [ -3.94599, 40.54879 ], [ -3.94598, 40.54789 ], [ -3.94597, 40.54699 ], [ -3.94595, 40.54608 ], [ -3.94594, 40.54518 ], [ -3.94712, 40.54517 ], [ -3.94711, 40.54427 ], [ -3.9471, 40.54337 ], [ -3.94828, 40.54336 ], [ -3.94826, 40.54246 ], [ -3.94825, 40.54156 ], [ -3.94942, 40.54065 ], [ -3.94941, 40.53975 ], [ -3.94939, 40.53885 ], [ -3.94821, 40.53886 ], [ -3.9482, 40.53796 ], [ -3.94702, 40.53797 ], [ -3.94701, 40.53707 ], [ -3.94699, 40.53617 ], [ -3.9458, 40.53528 ], [ -3.94462, 40.53529 ], [ -3.94461, 40.53438 ], [ -3.94343, 40.53439 ], [ -3.94342, 40.53349 ], [ -3.94223, 40.5335 ], [ -3.94222, 40.5326 ], [ -3.94104, 40.53261 ], [ -3.94103, 40.53171 ], [ -3.93985, 40.53172 ], [ -3.93984, 40.53082 ], [ -3.93982, 40.52992 ], [ -3.93981, 40.52902 ], [ -3.9398, 40.52812 ], [ -3.93979, 40.52722 ], [ -3.93977, 40.52632 ], [ -3.93859, 40.52633 ], [ -3.93858, 40.52542 ], [ -3.93975, 40.52451 ], [ -3.93973, 40.52361 ], [ -3.93972, 40.52271 ], [ -3.94089, 40.5218 ], [ -3.94088, 40.5209 ], [ -3.9397, 40.52091 ], [ -3.93968, 40.52001 ], [ -3.93967, 40.51911 ], [ -3.93966, 40.51821 ], [ -3.93965, 40.51731 ], [ -3.94083, 40.5173 ], [ -3.94199, 40.51639 ], [ -3.94198, 40.51549 ], [ -3.94197, 40.51459 ], [ -3.94196, 40.51369 ], [ -3.94076, 40.51279 ], [ -3.93958, 40.5128 ], [ -3.9384, 40.51281 ], [ -3.93839, 40.51191 ], [ -3.93721, 40.51192 ], [ -3.9372, 40.51102 ], [ -3.93838, 40.51101 ], [ -3.93837, 40.51011 ], [ -3.93955, 40.5101 ], [ -3.93953, 40.5092 ], [ -3.94071, 40.50919 ], [ -3.9407, 40.50829 ], [ -3.94188, 40.50828 ], [ -3.94306, 40.50827 ], [ -3.94424, 40.50826 ], [ -3.94542, 40.50825 ], [ -3.94543, 40.50915 ], [ -3.94661, 40.50914 ], [ -3.94663, 40.51004 ], [ -3.94781, 40.51003 ], [ -3.94899, 40.51002 ], [ -3.95017, 40.51001 ], [ -3.95018, 40.51092 ], [ -3.95136, 40.51091 ], [ -3.95254, 40.5109 ], [ -3.95255, 40.5118 ], [ -3.95375, 40.51269 ], [ -3.95376, 40.51359 ], [ -3.95494, 40.51358 ], [ -3.95612, 40.51357 ], [ -3.95613, 40.51447 ], [ -3.95731, 40.51446 ], [ -3.95733, 40.51536 ], [ -3.95851, 40.51535 ], [ -3.95852, 40.51625 ], [ -3.9597, 40.51624 ], [ -3.96088, 40.51623 ], [ -3.96206, 40.51622 ], [ -3.96324, 40.51621 ], [ -3.96325, 40.51711 ], [ -3.96443, 40.5171 ], [ -3.96445, 40.518 ], [ -3.96563, 40.51799 ], [ -3.96564, 40.5189 ], [ -3.96682, 40.51889 ], [ -3.968, 40.51888 ], [ -3.96918, 40.51887 ], [ -3.97036, 40.51886 ], [ -3.97153, 40.51795 ], [ -3.97271, 40.51794 ], [ -3.97389, 40.51793 ], [ -3.97507, 40.51792 ], [ -3.97743, 40.5179 ], [ -3.98097, 40.51787 ], [ -3.98214, 40.51695 ], [ -3.9845, 40.51693 ], [ -3.98451, 40.51784 ], [ -3.98452, 40.51874 ], [ -3.9857, 40.51873 ], [ -3.98572, 40.51963 ], [ -3.98573, 40.52053 ], [ -3.98691, 40.52052 ], [ -3.98692, 40.52142 ], [ -3.98811, 40.52141 ], [ -3.98812, 40.52231 ], [ -3.9893, 40.5223 ], [ -3.98931, 40.5232 ], [ -3.98813, 40.52321 ], [ -3.98814, 40.52411 ], [ -3.98933, 40.5241 ], [ -3.98934, 40.525 ], [ -3.99052, 40.52499 ], [ -3.99053, 40.52589 ], [ -3.98935, 40.5259 ], [ -3.98937, 40.5268 ], [ -3.99055, 40.52679 ], [ -3.99056, 40.52769 ], [ -3.99057, 40.52859 ], [ -3.98939, 40.5286 ], [ -3.9894, 40.5295 ], [ -3.98822, 40.52952 ], [ -3.98824, 40.53042 ], [ -3.98942, 40.53041 ], [ -3.9906, 40.5304 ], [ -3.99061, 40.5313 ], [ -3.99179, 40.53129 ], [ -3.99181, 40.53219 ], [ -3.99182, 40.53309 ], [ -3.993, 40.53308 ], [ -3.99301, 40.53398 ], [ -3.99419, 40.53397 ], [ -3.99421, 40.53487 ], [ -3.99539, 40.53486 ], [ -3.9954, 40.53576 ], [ -3.99541, 40.53666 ], [ -3.99543, 40.53756 ], [ -3.99661, 40.53755 ], [ -3.99662, 40.53845 ], [ -3.99782, 40.53934 ], [ -3.99783, 40.54024 ], [ -3.99784, 40.54114 ], [ -3.99904, 40.54203 ], [ -3.99905, 40.54294 ], [ -3.99906, 40.54384 ], [ -3.99908, 40.54474 ], [ -4.00026, 40.54473 ], [ -4.00027, 40.54563 ], [ -4.00028, 40.54653 ], [ -4.0003, 40.54743 ], [ -4.00031, 40.54833 ], [ -4.00032, 40.54923 ], [ -4.00034, 40.55013 ], [ -4.00274, 40.55281 ], [ -4.00514, 40.55549 ], [ -4.00634, 40.55638 ], [ -4.00754, 40.55818 ], [ -4.00639, 40.55999 ], [ -4.00524, 40.5618 ], [ -4.00999, 40.56356 ], [ -4.01118, 40.56445 ], [ -4.0112, 40.56535 ], [ -4.01238, 40.56534 ], [ -4.01359, 40.56713 ], [ -4.01478, 40.56802 ], [ -4.01597, 40.56891 ], [ -4.01716, 40.5689 ], [ -4.02073, 40.57067 ], [ -4.02192, 40.57156 ], [ -4.02312, 40.57245 ], [ -4.02431, 40.57334 ], [ -4.02549, 40.57333 ], [ -4.02551, 40.57423 ], [ -4.02552, 40.57513 ], [ -4.02553, 40.57604 ], [ -4.02555, 40.57694 ], [ -4.02556, 40.57784 ], [ -4.02558, 40.57874 ], [ -4.02676, 40.57873 ], [ -4.02794, 40.57872 ], [ -4.02795, 40.57962 ], [ -4.02913, 40.57961 ], [ -4.02915, 40.58051 ], [ -4.02916, 40.58141 ], [ -4.03034, 40.5814 ], [ -4.03036, 40.5823 ], [ -4.03155, 40.58319 ], [ -4.03273, 40.58318 ], [ -4.03391, 40.58317 ], [ -4.0351, 40.58316 ], [ -4.03628, 40.58315 ], [ -4.03746, 40.58314 ], [ -4.03864, 40.58313 ], [ -4.03982, 40.58311 ], [ -4.03984, 40.58402 ], [ -4.04102, 40.584 ], [ -4.0422, 40.58399 ], [ -4.04338, 40.58398 ], [ -4.04337, 40.58308 ], [ -4.04455, 40.58307 ], [ -4.04456, 40.58397 ] ], [ [ -3.94425, 40.50916 ], [ -3.94427, 40.51006 ], [ -3.94545, 40.51005 ], [ -3.94543, 40.50915 ], [ -3.94425, 40.50916 ] ] ] } },
{ "type": "Feature", "properties": { "ine_code": "28062", "name": "Garganta de los Montes" }, "geometry": { "type": "Polygon", "coordinates": [ [ [ -3.72341, 40.93506 ], [ -3.72222, 40.93507 ], [ -3.72104, 40.93507 ], [ -3.72105, 40.93598 ], [ -3.71986, 40.93598 ], [ -3.71867, 40.93599 ], [ -3.71749, 40.9369 ], [ -3.71631, 40.93781 ], [ -3.71514, 40.93871 ], [ -3.71395, 40.93872 ], [ -3.71396, 40.93962 ], [ -3.71277, 40.93963 ], [ -3.71278, 40.94053 ], [ -3.71397, 40.94052 ], [ -3.71398, 40.94142 ], [ -3.71518, 40.94232 ], [ -3.71636, 40.94231 ], [ -3.71637, 40.94321 ], [ -3.71519, 40.94322 ], [ -3.7152, 40.94412 ], [ -3.71401, 40.94413 ], [ -3.71282, 40.94413 ], [ -3.71283, 40.94503 ], [ -3.71164, 40.94504 ], [ -3.71045, 40.94505 ], [ -3.70927, 40.94506 ], [ -3.70808, 40.94506 ], [ -3.70689, 40.94507 ], [ -3.7069, 40.94597 ], [ -3.70691, 40.94687 ], [ -3.70692, 40.94777 ], [ -3.70573, 40.94778 ], [ -3.70454, 40.94779 ], [ -3.70335, 40.9478 ], [ -3.70218, 40.9487 ], [ -3.70099, 40.94871 ], [ -3.701, 40.94961 ], [ -3.69981, 40.94962 ], [ -3.69862, 40.94963 ], [ -3.69743, 40.94963 ], [ -3.69744, 40.95053 ], [ -3.69626, 40.95144 ], [ -3.69627, 40.95234 ], [ -3.69628, 40.95324 ], [ -3.69629, 40.95414 ], [ -3.6951, 40.95415 ], [ -3.69392, 40.95416 ], [ -3.69273, 40.95417 ], [ -3.69272, 40.95326 ], [ -3.69153, 40.95327 ], [ -3.69034, 40.95328 ], [ -3.68915, 40.95329 ], [ -3.68916, 40.95419 ], [ -3.68798, 40.95419 ], [ -3.68679, 40.9542 ], [ -3.6868, 40.9551 ], [ -3.68561, 40.95511 ], [ -3.68562, 40.95601 ], [ -3.68563, 40.95691 ], [ -3.68564, 40.95781 ], [ -3.68565, 40.95871 ], [ -3.68565, 40.95961 ], [ -3.68566, 40.96051 ], [ -3.68567, 40.96141 ], [ -3.68568, 40.96231 ], [ -3.68449, 40.96232 ], [ -3.6845, 40.96322 ], [ -3.68451, 40.96412 ], [ -3.68332, 40.96413 ], [ -3.68214, 40.96414 ], [ -3.68095, 40.96414 ], [ -3.67977, 40.96505 ], [ -3.67858, 40.96506 ], [ -3.67859, 40.96596 ], [ -3.67978, 40.96595 ], [ -3.67979, 40.96685 ], [ -3.6798, 40.96775 ], [ -3.67861, 40.96776 ], [ -3.6786, 40.96686 ], [ -3.67741, 40.96687 ], [ -3.67742, 40.96777 ], [ -3.67623, 40.96778 ], [ -3.67504, 40.96778 ], [ -3.67505, 40.96868 ], [ -3.67386, 40.96869 ], [ -3.67387, 40.96959 ], [ -3.67388, 40.97049 ], [ -3.67389, 40.97139 ], [ -3.67271, 40.9723 ], [ -3.67152, 40.97231 ], [ -3.67151, 40.97141 ], [ -3.67151, 40.97051 ], [ -3.67032, 40.97051 ], [ -3.66913, 40.97052 ], [ -3.66794, 40.97053 ], [ -3.66795, 40.97143 ], [ -3.66796, 40.97233 ], [ -3.66797, 40.97323 ], [ -3.66916, 40.97322 ], [ -3.66917, 40.97412 ], [ -3.66917, 40.97502 ], [ -3.66918, 40.97592 ], [ -3.66799, 40.97593 ], [ -3.668, 40.97683 ], [ -3.66801, 40.97773 ], [ -3.66682, 40.97774 ], [ -3.66683, 40.97864 ], [ -3.66564, 40.97865 ], [ -3.66446, 40.97865 ], [ -3.66445, 40.97775 ], [ -3.66326, 40.97776 ], [ -3.66325, 40.97686 ], [ -3.66206, 40.97687 ], [ -3.66205, 40.97597 ], [ -3.66086, 40.97597 ], [ -3.66085, 40.97507 ], [ -3.65967, 40.97508 ], [ -3.65848, 40.97508 ], [ -3.65849, 40.97599 ], [ -3.6573, 40.97599 ], [ -3.65729, 40.97509 ], [ -3.65728, 40.97419 ], [ -3.65727, 40.97329 ], [ -3.65608, 40.9733 ], [ -3.65609, 40.9742 ], [ -3.6549, 40.9742 ], [ -3.65491, 40.97511 ], [ -3.65373, 40.97601 ], [ -3.65254, 40.97602 ], [ -3.65136, 40.97693 ], [ -3.65018, 40.97693 ], [ -3.64899, 40.97694 ], [ -3.6478, 40.97695 ], [ -3.64779, 40.97605 ], [ -3.64778, 40.97515 ], [ -3.64777, 40.97424 ], [ -3.64896, 40.97424 ], [ -3.64895, 40.97334 ], [ -3.65013, 40.97243 ], [ -3.65012, 40.97153 ], [ -3.65131, 40.97152 ], [ -3.6513, 40.97062 ], [ -3.65129, 40.96972 ], [ -3.65247, 40.96881 ], [ -3.65246, 40.96791 ], [ -3.65246, 40.96701 ], [ -3.65363, 40.9661 ], [ -3.65363, 40.9652 ], [ -3.65362, 40.9643 ], [ -3.65361, 40.9634 ], [ -3.6536, 40.9625 ], [ -3.65359, 40.9616 ], [ -3.65358, 40.9607 ], [ -3.65357, 40.9598 ], [ -3.65238, 40.95981 ], [ -3.65, 40.95892 ], [ -3.64759, 40.95533 ], [ -3.64401, 40.95355 ], [ -3.64748, 40.94452 ], [ -3.64628, 40.94272 ], [ -3.64742, 40.93821 ], [ -3.64859, 40.93641 ], [ -3.65093, 40.93279 ], [ -3.65445, 40.92826 ], [ -3.66273, 40.92461 ], [ -3.66272, 40.92371 ], [ -3.66271, 40.92281 ], [ -3.6627, 40.92191 ], [ -3.66266, 40.91831 ], [ -3.66266, 40.91741 ], [ -3.66384, 40.9174 ], [ -3.66735, 40.91198 ], [ -3.66967, 40.90656 ], [ -3.67429, 40.89392 ], [ -3.67546, 40.89211 ], [ -3.67665, 40.8921 ], [ -3.67664, 40.8912 ], [ -3.67663, 40.8903 ], [ -3.67662, 40.8894 ], [ -3.67781, 40.88939 ], [ -3.6778, 40.88849 ], [ -3.67779, 40.88759 ], [ -3.67898, 40.88759 ], [ -3.67897, 40.88669 ], [ -3.68015, 40.88668 ], [ -3.68133, 40.88577 ], [ -3.69197, 40.8812 ], [ -3.69315, 40.8812 ], [ -3.69433, 40.88029 ], [ -3.69552, 40.88028 ], [ -3.69672, 40.88207 ], [ -3.69675, 40.88478 ], [ -3.69914, 40.88656 ], [ -3.69915, 40.88747 ], [ -3.70035, 40.88836 ], [ -3.70155, 40.88925 ], [ -3.70393, 40.89014 ], [ -3.70513, 40.89103 ], [ -3.70632, 40.89193 ], [ -3.70989, 40.8928 ], [ -3.7123, 40.89549 ], [ -3.71587, 40.89637 ], [ -3.71589, 40.89817 ], [ -3.71711, 40.90177 ], [ -3.71832, 40.90356 ], [ -3.71834, 40.90536 ], [ -3.71835, 40.90626 ], [ -3.71719, 40.90897 ], [ -3.71721, 40.91078 ], [ -3.71724, 40.91348 ], [ -3.71728, 40.91708 ], [ -3.71969, 40.92067 ], [ -3.71971, 40.92247 ], [ -3.72092, 40.92427 ], [ -3.72451, 40.92695 ], [ -3.72454, 40.92965 ], [ -3.72455, 40.93055 ], [ -3.72459, 40.93415 ], [ -3.7246, 40.93505 ], [ -3.72341, 40.93506 ] ] ] } },
{ "type": "Feature", "properties": { "ine_code": "28063", "name": "Gargantilla del Lozoya y Pinilla de Buitrago" }, "geometry": { "type": "Polygon", "coordinates": [ [ [ -3.73456, 40.97643 ], [ -3.72864, 40.97827 ], [ -3.72628, 40.98008 ], [ -3.72508, 40.97919 ], [ -3.72152, 40.97921 ], [ -3.72033, 40.97922 ], [ -3.71796, 40.98013 ], [ -3.71439, 40.97926 ], [ -3.71202, 40.98017 ], [ -3.70967, 40.98289 ], [ -3.7002, 40.98655 ], [ -3.69783, 40.98746 ], [ -3.68717, 40.99113 ], [ -3.67886, 40.99208 ], [ -3.67768, 40.99299 ], [ -3.67649, 40.993 ], [ -3.67648, 40.9921 ], [ -3.67529, 40.9921 ], [ -3.67528, 40.9912 ], [ -3.67527, 40.9903 ], [ -3.67408, 40.99031 ], [ -3.67409, 40.99121 ], [ -3.6729, 40.99122 ], [ -3.67291, 40.99212 ], [ -3.67172, 40.99212 ], [ -3.67173, 40.99302 ], [ -3.67174, 40.99393 ], [ -3.67055, 40.99393 ], [ -3.66937, 40.99394 ], [ -3.66937, 40.99484 ], [ -3.66819, 40.99485 ], [ -3.66701, 40.99575 ], [ -3.66582, 40.99576 ], [ -3.66581, 40.99486 ], [ -3.66699, 40.99395 ], [ -3.66817, 40.99305 ], [ -3.66816, 40.99214 ], [ -3.66815, 40.99124 ], [ -3.66814, 40.99034 ], [ -3.66695, 40.99035 ], [ -3.66694, 40.98945 ], [ -3.66693, 40.98855 ], [ -3.66574, 40.98856 ], [ -3.66574, 40.98765 ], [ -3.66455, 40.98766 ], [ -3.66335, 40.98677 ], [ -3.66216, 40.98677 ], [ -3.66097, 40.98678 ], [ -3.65978, 40.98679 ], [ -3.65859, 40.98589 ], [ -3.65858, 40.98499 ], [ -3.65857, 40.98409 ], [ -3.65738, 40.9841 ], [ -3.65737, 40.9832 ], [ -3.65617, 40.9823 ], [ -3.65616, 40.9814 ], [ -3.65497, 40.98141 ], [ -3.65497, 40.98051 ], [ -3.65496, 40.97961 ], [ -3.65615, 40.9796 ], [ -3.65732, 40.97869 ], [ -3.65732, 40.97779 ], [ -3.65731, 40.97689 ], [ -3.6573, 40.97599 ], [ -3.65849, 40.97599 ], [ -3.65848, 40.97508 ], [ -3.65967, 40.97508 ], [ -3.66085, 40.97507 ], [ -3.66086, 40.97597 ], [ -3.66205, 40.97597 ], [ -3.66206, 40.97687 ], [ -3.66325, 40.97686 ], [ -3.66326, 40.97776 ], [ -3.66445, 40.97775 ], [ -3.66446, 40.97865 ], [ -3.66564, 40.97865 ], [ -3.66683, 40.97864 ], [ -3.66682, 40.97774 ], [ -3.66801, 40.97773 ], [ -3.668, 40.97683 ], [ -3.66799, 40.97593 ], [ -3.66918, 40.97592 ], [ -3.66917, 40.97502 ], [ -3.66917, 40.97412 ], [ -3.66916, 40.97322 ], [ -3.66797, 40.97323 ], [ -3.66796, 40.97233 ], [ -3.66795, 40.97143 ], [ -3.66794, 40.97053 ], [ -3.66913, 40.97052 ], [ -3.67032, 40.97051 ], [ -3.67151, 40.97051 ], [ -3.67151, 40.97141 ], [ -3.67152, 40.97231 ], [ -3.67271, 40.9723 ], [ -3.67389, 40.97139 ], [ -3.67388, 40.97049 ], [ -3.67387, 40.96959 ], [ -3.67386, 40.96869 ], [ -3.67505, 40.96868 ], [ -3.67504, 40.96778 ], [ -3.67623, 40.96778 ], [ -3.67742, 40.96777 ], [ -3.67741, 40.96687 ], [ -3.6786, 40.96686 ], [ -3.67861, 40.96776 ], [ -3.6798, 40.96775 ], [ -3.67979, 40.96685 ], [ -3.67978, 40.96595 ], [ -3.67859, 40.96596 ], [ -3.67858, 40.96506 ], [ -3.67977, 40.96505 ], [ -3.68095, 40.96414 ], [ -3.68214, 40.96414 ], [ -3.68332, 40.96413 ], [ -3.68451, 40.96412 ], [ -3.6845, 40.96322 ], [ -3.68449, 40.96232 ], [ -3.68568, 40.96231 ], [ -3.68567, 40.96141 ], [ -3.68566, 40.96051 ], [ -3.68565, 40.95961 ], [ -3.68565, 40.95871 ], [ -3.68564, 40.95781 ], [ -3.68563, 40.95691 ], [ -3.68562, 40.95601 ], [ -3.68561, 40.95511 ], [ -3.6868, 40.9551 ], [ -3.68679, 40.9542 ], [ -3.68798, 40.95419 ], [ -3.68916, 40.95419 ], [ -3.68915, 40.95329 ], [ -3.69034, 40.95328 ], [ -3.69153, 40.95327 ], [ -3.69272, 40.95326 ], [ -3.69273, 40.95417 ], [ -3.69392, 40.95416 ], [ -3.6951, 40.95415 ], [ -3.69629, 40.95414 ], [ -3.69628, 40.95324 ], [ -3.69627, 40.95234 ], [ -3.69626, 40.95144 ], [ -3.69744, 40.95053 ], [ -3.69743, 40.94963 ], [ -3.69862, 40.94963 ], [ -3.69981, 40.94962 ], [ -3.701, 40.94961 ], [ -3.70099, 40.94871 ], [ -3.70218, 40.9487 ], [ -3.70335, 40.9478 ], [ -3.70454, 40.94779 ], [ -3.70573, 40.94778 ], [ -3.70692, 40.94777 ], [ -3.70691, 40.94687 ], [ -3.7069, 40.94597 ], [ -3.70689, 40.94507 ], [ -3.70808, 40.94506 ], [ -3.70927, 40.94506 ], [ -3.71045, 40.94505 ], [ -3.71164, 40.94504 ], [ -3.71283, 40.94503 ], [ -3.71282, 40.94413 ], [ -3.71401, 40.94413 ], [ -3.7152, 40.94412 ], [ -3.71519, 40.94322 ], [ -3.71637, 40.94321 ], [ -3.71636, 40.94231 ], [ -3.71518, 40.94232 ], [ -3.71398, 40.94142 ], [ -3.71397, 40.94052 ], [ -3.71278, 40.94053 ], [ -3.71277, 40.93963 ], [ -3.71396, 40.93962 ], [ -3.71395, 40.93872 ], [ -3.71514, 40.93871 ], [ -3.71631, 40.93781 ], [ -3.71749, 40.9369 ], [ -3.71867, 40.93599 ], [ -3.71986, 40.93598 ], [ -3.72105, 40.93598 ], [ -3.72104, 40.93507 ], [ -3.72222, 40.93507 ], [ -3.72341, 40.93506 ], [ -3.7246, 40.93505 ], [ -3.72579, 40.93504 ], [ -3.72698, 40.93504 ], [ -3.72936, 40.93592 ], [ -3.73175, 40.93681 ], [ -3.73412, 40.93679 ], [ -3.73413, 40.93769 ], [ -3.73533, 40.93859 ], [ -3.73534, 40.93949 ], [ -3.73415, 40.9395 ], [ -3.73416, 40.9404 ], [ -3.73535, 40.94039 ], [ -3.73536, 40.94129 ], [ -3.73655, 40.94128 ], [ -3.73656, 40.94218 ], [ -3.73775, 40.94218 ], [ -3.73776, 40.94308 ], [ -3.73777, 40.94398 ], [ -3.73778, 40.94488 ], [ -3.73779, 40.94578 ], [ -3.73661, 40.94669 ], [ -3.73662, 40.94759 ], [ -3.73663, 40.94849 ], [ -3.73664, 40.94939 ], [ -3.73545, 40.9494 ], [ -3.73546, 40.9503 ], [ -3.73547, 40.9512 ], [ -3.73667, 40.95209 ], [ -3.73668, 40.95299 ], [ -3.73792, 40.95749 ], [ -3.73912, 40.95928 ], [ -3.73559, 40.96201 ], [ -3.7356, 40.96291 ], [ -3.7392, 40.96559 ], [ -3.7404, 40.96738 ], [ -3.74161, 40.96918 ], [ -3.74162, 40.97008 ], [ -3.74164, 40.97188 ], [ -3.74165, 40.97278 ], [ -3.74046, 40.97279 ], [ -3.73929, 40.97369 ], [ -3.73811, 40.9746 ], [ -3.73456, 40.97643 ] ] ] } },
{ "type": "Feature", "properties": { "ine_code": "28064", "name": "Gascones" }, "geometry": { "type": "MultiPolygon", "coordinates": [ [ [ [ -3.64922, 41.00036 ], [ -3.65041, 41.00035 ], [ -3.65041, 41.00125 ], [ -3.64923, 41.00126 ], [ -3.64922, 41.00036 ] ] ], [ [ [ -3.7201, 41.0675 ], [ -3.71657, 41.07113 ], [ -3.71539, 41.07203 ], [ -3.71421, 41.07294 ], [ -3.71185, 41.07476 ], [ -3.7071, 41.07569 ], [ -3.70592, 41.0766 ], [ -3.70231, 41.07301 ], [ -3.69266, 41.06136 ], [ -3.68548, 41.0578 ], [ -3.6795, 41.05423 ], [ -3.67223, 41.04167 ], [ -3.66148, 41.03722 ], [ -3.65549, 41.03365 ], [ -3.65191, 41.03187 ], [ -3.65072, 41.03278 ], [ -3.64835, 41.03279 ], [ -3.64716, 41.0328 ], [ -3.64597, 41.03281 ], [ -3.64478, 41.03281 ], [ -3.64359, 41.03282 ], [ -3.64358, 41.03192 ], [ -3.64239, 41.03193 ], [ -3.64238, 41.03103 ], [ -3.64119, 41.03103 ], [ -3.64118, 41.03013 ], [ -3.63998, 41.02924 ], [ -3.63879, 41.02924 ], [ -3.63761, 41.02925 ], [ -3.63642, 41.02926 ], [ -3.63523, 41.02926 ], [ -3.63522, 41.02836 ], [ -3.63403, 41.02837 ], [ -3.63402, 41.02747 ], [ -3.63401, 41.02657 ], [ -3.634, 41.02567 ], [ -3.63399, 41.02477 ], [ -3.63398, 41.02387 ], [ -3.63396, 41.02116 ], [ -3.63515, 41.02116 ], [ -3.63514, 41.02026 ], [ -3.63513, 41.01936 ], [ -3.63632, 41.01935 ], [ -3.63631, 41.01845 ], [ -3.63512, 41.01846 ], [ -3.63511, 41.01755 ], [ -3.63392, 41.01756 ], [ -3.63392, 41.01666 ], [ -3.6351, 41.01665 ], [ -3.6351, 41.01575 ], [ -3.63509, 41.01485 ], [ -3.63508, 41.01395 ], [ -3.63507, 41.01305 ], [ -3.63387, 41.01216 ], [ -3.63386, 41.01126 ], [ -3.63386, 41.01035 ], [ -3.63264, 41.00766 ], [ -3.63383, 41.00765 ], [ -3.63382, 41.00675 ], [ -3.63381, 41.00585 ], [ -3.6338, 41.00495 ], [ -3.63379, 41.00405 ], [ -3.63379, 41.00315 ], [ -3.63498, 41.00314 ], [ -3.63497, 41.00224 ], [ -3.63616, 41.00223 ], [ -3.63734, 41.00223 ], [ -3.63734, 41.00133 ], [ -3.63852, 41.00132 ], [ -3.63971, 41.00131 ], [ -3.6409, 41.00131 ], [ -3.64091, 41.00221 ], [ -3.6421, 41.0022 ], [ -3.64211, 41.0031 ], [ -3.64212, 41.004 ], [ -3.64331, 41.004 ], [ -3.6433, 41.0031 ], [ -3.64449, 41.00309 ], [ -3.64568, 41.00308 ], [ -3.64806, 41.00397 ], [ -3.64924, 41.00306 ], [ -3.64923, 41.00216 ], [ -3.65042, 41.00216 ], [ -3.65041, 41.00125 ], [ -3.6516, 41.00125 ], [ -3.65161, 41.00215 ], [ -3.6528, 41.00214 ], [ -3.65281, 41.00304 ], [ -3.65282, 41.00394 ], [ -3.65283, 41.00484 ], [ -3.65284, 41.00574 ], [ -3.65285, 41.00665 ], [ -3.65404, 41.00664 ], [ -3.65404, 41.00754 ], [ -3.65523, 41.00753 ], [ -3.65642, 41.00753 ], [ -3.65761, 41.00752 ], [ -3.65881, 41.00841 ], [ -3.66, 41.00841 ], [ -3.66001, 41.00931 ], [ -3.6612, 41.0093 ], [ -3.66239, 41.00929 ], [ -3.66239, 41.01019 ], [ -3.66358, 41.01019 ], [ -3.66477, 41.01018 ], [ -3.66596, 41.01017 ], [ -3.66597, 41.01107 ], [ -3.66716, 41.01107 ], [ -3.66717, 41.01197 ], [ -3.66836, 41.01196 ], [ -3.66837, 41.01286 ], [ -3.66957, 41.01376 ], [ -3.66958, 41.01466 ], [ -3.67076, 41.01465 ], [ -3.67077, 41.01555 ], [ -3.67078, 41.01645 ], [ -3.67079, 41.01735 ], [ -3.67198, 41.01735 ], [ -3.67199, 41.01825 ], [ -3.672, 41.01915 ], [ -3.67319, 41.01914 ], [ -3.6732, 41.02004 ], [ -3.67321, 41.02094 ], [ -3.67322, 41.02184 ], [ -3.67441, 41.02184 ], [ -3.67441, 41.02274 ], [ -3.6756, 41.02273 ], [ -3.6768, 41.02362 ], [ -3.678, 41.02452 ], [ -3.67801, 41.02542 ], [ -3.6792, 41.02541 ], [ -3.67921, 41.02631 ], [ -3.6816, 41.0272 ], [ -3.6828, 41.02809 ], [ -3.68399, 41.02899 ], [ -3.68518, 41.02898 ], [ -3.68637, 41.02897 ], [ -3.68756, 41.02896 ], [ -3.68757, 41.02986 ], [ -3.68878, 41.03166 ], [ -3.69838, 41.03971 ], [ -3.70684, 41.05137 ], [ -3.70686, 41.05407 ], [ -3.71048, 41.05855 ], [ -3.71288, 41.06034 ], [ -3.71648, 41.06302 ], [ -3.71887, 41.0639 ], [ -3.72006, 41.0639 ], [ -3.72007, 41.0648 ], [ -3.72126, 41.06479 ], [ -3.72008, 41.0657 ], [ -3.7201, 41.0675 ] ] ] ] } },
{ "type": "Feature", "properties": { "ine_code": "28065", "name": "Getafe" }, "geometry": { "type": "Polygon", "coordinates": [ [ [ -3.76013, 40.29971 ], [ -3.76132, 40.3015 ], [ -3.75665, 40.30424 ], [ -3.75432, 40.30695 ], [ -3.75083, 40.31058 ], [ -3.74851, 40.3133 ], [ -3.74502, 40.31692 ], [ -3.74388, 40.32054 ], [ -3.74274, 40.32325 ], [ -3.74158, 40.32505 ], [ -3.73807, 40.32688 ], [ -3.73573, 40.3287 ], [ -3.73223, 40.33142 ], [ -3.72521, 40.33507 ], [ -3.72401, 40.33327 ], [ -3.72045, 40.33059 ], [ -3.71454, 40.32793 ], [ -3.71333, 40.32523 ], [ -3.71213, 40.32344 ], [ -3.70978, 40.32345 ], [ -3.7086, 40.32346 ], [ -3.7027, 40.32169 ], [ -3.69918, 40.32262 ], [ -3.69565, 40.32264 ], [ -3.69326, 40.31995 ], [ -3.69209, 40.31996 ], [ -3.6921, 40.32086 ], [ -3.69092, 40.32086 ], [ -3.68975, 40.32177 ], [ -3.68858, 40.32178 ], [ -3.6874, 40.32179 ], [ -3.68622, 40.32179 ], [ -3.68504, 40.3218 ], [ -3.68505, 40.3227 ], [ -3.68388, 40.32271 ], [ -3.68389, 40.32361 ], [ -3.68271, 40.32362 ], [ -3.68153, 40.32362 ], [ -3.68154, 40.32452 ], [ -3.68036, 40.32453 ], [ -3.68037, 40.32543 ], [ -3.68038, 40.32633 ], [ -3.6792, 40.32634 ], [ -3.67803, 40.32635 ], [ -3.67685, 40.32635 ], [ -3.67567, 40.32636 ], [ -3.6745, 40.32637 ], [ -3.67331, 40.32547 ], [ -3.67213, 40.32548 ], [ -3.67096, 40.32549 ], [ -3.67095, 40.32459 ], [ -3.66977, 40.32459 ], [ -3.66978, 40.32549 ], [ -3.6686, 40.3255 ], [ -3.66743, 40.32551 ], [ -3.66743, 40.32641 ], [ -3.66744, 40.32731 ], [ -3.66627, 40.32732 ], [ -3.66627, 40.32822 ], [ -3.6651, 40.32822 ], [ -3.66393, 40.32913 ], [ -3.66275, 40.32914 ], [ -3.66274, 40.32824 ], [ -3.66157, 40.32824 ], [ -3.66156, 40.32734 ], [ -3.66038, 40.32735 ], [ -3.66039, 40.32825 ], [ -3.65452, 40.33008 ], [ -3.64983, 40.33191 ], [ -3.64984, 40.33281 ], [ -3.64866, 40.33282 ], [ -3.64748, 40.33283 ], [ -3.64748, 40.33193 ], [ -3.6463, 40.33193 ], [ -3.64629, 40.33103 ], [ -3.64511, 40.33104 ], [ -3.64394, 40.33105 ], [ -3.64393, 40.33014 ], [ -3.64392, 40.32924 ], [ -3.64274, 40.32925 ], [ -3.64156, 40.32836 ], [ -3.64038, 40.32836 ], [ -3.64037, 40.32746 ], [ -3.63919, 40.32747 ], [ -3.63918, 40.32657 ], [ -3.63801, 40.32657 ], [ -3.638, 40.32567 ], [ -3.63682, 40.32568 ], [ -3.63564, 40.32478 ], [ -3.63563, 40.32388 ], [ -3.63445, 40.32389 ], [ -3.63444, 40.32299 ], [ -3.63327, 40.323 ], [ -3.63326, 40.3221 ], [ -3.63208, 40.3221 ], [ -3.63207, 40.3212 ], [ -3.63089, 40.32121 ], [ -3.63089, 40.32031 ], [ -3.62971, 40.32031 ], [ -3.62853, 40.32032 ], [ -3.62852, 40.31942 ], [ -3.62735, 40.31942 ], [ -3.62617, 40.31943 ], [ -3.625, 40.32034 ], [ -3.62382, 40.31944 ], [ -3.62029, 40.31946 ], [ -3.61792, 40.31857 ], [ -3.61556, 40.31769 ], [ -3.61437, 40.31589 ], [ -3.61082, 40.31411 ], [ -3.60846, 40.31322 ], [ -3.60611, 40.31323 ], [ -3.60257, 40.31235 ], [ -3.60021, 40.31236 ], [ -3.59904, 40.31237 ], [ -3.59786, 40.31237 ], [ -3.59551, 40.31239 ], [ -3.59433, 40.31239 ], [ -3.59315, 40.3124 ], [ -3.58962, 40.31242 ], [ -3.58727, 40.31243 ], [ -3.5861, 40.31333 ], [ -3.58492, 40.31334 ], [ -3.58375, 40.31335 ], [ -3.58257, 40.31335 ], [ -3.58139, 40.31336 ], [ -3.58022, 40.31336 ], [ -3.58022, 40.31426 ], [ -3.57905, 40.31427 ], [ -3.57787, 40.31428 ], [ -3.5767, 40.31518 ], [ -3.57667, 40.31158 ], [ -3.57546, 40.30798 ], [ -3.57545, 40.30618 ], [ -3.57543, 40.30438 ], [ -3.5754, 40.30078 ], [ -3.5742, 40.29808 ], [ -3.57419, 40.29628 ], [ -3.573, 40.29538 ], [ -3.57299, 40.29448 ], [ -3.57182, 40.29449 ], [ -3.57181, 40.29359 ], [ -3.57063, 40.29269 ], [ -3.57062, 40.29179 ], [ -3.57061, 40.29089 ], [ -3.57179, 40.29088 ], [ -3.5706, 40.28999 ], [ -3.5706, 40.28909 ], [ -3.57059, 40.28819 ], [ -3.57176, 40.28818 ], [ -3.57176, 40.28728 ], [ -3.57293, 40.28727 ], [ -3.57294, 40.28817 ], [ -3.57412, 40.28817 ], [ -3.57411, 40.28727 ], [ -3.57529, 40.28726 ], [ -3.57529, 40.28816 ], [ -3.57647, 40.28816 ], [ -3.57646, 40.28726 ], [ -3.57764, 40.28725 ], [ -3.57881, 40.28634 ], [ -3.57998, 40.28634 ], [ -3.57999, 40.28724 ], [ -3.58117, 40.28723 ], [ -3.58116, 40.28633 ], [ -3.58115, 40.28543 ], [ -3.58233, 40.28542 ], [ -3.58351, 40.28542 ], [ -3.58468, 40.28541 ], [ -3.58467, 40.28451 ], [ -3.58586, 40.28541 ], [ -3.58703, 40.2845 ], [ -3.5882, 40.28449 ], [ -3.59172, 40.28358 ], [ -3.59291, 40.28447 ], [ -3.59409, 40.28536 ], [ -3.59645, 40.28535 ], [ -3.59642, 40.28265 ], [ -3.59639, 40.27905 ], [ -3.59637, 40.27634 ], [ -3.59517, 40.27455 ], [ -3.59634, 40.27364 ], [ -3.59751, 40.27273 ], [ -3.59868, 40.27183 ], [ -3.60338, 40.2709 ], [ -3.6069, 40.26998 ], [ -3.61159, 40.26906 ], [ -3.61277, 40.26905 ], [ -3.61511, 40.26814 ], [ -3.61746, 40.26722 ], [ -3.62333, 40.26629 ], [ -3.62218, 40.269 ], [ -3.62218, 40.2699 ], [ -3.62336, 40.2699 ], [ -3.62337, 40.2708 ], [ -3.62575, 40.27349 ], [ -3.62696, 40.27708 ], [ -3.62931, 40.27707 ], [ -3.63168, 40.27886 ], [ -3.63525, 40.28334 ], [ -3.63645, 40.28604 ], [ -3.63766, 40.28964 ], [ -3.63768, 40.29144 ], [ -3.63885, 40.29143 ], [ -3.64003, 40.29143 ], [ -3.64121, 40.29142 ], [ -3.64238, 40.29141 ], [ -3.64356, 40.29141 ], [ -3.64357, 40.29231 ], [ -3.64474, 40.2923 ], [ -3.64592, 40.29229 ], [ -3.64593, 40.2932 ], [ -3.64711, 40.29319 ], [ -3.6471, 40.29229 ], [ -3.64827, 40.29228 ], [ -3.64945, 40.29227 ], [ -3.65063, 40.29227 ], [ -3.6518, 40.29226 ], [ -3.65179, 40.29136 ], [ -3.65297, 40.29135 ], [ -3.65296, 40.29045 ], [ -3.65414, 40.29045 ], [ -3.65531, 40.28954 ], [ -3.65647, 40.28863 ], [ -3.65765, 40.28862 ], [ -3.65883, 40.28862 ], [ -3.66, 40.28861 ], [ -3.65999, 40.28771 ], [ -3.66117, 40.2877 ], [ -3.66235, 40.2877 ], [ -3.66234, 40.2868 ], [ -3.66233, 40.2859 ], [ -3.6635, 40.28499 ], [ -3.66466, 40.28408 ], [ -3.66584, 40.28407 ], [ -3.66583, 40.28317 ], [ -3.66701, 40.28317 ], [ -3.66819, 40.28316 ], [ -3.66818, 40.28226 ], [ -3.67052, 40.28134 ], [ -3.67169, 40.28044 ], [ -3.67168, 40.27953 ], [ -3.67285, 40.27953 ], [ -3.67285, 40.27863 ], [ -3.67284, 40.27773 ], [ -3.67401, 40.27772 ], [ -3.674, 40.27682 ], [ -3.67518, 40.27681 ], [ -3.67636, 40.2768 ], [ -3.67635, 40.2759 ], [ -3.67752, 40.2759 ], [ -3.6787, 40.27589 ], [ -3.67869, 40.27499 ], [ -3.67987, 40.27498 ], [ -3.67986, 40.27408 ], [ -3.68103, 40.27407 ], [ -3.68221, 40.27407 ], [ -3.68339, 40.27406 ], [ -3.68456, 40.27405 ], [ -3.68455, 40.27315 ], [ -3.68573, 40.27315 ], [ -3.68691, 40.27314 ], [ -3.68808, 40.27313 ], [ -3.68807, 40.27223 ], [ -3.68925, 40.27222 ], [ -3.68924, 40.27132 ], [ -3.69042, 40.27132 ], [ -3.69041, 40.27042 ], [ -3.69158, 40.27041 ], [ -3.69275, 40.2695 ], [ -3.69393, 40.26949 ], [ -3.69392, 40.26859 ], [ -3.69509, 40.26859 ], [ -3.69627, 40.26858 ], [ -3.69628, 40.26948 ], [ -3.69745, 40.26947 ], [ -3.69744, 40.26857 ], [ -3.69862, 40.26856 ], [ -3.69979, 40.26766 ], [ -3.70096, 40.26765 ], [ -3.70214, 40.26764 ], [ -3.70332, 40.26763 ], [ -3.70449, 40.26763 ], [ -3.70567, 40.26762 ], [ -3.70684, 40.26761 ], [ -3.70802, 40.26761 ], [ -3.70801, 40.26671 ], [ -3.70919, 40.2667 ], [ -3.71036, 40.26669 ], [ -3.71154, 40.26668 ], [ -3.71271, 40.26668 ], [ -3.71272, 40.26758 ], [ -3.7139, 40.26757 ], [ -3.71508, 40.26756 ], [ -3.71625, 40.26756 ], [ -3.71626, 40.26846 ], [ -3.71744, 40.26845 ], [ -3.71861, 40.26844 ], [ -3.7198, 40.26934 ], [ -3.71981, 40.27024 ], [ -3.72098, 40.27023 ], [ -3.72216, 40.27022 ], [ -3.72215, 40.26932 ], [ -3.72333, 40.26931 ], [ -3.72334, 40.27021 ], [ -3.72451, 40.27021 ], [ -3.72452, 40.27111 ], [ -3.7257, 40.2711 ], [ -3.72571, 40.272 ], [ -3.72688, 40.27199 ], [ -3.72806, 40.27199 ], [ -3.72807, 40.27289 ], [ -3.72924, 40.27198 ], [ -3.73041, 40.27197 ], [ -3.73042, 40.27287 ], [ -3.7316, 40.27287 ], [ -3.73159, 40.27196 ], [ -3.73276, 40.27196 ], [ -3.73394, 40.27195 ], [ -3.73512, 40.27194 ], [ -3.73629, 40.27193 ], [ -3.73746, 40.27103 ], [ -3.73981, 40.27101 ], [ -3.74099, 40.271 ], [ -3.74216, 40.271 ], [ -3.74334, 40.27099 ], [ -3.74335, 40.27189 ], [ -3.74453, 40.27188 ], [ -3.74454, 40.27278 ], [ -3.74571, 40.27277 ], [ -3.74689, 40.27277 ], [ -3.7469, 40.27367 ], [ -3.74807, 40.27366 ], [ -3.74808, 40.27456 ], [ -3.74809, 40.27546 ], [ -3.75046, 40.27635 ], [ -3.75163, 40.27634 ], [ -3.75282, 40.27723 ], [ -3.75517, 40.27722 ], [ -3.75519, 40.27902 ], [ -3.75639, 40.28081 ], [ -3.7564, 40.28171 ], [ -3.75759, 40.28351 ], [ -3.75761, 40.28531 ], [ -3.7588, 40.2862 ], [ -3.75882, 40.28801 ], [ -3.76002, 40.2898 ], [ -3.76003, 40.2907 ], [ -3.76122, 40.29249 ], [ -3.76124, 40.2943 ], [ -3.76013, 40.29971 ] ] ] } },
{ "type": "Feature", "properties": { "ine_code": "28066", "name": "Griñón" }, "geometry": { "type": "Polygon", "coordinates": [ [ [ -3.8828, 40.23217 ], [ -3.88281, 40.23307 ], [ -3.88163, 40.23308 ], [ -3.88046, 40.23309 ], [ -3.87928, 40.2331 ], [ -3.87927, 40.2322 ], [ -3.87926, 40.2313 ], [ -3.87808, 40.2313 ], [ -3.87807, 40.2304 ], [ -3.87806, 40.2295 ], [ -3.8757, 40.22862 ], [ -3.87099, 40.22775 ], [ -3.86744, 40.22598 ], [ -3.86631, 40.22959 ], [ -3.86398, 40.23141 ], [ -3.86279, 40.23052 ], [ -3.86165, 40.23323 ], [ -3.86048, 40.23324 ], [ -3.85698, 40.23597 ], [ -3.85583, 40.23778 ], [ -3.85348, 40.2378 ], [ -3.85112, 40.23691 ], [ -3.85111, 40.23601 ], [ -3.84876, 40.23603 ], [ -3.84757, 40.23514 ], [ -3.84521, 40.23425 ], [ -3.84285, 40.23337 ], [ -3.84283, 40.23247 ], [ -3.84165, 40.23158 ], [ -3.84045, 40.22978 ], [ -3.83928, 40.22979 ], [ -3.8381, 40.2298 ], [ -3.83575, 40.22982 ], [ -3.83105, 40.22985 ], [ -3.82987, 40.22986 ], [ -3.8275, 40.22807 ], [ -3.82279, 40.22721 ], [ -3.82161, 40.22721 ], [ -3.82045, 40.22812 ], [ -3.81927, 40.22813 ], [ -3.81812, 40.22994 ], [ -3.81692, 40.22815 ], [ -3.81457, 40.22817 ], [ -3.81342, 40.22998 ], [ -3.81108, 40.23089 ], [ -3.80872, 40.23001 ], [ -3.80753, 40.22912 ], [ -3.80752, 40.22821 ], [ -3.80751, 40.22731 ], [ -3.8075, 40.22641 ], [ -3.80632, 40.22642 ], [ -3.80631, 40.22552 ], [ -3.8063, 40.22462 ], [ -3.80629, 40.22372 ], [ -3.80512, 40.22373 ], [ -3.80511, 40.22283 ], [ -3.80509, 40.22193 ], [ -3.80392, 40.22193 ], [ -3.80391, 40.22103 ], [ -3.8039, 40.22013 ], [ -3.80389, 40.21923 ], [ -3.80388, 40.21833 ], [ -3.80505, 40.21832 ], [ -3.80504, 40.21742 ], [ -3.80621, 40.21651 ], [ -3.80619, 40.21561 ], [ -3.80737, 40.2156 ], [ -3.80736, 40.2147 ], [ -3.81086, 40.21288 ], [ -3.81204, 40.21287 ], [ -3.81203, 40.21197 ], [ -3.8132, 40.21196 ], [ -3.81437, 40.21105 ], [ -3.81553, 40.21014 ], [ -3.81552, 40.20924 ], [ -3.8167, 40.20923 ], [ -3.81668, 40.20833 ], [ -3.81786, 40.20832 ], [ -3.82135, 40.20559 ], [ -3.82253, 40.20559 ], [ -3.82605, 40.20556 ], [ -3.82603, 40.20376 ], [ -3.83072, 40.20282 ], [ -3.83307, 40.20281 ], [ -3.83541, 40.20189 ], [ -3.83894, 40.20277 ], [ -3.8413, 40.20365 ], [ -3.84248, 40.20364 ], [ -3.84365, 40.20363 ], [ -3.84481, 40.20182 ], [ -3.84715, 40.2018 ], [ -3.84832, 40.20089 ], [ -3.85067, 40.20088 ], [ -3.85301, 40.19996 ], [ -3.85536, 40.19994 ], [ -3.85771, 40.19992 ], [ -3.86004, 40.19901 ], [ -3.8624, 40.19989 ], [ -3.86477, 40.20077 ], [ -3.86595, 40.20167 ], [ -3.8671, 40.19985 ], [ -3.86947, 40.20074 ], [ -3.86948, 40.20164 ], [ -3.8683, 40.20165 ], [ -3.86714, 40.20256 ], [ -3.86596, 40.20257 ], [ -3.86598, 40.20347 ], [ -3.86718, 40.20616 ], [ -3.86721, 40.20796 ], [ -3.8696, 40.21155 ], [ -3.872, 40.21513 ], [ -3.87442, 40.22052 ], [ -3.8768, 40.22321 ], [ -3.878, 40.225 ], [ -3.88397, 40.23216 ], [ -3.8828, 40.23217 ] ] ] } },
{ "type": "Feature", "properties": { "ine_code": "28067", "name": "Guadalix de la Sierra" }, "geometry": { "type": "Polygon", "coordinates": [ [ [ -3.72191, 40.79724 ], [ -3.7219, 40.79634 ], [ -3.72072, 40.79635 ], [ -3.72071, 40.79545 ], [ -3.71952, 40.79545 ], [ -3.71951, 40.79455 ], [ -3.71714, 40.79457 ], [ -3.71596, 40.79458 ], [ -3.71597, 40.79548 ], [ -3.71478, 40.79548 ], [ -3.71479, 40.79638 ], [ -3.71361, 40.79639 ], [ -3.71362, 40.79729 ], [ -3.71243, 40.7973 ], [ -3.71125, 40.79731 ], [ -3.71126, 40.79821 ], [ -3.71007, 40.79822 ], [ -3.70889, 40.79822 ], [ -3.70771, 40.79913 ], [ -3.70652, 40.79914 ], [ -3.70534, 40.79915 ], [ -3.70415, 40.79915 ], [ -3.70297, 40.79916 ], [ -3.70298, 40.80006 ], [ -3.70179, 40.80007 ], [ -3.70061, 40.80008 ], [ -3.69825, 40.80099 ], [ -3.69706, 40.801 ], [ -3.6947, 40.80191 ], [ -3.69351, 40.80192 ], [ -3.69233, 40.80193 ], [ -3.69114, 40.80193 ], [ -3.69115, 40.80283 ], [ -3.68997, 40.80284 ], [ -3.68878, 40.80285 ], [ -3.6876, 40.80286 ], [ -3.68641, 40.80286 ], [ -3.68522, 40.80287 ], [ -3.68405, 40.80378 ], [ -3.68286, 40.80378 ], [ -3.68168, 40.80379 ], [ -3.68049, 40.8038 ], [ -3.67931, 40.80381 ], [ -3.6793, 40.80291 ], [ -3.67811, 40.80291 ], [ -3.67693, 40.80292 ], [ -3.67574, 40.80293 ], [ -3.67456, 40.80293 ], [ -3.67455, 40.80203 ], [ -3.67337, 40.80294 ], [ -3.671, 40.80295 ], [ -3.66981, 40.80296 ], [ -3.66863, 40.80297 ], [ -3.66744, 40.80297 ], [ -3.66626, 40.80298 ], [ -3.66627, 40.80388 ], [ -3.66508, 40.80389 ], [ -3.6639, 40.8039 ], [ -3.66271, 40.8039 ], [ -3.65916, 40.80482 ], [ -3.65798, 40.80483 ], [ -3.65679, 40.80484 ], [ -3.65204, 40.80396 ], [ -3.65083, 40.80127 ], [ -3.64961, 40.79767 ], [ -3.64721, 40.79498 ], [ -3.64482, 40.79229 ], [ -3.63885, 40.78872 ], [ -3.63409, 40.78605 ], [ -3.63289, 40.78515 ], [ -3.63288, 40.78335 ], [ -3.63169, 40.78336 ], [ -3.62694, 40.78248 ], [ -3.62576, 40.78249 ], [ -3.62457, 40.78249 ], [ -3.62339, 40.7825 ], [ -3.6234, 40.7834 ], [ -3.62221, 40.78341 ], [ -3.62103, 40.78432 ], [ -3.61986, 40.78522 ], [ -3.61867, 40.78523 ], [ -3.61749, 40.78524 ], [ -3.6163, 40.78524 ], [ -3.61512, 40.78525 ], [ -3.61393, 40.78525 ], [ -3.61275, 40.78526 ], [ -3.61039, 40.78617 ], [ -3.60916, 40.78168 ], [ -3.60914, 40.77987 ], [ -3.60913, 40.77897 ], [ -3.61031, 40.77807 ], [ -3.61266, 40.77535 ], [ -3.6162, 40.77443 ], [ -3.61857, 40.77442 ], [ -3.61975, 40.77351 ], [ -3.62093, 40.77351 ], [ -3.6233, 40.77259 ], [ -3.62566, 40.77168 ], [ -3.62803, 40.77167 ], [ -3.63156, 40.76894 ], [ -3.63155, 40.76804 ], [ -3.63271, 40.76624 ], [ -3.63151, 40.76444 ], [ -3.63387, 40.76263 ], [ -3.63504, 40.76172 ], [ -3.63739, 40.7599 ], [ -3.63619, 40.75811 ], [ -3.63973, 40.75629 ], [ -3.64209, 40.75537 ], [ -3.64326, 40.75447 ], [ -3.64562, 40.75265 ], [ -3.64796, 40.74994 ], [ -3.65267, 40.74721 ], [ -3.65266, 40.74631 ], [ -3.65736, 40.74268 ], [ -3.6609, 40.74085 ], [ -3.66089, 40.73995 ], [ -3.66325, 40.73904 ], [ -3.66679, 40.73812 ], [ -3.66914, 40.7363 ], [ -3.67032, 40.73539 ], [ -3.67267, 40.73358 ], [ -3.67385, 40.73267 ], [ -3.67382, 40.72997 ], [ -3.67499, 40.72906 ], [ -3.67617, 40.72815 ], [ -3.67735, 40.72815 ], [ -3.67736, 40.72905 ], [ -3.67855, 40.72904 ], [ -3.67973, 40.72903 ], [ -3.68091, 40.72903 ], [ -3.6821, 40.72902 ], [ -3.68211, 40.72992 ], [ -3.68329, 40.72991 ], [ -3.68448, 40.72991 ], [ -3.68566, 40.7299 ], [ -3.68684, 40.72989 ], [ -3.68683, 40.72899 ], [ -3.68802, 40.72898 ], [ -3.6892, 40.72898 ], [ -3.68919, 40.72808 ], [ -3.69038, 40.72807 ], [ -3.69039, 40.72897 ], [ -3.69157, 40.72896 ], [ -3.69158, 40.72986 ], [ -3.69276, 40.72986 ], [ -3.69395, 40.72985 ], [ -3.69513, 40.72984 ], [ -3.69512, 40.72894 ], [ -3.69631, 40.72893 ], [ -3.6963, 40.72803 ], [ -3.69748, 40.72803 ], [ -3.69747, 40.72713 ], [ -3.69866, 40.72712 ], [ -3.69865, 40.72622 ], [ -3.69983, 40.72621 ], [ -3.70102, 40.7262 ], [ -3.70219, 40.72529 ], [ -3.70337, 40.72529 ], [ -3.70457, 40.72618 ], [ -3.70574, 40.72527 ], [ -3.70693, 40.72527 ], [ -3.70694, 40.72617 ], [ -3.70695, 40.72707 ], [ -3.71053, 40.72975 ], [ -3.7237, 40.74318 ], [ -3.74171, 40.76559 ], [ -3.74409, 40.76647 ], [ -3.73701, 40.76922 ], [ -3.74063, 40.7746 ], [ -3.74066, 40.7773 ], [ -3.73717, 40.78363 ], [ -3.736, 40.78454 ], [ -3.73367, 40.78816 ], [ -3.73131, 40.78907 ], [ -3.72544, 40.79452 ], [ -3.7231, 40.79723 ], [ -3.72191, 40.79724 ] ] ] } },
{ "type": "Feature", "properties": { "ine_code": "28068", "name": "Guadarrama" }, "geometry": { "type": "Polygon", "coordinates": [ [ [ -4.16857, 40.64855 ], [ -4.16977, 40.64944 ], [ -4.16979, 40.65034 ], [ -4.16744, 40.65126 ], [ -4.16629, 40.65307 ], [ -4.1687, 40.65575 ], [ -4.16871, 40.65665 ], [ -4.16876, 40.65936 ], [ -4.16881, 40.66206 ], [ -4.16882, 40.66296 ], [ -4.17004, 40.66475 ], [ -4.17363, 40.66741 ], [ -4.1737, 40.67102 ], [ -4.17375, 40.67372 ], [ -4.17263, 40.67733 ], [ -4.17151, 40.68095 ], [ -4.16452, 40.68732 ], [ -4.15983, 40.69007 ], [ -4.15866, 40.69099 ], [ -4.15749, 40.6919 ], [ -4.15514, 40.69282 ], [ -4.15278, 40.69285 ], [ -4.15041, 40.69287 ], [ -4.14806, 40.6938 ], [ -4.14688, 40.69381 ], [ -4.14571, 40.69472 ], [ -4.14454, 40.69563 ], [ -4.14456, 40.69653 ], [ -4.14577, 40.69832 ], [ -4.1446, 40.69923 ], [ -4.14462, 40.70014 ], [ -4.14343, 40.70015 ], [ -4.14345, 40.70105 ], [ -4.1423, 40.70286 ], [ -4.14231, 40.70376 ], [ -4.14116, 40.70557 ], [ -4.14117, 40.70648 ], [ -4.14119, 40.70738 ], [ -4.14002, 40.70829 ], [ -4.14005, 40.71009 ], [ -4.13891, 40.7128 ], [ -4.13776, 40.71462 ], [ -4.13778, 40.71552 ], [ -4.13661, 40.71643 ], [ -4.13662, 40.71733 ], [ -4.13546, 40.71824 ], [ -4.13429, 40.71915 ], [ -4.13312, 40.72007 ], [ -4.13197, 40.72188 ], [ -4.13078, 40.72189 ], [ -4.1308, 40.72279 ], [ -4.12963, 40.7237 ], [ -4.12844, 40.72372 ], [ -4.12728, 40.72463 ], [ -4.12609, 40.72464 ], [ -4.12245, 40.71927 ], [ -4.12002, 40.71569 ], [ -4.12001, 40.71479 ], [ -4.11881, 40.7139 ], [ -4.11879, 40.713 ], [ -4.11878, 40.7121 ], [ -4.11758, 40.71121 ], [ -4.1152, 40.71033 ], [ -4.11518, 40.70943 ], [ -4.11398, 40.70854 ], [ -4.11278, 40.70765 ], [ -4.11159, 40.70676 ], [ -4.10917, 40.70408 ], [ -4.10561, 40.70322 ], [ -4.10442, 40.70323 ], [ -4.10206, 40.70325 ], [ -4.09851, 40.70329 ], [ -4.09852, 40.70419 ], [ -4.09734, 40.7042 ], [ -4.09735, 40.7051 ], [ -4.09737, 40.706 ], [ -4.09618, 40.70601 ], [ -4.0962, 40.70691 ], [ -4.09501, 40.70692 ], [ -4.09503, 40.70782 ], [ -4.09385, 40.70783 ], [ -4.09383, 40.70693 ], [ -4.09265, 40.70694 ], [ -4.09263, 40.70604 ], [ -4.09145, 40.70606 ], [ -4.08785, 40.70339 ], [ -4.08306, 40.69983 ], [ -4.08188, 40.69984 ], [ -4.0807, 40.69985 ], [ -4.08071, 40.70075 ], [ -4.08072, 40.70165 ], [ -4.08074, 40.70255 ], [ -4.07956, 40.70256 ], [ -4.07837, 40.70257 ], [ -4.07836, 40.70167 ], [ -4.07717, 40.70169 ], [ -4.07716, 40.70078 ], [ -4.07598, 40.7008 ], [ -4.07596, 40.69989 ], [ -4.07595, 40.69899 ], [ -4.07359, 40.69992 ], [ -4.07004, 40.69995 ], [ -4.06176, 40.70003 ], [ -4.05936, 40.69825 ], [ -4.05931, 40.69464 ], [ -4.05928, 40.69284 ], [ -4.05926, 40.69194 ], [ -4.05925, 40.69104 ], [ -4.05807, 40.69105 ], [ -4.05805, 40.69015 ], [ -4.05804, 40.68925 ], [ -4.05802, 40.68835 ], [ -4.05801, 40.68745 ], [ -4.058, 40.68655 ], [ -4.05798, 40.68565 ], [ -4.05797, 40.68475 ], [ -4.05795, 40.68385 ], [ -4.05794, 40.68295 ], [ -4.05792, 40.68204 ], [ -4.05791, 40.68114 ], [ -4.0579, 40.68024 ], [ -4.05788, 40.67934 ], [ -4.05668, 40.67845 ], [ -4.05667, 40.67755 ], [ -4.05666, 40.67665 ], [ -4.05547, 40.67666 ], [ -4.05546, 40.67576 ], [ -4.05544, 40.67486 ], [ -4.05543, 40.67396 ], [ -4.05542, 40.67306 ], [ -4.05423, 40.67307 ], [ -4.05422, 40.67217 ], [ -4.0542, 40.67127 ], [ -4.05419, 40.67037 ], [ -4.05301, 40.67038 ], [ -4.05299, 40.66948 ], [ -4.05298, 40.66858 ], [ -4.05296, 40.66768 ], [ -4.05411, 40.66496 ], [ -4.05292, 40.66497 ], [ -4.05173, 40.66408 ], [ -4.05054, 40.66409 ], [ -4.04935, 40.6632 ], [ -4.04816, 40.66322 ], [ -4.04698, 40.66323 ], [ -4.04697, 40.66233 ], [ -4.04578, 40.66234 ], [ -4.04694, 40.66052 ], [ -4.04811, 40.65961 ], [ -4.04691, 40.65872 ], [ -4.04687, 40.65602 ], [ -4.04567, 40.65513 ], [ -4.04447, 40.65424 ], [ -4.04326, 40.65245 ], [ -4.04088, 40.65157 ], [ -4.03966, 40.64888 ], [ -4.03727, 40.6471 ], [ -4.03606, 40.64531 ], [ -4.03366, 40.64353 ], [ -4.03009, 40.64176 ], [ -4.03007, 40.64086 ], [ -4.03005, 40.63906 ], [ -4.02763, 40.63547 ], [ -4.0264, 40.63278 ], [ -4.02991, 40.63005 ], [ -4.03109, 40.63004 ], [ -4.03227, 40.63003 ], [ -4.03345, 40.63002 ], [ -4.03229, 40.63093 ], [ -4.03116, 40.63454 ], [ -4.03117, 40.63544 ], [ -4.03119, 40.63634 ], [ -4.03121, 40.63814 ], [ -4.03123, 40.63904 ], [ -4.03242, 40.63994 ], [ -4.03483, 40.64262 ], [ -4.03603, 40.64351 ], [ -4.03722, 40.6444 ], [ -4.03842, 40.64529 ], [ -4.0408, 40.64617 ], [ -4.04198, 40.64616 ], [ -4.04436, 40.64703 ], [ -4.04674, 40.64791 ], [ -4.04913, 40.64969 ], [ -4.05032, 40.64968 ], [ -4.05151, 40.65057 ], [ -4.05272, 40.65236 ], [ -4.05274, 40.65326 ], [ -4.05392, 40.65325 ], [ -4.0551, 40.65324 ], [ -4.05512, 40.65414 ], [ -4.0563, 40.65413 ], [ -4.05748, 40.65412 ], [ -4.05867, 40.65411 ], [ -4.05985, 40.6541 ], [ -4.06102, 40.65319 ], [ -4.0622, 40.65318 ], [ -4.06337, 40.65227 ], [ -4.06455, 40.65226 ], [ -4.06572, 40.65134 ], [ -4.0669, 40.65133 ], [ -4.07042, 40.6495 ], [ -4.0716, 40.64949 ], [ -4.07397, 40.64947 ], [ -4.07635, 40.65034 ], [ -4.08344, 40.65028 ], [ -4.09527, 40.65017 ], [ -4.09765, 40.65104 ], [ -4.09883, 40.65103 ], [ -4.10001, 40.65102 ], [ -4.10003, 40.65192 ], [ -4.10121, 40.65191 ], [ -4.10239, 40.6519 ], [ -4.10358, 40.65189 ], [ -4.10596, 40.65277 ], [ -4.10715, 40.65366 ], [ -4.10834, 40.65365 ], [ -4.10952, 40.65363 ], [ -4.11072, 40.65452 ], [ -4.1119, 40.65451 ], [ -4.11307, 40.6536 ], [ -4.11425, 40.65359 ], [ -4.11543, 40.65358 ], [ -4.11542, 40.65268 ], [ -4.1166, 40.65266 ], [ -4.11897, 40.65264 ], [ -4.12135, 40.65352 ], [ -4.12371, 40.6535 ], [ -4.12489, 40.65348 ], [ -4.12491, 40.65439 ], [ -4.12727, 40.65436 ], [ -4.12846, 40.65435 ], [ -4.12966, 40.65524 ], [ -4.13084, 40.65523 ], [ -4.1332, 40.65521 ], [ -4.13437, 40.65429 ], [ -4.13555, 40.65428 ], [ -4.13909, 40.65335 ], [ -4.14027, 40.65333 ], [ -4.14145, 40.65332 ], [ -4.14262, 40.65241 ], [ -4.1438, 40.6524 ], [ -4.14498, 40.65239 ], [ -4.14617, 40.65237 ], [ -4.14735, 40.65236 ], [ -4.15088, 40.65143 ], [ -4.15206, 40.65142 ], [ -4.15323, 40.6505 ], [ -4.16031, 40.64953 ], [ -4.16149, 40.64952 ], [ -4.16503, 40.64858 ], [ -4.16621, 40.64857 ], [ -4.16737, 40.64766 ], [ -4.16857, 40.64855 ] ] ] } },
{ "type": "Feature", "properties": { "ine_code": "28069", "name": "La Hiruela" }, "geometry": { "type": "Polygon", "coordinates": [ [ [ -3.48563, 41.06873 ], [ -3.48564, 41.06963 ], [ -3.48445, 41.06963 ], [ -3.48326, 41.06964 ], [ -3.48326, 41.07054 ], [ -3.48207, 41.07054 ], [ -3.48088, 41.07055 ], [ -3.48089, 41.07145 ], [ -3.4797, 41.07145 ], [ -3.47971, 41.07235 ], [ -3.47971, 41.07326 ], [ -3.47972, 41.07416 ], [ -3.47973, 41.07506 ], [ -3.47973, 41.07596 ], [ -3.47974, 41.07686 ], [ -3.47855, 41.07686 ], [ -3.47856, 41.07776 ], [ -3.47856, 41.07866 ], [ -3.47976, 41.07956 ], [ -3.48096, 41.08046 ], [ -3.48096, 41.08136 ], [ -3.48097, 41.08226 ], [ -3.48217, 41.08315 ], [ -3.48336, 41.08315 ], [ -3.48336, 41.08405 ], [ -3.48455, 41.08404 ], [ -3.48456, 41.08495 ], [ -3.48457, 41.08585 ], [ -3.48457, 41.08675 ], [ -3.47865, 41.09038 ], [ -3.47511, 41.09489 ], [ -3.4751, 41.09399 ], [ -3.47509, 41.09309 ], [ -3.4739, 41.0931 ], [ -3.47271, 41.0931 ], [ -3.47152, 41.09311 ], [ -3.47152, 41.09221 ], [ -3.47033, 41.09221 ], [ -3.46914, 41.09222 ], [ -3.46913, 41.09132 ], [ -3.46794, 41.09132 ], [ -3.46675, 41.09132 ], [ -3.46674, 41.09042 ], [ -3.46555, 41.09043 ], [ -3.46435, 41.08953 ], [ -3.46316, 41.08954 ], [ -3.46197, 41.08954 ], [ -3.46197, 41.08864 ], [ -3.46078, 41.08865 ], [ -3.46077, 41.08775 ], [ -3.45958, 41.08775 ], [ -3.45839, 41.08776 ], [ -3.45838, 41.08685 ], [ -3.45719, 41.08686 ], [ -3.456, 41.08686 ], [ -3.45599, 41.08596 ], [ -3.45599, 41.08506 ], [ -3.45598, 41.08416 ], [ -3.45479, 41.08417 ], [ -3.45479, 41.08327 ], [ -3.45359, 41.08327 ], [ -3.45359, 41.08237 ], [ -3.4524, 41.08237 ], [ -3.45121, 41.08238 ], [ -3.4512, 41.08148 ], [ -3.45001, 41.08148 ], [ -3.45002, 41.08238 ], [ -3.44883, 41.08239 ], [ -3.44882, 41.08149 ], [ -3.44881, 41.08059 ], [ -3.44762, 41.08059 ], [ -3.44643, 41.0806 ], [ -3.44524, 41.0806 ], [ -3.44525, 41.0815 ], [ -3.44406, 41.08241 ], [ -3.44287, 41.08241 ], [ -3.44287, 41.08151 ], [ -3.44168, 41.08151 ], [ -3.44049, 41.08152 ], [ -3.44048, 41.08062 ], [ -3.43929, 41.08062 ], [ -3.4393, 41.08152 ], [ -3.4393, 41.08242 ], [ -3.43811, 41.08243 ], [ -3.43692, 41.08243 ], [ -3.43693, 41.08333 ], [ -3.43574, 41.08334 ], [ -3.43574, 41.08424 ], [ -3.43455, 41.08424 ], [ -3.43455, 41.08334 ], [ -3.43336, 41.08335 ], [ -3.43336, 41.08425 ], [ -3.43217, 41.08425 ], [ -3.43098, 41.08426 ], [ -3.43097, 41.08336 ], [ -3.42978, 41.08336 ], [ -3.42979, 41.08426 ], [ -3.4286, 41.08427 ], [ -3.42859, 41.08337 ], [ -3.4274, 41.08337 ], [ -3.42621, 41.08337 ], [ -3.42621, 41.08247 ], [ -3.42739, 41.08157 ], [ -3.42739, 41.08067 ], [ -3.42738, 41.07977 ], [ -3.42737, 41.07887 ], [ -3.42737, 41.07797 ], [ -3.42736, 41.07706 ], [ -3.42736, 41.07616 ], [ -3.42617, 41.07617 ], [ -3.42616, 41.07527 ], [ -3.42497, 41.07527 ], [ -3.42496, 41.07437 ], [ -3.42496, 41.07347 ], [ -3.42495, 41.07257 ], [ -3.42614, 41.07257 ], [ -3.42614, 41.07166 ], [ -3.42495, 41.07167 ], [ -3.42494, 41.07077 ], [ -3.42613, 41.07076 ], [ -3.42613, 41.06986 ], [ -3.42612, 41.06896 ], [ -3.42731, 41.06896 ], [ -3.4273, 41.06806 ], [ -3.42611, 41.06806 ], [ -3.42611, 41.06716 ], [ -3.4261, 41.06626 ], [ -3.4261, 41.06536 ], [ -3.42729, 41.06535 ], [ -3.42728, 41.06445 ], [ -3.42847, 41.06445 ], [ -3.42847, 41.06355 ], [ -3.42966, 41.06354 ], [ -3.42965, 41.06264 ], [ -3.43084, 41.06264 ], [ -3.43083, 41.06174 ], [ -3.43083, 41.06084 ], [ -3.43082, 41.05994 ], [ -3.43082, 41.05904 ], [ -3.43081, 41.05813 ], [ -3.432, 41.05813 ], [ -3.43199, 41.05723 ], [ -3.43318, 41.05723 ], [ -3.43318, 41.05632 ], [ -3.43437, 41.05632 ], [ -3.43436, 41.05542 ], [ -3.43436, 41.05452 ], [ -3.43555, 41.05451 ], [ -3.43554, 41.05361 ], [ -3.43553, 41.05271 ], [ -3.43553, 41.05181 ], [ -3.43552, 41.05091 ], [ -3.43552, 41.05001 ], [ -3.43433, 41.05001 ], [ -3.43432, 41.04911 ], [ -3.43551, 41.04911 ], [ -3.4367, 41.0482 ], [ -3.43669, 41.0473 ], [ -3.43788, 41.0473 ], [ -3.43787, 41.0464 ], [ -3.43906, 41.04549 ], [ -3.43905, 41.04459 ], [ -3.43904, 41.04369 ], [ -3.43904, 41.04279 ], [ -3.44142, 41.04368 ], [ -3.45813, 41.04992 ], [ -3.46763, 41.04808 ], [ -3.4653, 41.0553 ], [ -3.4665, 41.05619 ], [ -3.47247, 41.05977 ], [ -3.47488, 41.06337 ], [ -3.47846, 41.06515 ], [ -3.48085, 41.06604 ], [ -3.48203, 41.06514 ], [ -3.48322, 41.06423 ], [ -3.4856, 41.06422 ], [ -3.48563, 41.06873 ] ] ] } },
{ "type": "Feature", "properties": { "ine_code": "28070", "name": "Horcajo de la Sierra-Aoslos" }, "geometry": { "type": "Polygon", "coordinates": [ [ [ -3.60712, 41.07716 ], [ -3.60474, 41.07717 ], [ -3.60474, 41.07807 ], [ -3.60593, 41.07807 ], [ -3.60594, 41.07897 ], [ -3.60475, 41.07897 ], [ -3.60476, 41.07987 ], [ -3.60477, 41.08077 ], [ -3.60596, 41.08077 ], [ -3.60597, 41.08167 ], [ -3.60598, 41.08257 ], [ -3.60717, 41.08256 ], [ -3.60717, 41.08346 ], [ -3.60718, 41.08436 ], [ -3.60719, 41.08527 ], [ -3.6072, 41.08617 ], [ -3.60601, 41.08617 ], [ -3.60602, 41.08707 ], [ -3.60603, 41.08797 ], [ -3.60603, 41.08887 ], [ -3.60604, 41.08978 ], [ -3.60605, 41.09068 ], [ -3.60606, 41.09158 ], [ -3.60487, 41.09158 ], [ -3.60486, 41.09068 ], [ -3.60367, 41.09069 ], [ -3.60248, 41.09069 ], [ -3.60249, 41.0916 ], [ -3.6013, 41.0916 ], [ -3.60011, 41.09161 ], [ -3.60011, 41.09251 ], [ -3.6013, 41.0925 ], [ -3.60131, 41.0934 ], [ -3.60132, 41.0943 ], [ -3.60133, 41.0952 ], [ -3.60014, 41.09521 ], [ -3.60015, 41.09611 ], [ -3.59895, 41.09522 ], [ -3.59776, 41.09522 ], [ -3.59539, 41.09704 ], [ -3.59303, 41.09885 ], [ -3.59184, 41.09886 ], [ -3.59065, 41.09886 ], [ -3.58945, 41.09887 ], [ -3.58826, 41.09888 ], [ -3.58707, 41.09888 ], [ -3.58589, 41.09979 ], [ -3.5859, 41.10069 ], [ -3.58471, 41.1007 ], [ -3.58472, 41.1016 ], [ -3.58352, 41.1016 ], [ -3.58235, 41.10341 ], [ -3.5788, 41.10613 ], [ -3.57286, 41.10796 ], [ -3.56931, 41.11068 ], [ -3.56695, 41.1134 ], [ -3.56577, 41.1143 ], [ -3.56458, 41.11431 ], [ -3.56219, 41.11342 ], [ -3.55858, 41.10893 ], [ -3.55735, 41.10443 ], [ -3.55732, 41.10083 ], [ -3.5573, 41.09813 ], [ -3.55729, 41.09723 ], [ -3.55607, 41.09363 ], [ -3.55604, 41.09093 ], [ -3.55602, 41.08823 ], [ -3.55837, 41.08461 ], [ -3.55956, 41.0837 ], [ -3.55954, 41.0819 ], [ -3.56072, 41.0801 ], [ -3.56188, 41.07739 ], [ -3.56304, 41.07378 ], [ -3.56301, 41.07018 ], [ -3.563, 41.06928 ], [ -3.563, 41.06837 ], [ -3.56419, 41.06837 ], [ -3.56418, 41.06747 ], [ -3.56417, 41.06657 ], [ -3.56416, 41.06567 ], [ -3.56416, 41.06477 ], [ -3.56415, 41.06386 ], [ -3.56414, 41.06296 ], [ -3.56413, 41.06206 ], [ -3.56413, 41.06116 ], [ -3.56293, 41.06117 ], [ -3.56293, 41.06027 ], [ -3.56292, 41.05937 ], [ -3.56411, 41.05936 ], [ -3.56648, 41.05845 ], [ -3.56887, 41.05934 ], [ -3.57124, 41.05843 ], [ -3.5772, 41.0593 ], [ -3.58077, 41.05928 ], [ -3.58552, 41.05835 ], [ -3.58671, 41.05835 ], [ -3.5867, 41.05745 ], [ -3.5867, 41.05655 ], [ -3.58669, 41.05565 ], [ -3.58668, 41.05474 ], [ -3.58667, 41.05384 ], [ -3.58666, 41.05294 ], [ -3.58666, 41.05204 ], [ -3.58665, 41.05114 ], [ -3.58664, 41.05024 ], [ -3.58663, 41.04934 ], [ -3.58662, 41.04844 ], [ -3.58662, 41.04754 ], [ -3.58661, 41.04664 ], [ -3.5866, 41.04574 ], [ -3.58779, 41.04573 ], [ -3.58778, 41.04483 ], [ -3.58897, 41.04482 ], [ -3.58896, 41.04392 ], [ -3.59015, 41.04392 ], [ -3.59016, 41.04482 ], [ -3.59135, 41.04481 ], [ -3.59257, 41.04751 ], [ -3.59257, 41.04841 ], [ -3.59615, 41.04929 ], [ -3.59974, 41.05107 ], [ -3.60453, 41.05465 ], [ -3.60693, 41.05644 ], [ -3.60699, 41.06365 ], [ -3.60941, 41.06724 ], [ -3.60947, 41.07444 ], [ -3.60949, 41.07625 ], [ -3.60712, 41.07716 ] ] ] } },
{ "type": "Feature", "properties": { "ine_code": "28071", "name": "Horcajuelo de la Sierra" }, "geometry": { "type": "MultiPolygon", "coordinates": [ [ [ [ -3.55321, 41.03689 ], [ -3.55322, 41.03779 ], [ -3.55203, 41.0378 ], [ -3.55202, 41.0369 ], [ -3.55321, 41.03689 ] ] ], [ [ [ -3.55982, 41.11523 ], [ -3.55746, 41.11704 ], [ -3.55627, 41.11795 ], [ -3.5551, 41.12066 ], [ -3.55391, 41.12067 ], [ -3.55036, 41.12338 ], [ -3.54918, 41.12429 ], [ -3.54801, 41.127 ], [ -3.54803, 41.1288 ], [ -3.54803, 41.1297 ], [ -3.54805, 41.1324 ], [ -3.54807, 41.13421 ], [ -3.54689, 41.13511 ], [ -3.54211, 41.13423 ], [ -3.53613, 41.13156 ], [ -3.53376, 41.13247 ], [ -3.52658, 41.1289 ], [ -3.52296, 41.12351 ], [ -3.52174, 41.11901 ], [ -3.52292, 41.11811 ], [ -3.52409, 41.1154 ], [ -3.52523, 41.10909 ], [ -3.52272, 41.09289 ], [ -3.52386, 41.08567 ], [ -3.52504, 41.08477 ], [ -3.52856, 41.07845 ], [ -3.52973, 41.07574 ], [ -3.53913, 41.06128 ], [ -3.54032, 41.06038 ], [ -3.5403, 41.05857 ], [ -3.54148, 41.05677 ], [ -3.54146, 41.05497 ], [ -3.54144, 41.05226 ], [ -3.54262, 41.05136 ], [ -3.54261, 41.05046 ], [ -3.54379, 41.04865 ], [ -3.54498, 41.04864 ], [ -3.54497, 41.04774 ], [ -3.54496, 41.04684 ], [ -3.54615, 41.04684 ], [ -3.54734, 41.04683 ], [ -3.54734, 41.04593 ], [ -3.54733, 41.04503 ], [ -3.54614, 41.04503 ], [ -3.54613, 41.04413 ], [ -3.54732, 41.04413 ], [ -3.5497, 41.04412 ], [ -3.54969, 41.04322 ], [ -3.5485, 41.04322 ], [ -3.54731, 41.04323 ], [ -3.54731, 41.04233 ], [ -3.5485, 41.04232 ], [ -3.54849, 41.04142 ], [ -3.54848, 41.04052 ], [ -3.54967, 41.04051 ], [ -3.54966, 41.03961 ], [ -3.55085, 41.03961 ], [ -3.55085, 41.03871 ], [ -3.55204, 41.0387 ], [ -3.55204, 41.0396 ], [ -3.55205, 41.0405 ], [ -3.55206, 41.0414 ], [ -3.55207, 41.0423 ], [ -3.55207, 41.0432 ], [ -3.55208, 41.04411 ], [ -3.55089, 41.04411 ], [ -3.5509, 41.04501 ], [ -3.55091, 41.04591 ], [ -3.5521, 41.04591 ], [ -3.55329, 41.0468 ], [ -3.55448, 41.0468 ], [ -3.55449, 41.0477 ], [ -3.55568, 41.04769 ], [ -3.55687, 41.04769 ], [ -3.55806, 41.04768 ], [ -3.55807, 41.04858 ], [ -3.55926, 41.04857 ], [ -3.56045, 41.04857 ], [ -3.56164, 41.04856 ], [ -3.56165, 41.04946 ], [ -3.56165, 41.05036 ], [ -3.56166, 41.05127 ], [ -3.56167, 41.05217 ], [ -3.56168, 41.05307 ], [ -3.56287, 41.05396 ], [ -3.56288, 41.05486 ], [ -3.56289, 41.05576 ], [ -3.5629, 41.05666 ], [ -3.5629, 41.05757 ], [ -3.56291, 41.05847 ], [ -3.56292, 41.05937 ], [ -3.56293, 41.06027 ], [ -3.56293, 41.06117 ], [ -3.56413, 41.06116 ], [ -3.56413, 41.06206 ], [ -3.56414, 41.06296 ], [ -3.56415, 41.06386 ], [ -3.56416, 41.06477 ], [ -3.56416, 41.06567 ], [ -3.56417, 41.06657 ], [ -3.56418, 41.06747 ], [ -3.56419, 41.06837 ], [ -3.563, 41.06837 ], [ -3.563, 41.06928 ], [ -3.56301, 41.07018 ], [ -3.56304, 41.07378 ], [ -3.56188, 41.07739 ], [ -3.56072, 41.0801 ], [ -3.55954, 41.0819 ], [ -3.55956, 41.0837 ], [ -3.55837, 41.08461 ], [ -3.55602, 41.08823 ], [ -3.55604, 41.09093 ], [ -3.55607, 41.09363 ], [ -3.55729, 41.09723 ], [ -3.5573, 41.09813 ], [ -3.55732, 41.10083 ], [ -3.55735, 41.10443 ], [ -3.55858, 41.10893 ], [ -3.56219, 41.11342 ], [ -3.56458, 41.11431 ], [ -3.56221, 41.11522 ], [ -3.55982, 41.11523 ] ] ] ] } },
{ "type": "Feature", "properties": { "ine_code": "28072", "name": "Hoyo de Manzanares" }, "geometry": { "type": "Polygon", "coordinates": [ [ [ -3.9526, 40.59828 ], [ -3.95143, 40.59919 ], [ -3.95026, 40.6001 ], [ -3.95029, 40.6019 ], [ -3.94913, 40.60371 ], [ -3.94914, 40.60462 ], [ -3.94799, 40.60643 ], [ -3.94683, 40.60824 ], [ -3.94684, 40.60914 ], [ -3.94687, 40.61094 ], [ -3.9457, 40.61185 ], [ -3.94453, 40.61276 ], [ -3.94454, 40.61366 ], [ -3.94455, 40.61456 ], [ -3.9434, 40.61637 ], [ -3.94223, 40.61728 ], [ -3.94225, 40.61909 ], [ -3.94108, 40.62 ], [ -3.93991, 40.62091 ], [ -3.93993, 40.62181 ], [ -3.93758, 40.62273 ], [ -3.93759, 40.62363 ], [ -3.93524, 40.62455 ], [ -3.93407, 40.62546 ], [ -3.93291, 40.62727 ], [ -3.93174, 40.62818 ], [ -3.93057, 40.62909 ], [ -3.9294, 40.63 ], [ -3.92822, 40.63001 ], [ -3.92823, 40.63091 ], [ -3.92706, 40.63182 ], [ -3.9259, 40.63363 ], [ -3.92472, 40.63364 ], [ -3.92473, 40.63454 ], [ -3.92356, 40.63545 ], [ -3.92239, 40.63636 ], [ -3.92241, 40.63726 ], [ -3.92124, 40.63817 ], [ -3.92007, 40.63908 ], [ -3.91888, 40.63909 ], [ -3.91771, 40.64 ], [ -3.91535, 40.64002 ], [ -3.91418, 40.64093 ], [ -3.91301, 40.64184 ], [ -3.91064, 40.64186 ], [ -3.90829, 40.64278 ], [ -3.9036, 40.64552 ], [ -3.90124, 40.64644 ], [ -3.8989, 40.64826 ], [ -3.89655, 40.64918 ], [ -3.8942, 40.6501 ], [ -3.89303, 40.65101 ], [ -3.89184, 40.65102 ], [ -3.89067, 40.65193 ], [ -3.88949, 40.65193 ], [ -3.88831, 40.65194 ], [ -3.88595, 40.65286 ], [ -3.88358, 40.65198 ], [ -3.88239, 40.65199 ], [ -3.88003, 40.65201 ], [ -3.87647, 40.65113 ], [ -3.87646, 40.65023 ], [ -3.87526, 40.64934 ], [ -3.87407, 40.64845 ], [ -3.87287, 40.64756 ], [ -3.87169, 40.64757 ], [ -3.86931, 40.64668 ], [ -3.86813, 40.64669 ], [ -3.86575, 40.64581 ], [ -3.86457, 40.64582 ], [ -3.86456, 40.64492 ], [ -3.86337, 40.64403 ], [ -3.86217, 40.64313 ], [ -3.86099, 40.64314 ], [ -3.85979, 40.64225 ], [ -3.85977, 40.64045 ], [ -3.85976, 40.63955 ], [ -3.85857, 40.63866 ], [ -3.85854, 40.63685 ], [ -3.85734, 40.63506 ], [ -3.85614, 40.63417 ], [ -3.85494, 40.63238 ], [ -3.85491, 40.63058 ], [ -3.8549, 40.62967 ], [ -3.85488, 40.62787 ], [ -3.85369, 40.62698 ], [ -3.85366, 40.62518 ], [ -3.85365, 40.62428 ], [ -3.85363, 40.62248 ], [ -3.85244, 40.62159 ], [ -3.85242, 40.62068 ], [ -3.8524, 40.61888 ], [ -3.85239, 40.61798 ], [ -3.85238, 40.61708 ], [ -3.85237, 40.61618 ], [ -3.85117, 40.61529 ], [ -3.85115, 40.61349 ], [ -3.85113, 40.61169 ], [ -3.84993, 40.61079 ], [ -3.84875, 40.6108 ], [ -3.8464, 40.61172 ], [ -3.84522, 40.61173 ], [ -3.84521, 40.61083 ], [ -3.84519, 40.60993 ], [ -3.84518, 40.60903 ], [ -3.84517, 40.60813 ], [ -3.84515, 40.60632 ], [ -3.84514, 40.60542 ], [ -3.84512, 40.60362 ], [ -3.8451, 40.60272 ], [ -3.84509, 40.60182 ], [ -3.84388, 40.59913 ], [ -3.84387, 40.59823 ], [ -3.84265, 40.59553 ], [ -3.84263, 40.59373 ], [ -3.84262, 40.59283 ], [ -3.8438, 40.59282 ], [ -3.84379, 40.59192 ], [ -3.84497, 40.59191 ], [ -3.84614, 40.591 ], [ -3.84732, 40.59099 ], [ -3.8485, 40.59098 ], [ -3.84968, 40.59098 ], [ -3.84967, 40.59007 ], [ -3.85085, 40.59007 ], [ -3.85204, 40.59006 ], [ -3.85202, 40.58916 ], [ -3.85321, 40.58915 ], [ -3.85438, 40.58824 ], [ -3.85556, 40.58823 ], [ -3.85674, 40.58822 ], [ -3.85792, 40.58821 ], [ -3.8591, 40.5882 ], [ -3.86028, 40.58819 ], [ -3.86148, 40.58909 ], [ -3.86266, 40.58908 ], [ -3.86384, 40.58907 ], [ -3.86385, 40.58997 ], [ -3.86503, 40.58996 ], [ -3.86504, 40.59086 ], [ -3.86506, 40.59176 ], [ -3.86624, 40.59175 ], [ -3.86742, 40.59174 ], [ -3.8686, 40.59174 ], [ -3.86978, 40.59173 ], [ -3.87096, 40.59172 ], [ -3.87215, 40.59171 ], [ -3.87213, 40.59081 ], [ -3.87332, 40.5908 ], [ -3.8745, 40.59079 ], [ -3.87568, 40.59078 ], [ -3.87567, 40.58988 ], [ -3.87566, 40.58898 ], [ -3.87684, 40.58897 ], [ -3.87683, 40.58807 ], [ -3.87801, 40.58806 ], [ -3.87919, 40.58805 ], [ -3.87918, 40.58715 ], [ -3.88036, 40.58714 ], [ -3.88153, 40.58623 ], [ -3.88271, 40.58622 ], [ -3.8827, 40.58532 ], [ -3.88388, 40.58531 ], [ -3.88389, 40.58621 ], [ -3.88508, 40.58711 ], [ -3.88627, 40.5871 ], [ -3.88864, 40.58798 ], [ -3.88982, 40.58797 ], [ -3.89219, 40.58795 ], [ -3.89455, 40.58793 ], [ -3.89692, 40.58882 ], [ -3.89811, 40.58881 ], [ -3.89929, 40.5888 ], [ -3.90047, 40.58879 ], [ -3.90284, 40.58967 ], [ -3.90758, 40.59054 ], [ -3.90876, 40.59053 ], [ -3.91232, 40.5914 ], [ -3.9147, 40.59228 ], [ -3.91588, 40.59227 ], [ -3.91707, 40.59316 ], [ -3.91825, 40.59315 ], [ -3.9218, 40.59313 ], [ -3.92416, 40.59311 ], [ -3.92534, 40.5931 ], [ -3.92654, 40.59399 ], [ -3.92772, 40.59398 ], [ -3.9301, 40.59486 ], [ -3.93129, 40.59575 ], [ -3.93128, 40.59485 ], [ -3.93483, 40.59572 ], [ -3.9372, 40.5957 ], [ -3.93956, 40.59568 ], [ -3.94074, 40.59568 ], [ -3.94429, 40.59565 ], [ -3.94665, 40.59563 ], [ -3.94783, 40.59562 ], [ -3.95021, 40.5965 ], [ -3.95259, 40.59738 ], [ -3.9526, 40.59828 ] ] ] } },
{ "type": "Feature", "properties": { "ine_code": "28073", "name": "Humanes de Madrid" }, "geometry": { "type": "Polygon", "coordinates": [ [ [ -3.85113, 40.23781 ], [ -3.85231, 40.2378 ], [ -3.85232, 40.2387 ], [ -3.85233, 40.23961 ], [ -3.85234, 40.24051 ], [ -3.85235, 40.24141 ], [ -3.85354, 40.2423 ], [ -3.85355, 40.2432 ], [ -3.85356, 40.2441 ], [ -3.85357, 40.245 ], [ -3.85358, 40.2459 ], [ -3.85359, 40.2468 ], [ -3.85361, 40.2477 ], [ -3.85362, 40.24861 ], [ -3.85363, 40.24951 ], [ -3.85364, 40.25041 ], [ -3.85365, 40.25131 ], [ -3.85249, 40.25222 ], [ -3.8525, 40.25312 ], [ -3.85132, 40.25313 ], [ -3.85133, 40.25403 ], [ -3.85017, 40.25494 ], [ -3.85018, 40.25584 ], [ -3.85019, 40.25674 ], [ -3.84903, 40.25765 ], [ -3.84904, 40.25855 ], [ -3.84905, 40.25945 ], [ -3.84788, 40.26036 ], [ -3.8479, 40.26126 ], [ -3.84791, 40.26216 ], [ -3.84674, 40.26307 ], [ -3.84675, 40.26397 ], [ -3.84558, 40.26398 ], [ -3.84559, 40.26488 ], [ -3.84442, 40.26579 ], [ -3.84444, 40.26669 ], [ -3.84327, 40.2676 ], [ -3.84328, 40.2685 ], [ -3.84212, 40.26941 ], [ -3.84213, 40.27031 ], [ -3.84214, 40.27121 ], [ -3.84215, 40.27211 ], [ -3.84099, 40.27302 ], [ -3.841, 40.27392 ], [ -3.83983, 40.27483 ], [ -3.83984, 40.27573 ], [ -3.83985, 40.27663 ], [ -3.8375, 40.27665 ], [ -3.83633, 40.27666 ], [ -3.83515, 40.27667 ], [ -3.83397, 40.27668 ], [ -3.8328, 40.27669 ], [ -3.83162, 40.27669 ], [ -3.83045, 40.2767 ], [ -3.82927, 40.27671 ], [ -3.82928, 40.27761 ], [ -3.8281, 40.27762 ], [ -3.82693, 40.27763 ], [ -3.82575, 40.27764 ], [ -3.82458, 40.27765 ], [ -3.82456, 40.27674 ], [ -3.82339, 40.27675 ], [ -3.82221, 40.27676 ], [ -3.81986, 40.27678 ], [ -3.81868, 40.27679 ], [ -3.81751, 40.27679 ], [ -3.81633, 40.2768 ], [ -3.81516, 40.27681 ], [ -3.81398, 40.27682 ], [ -3.8128, 40.27683 ], [ -3.81163, 40.27684 ], [ -3.81045, 40.27684 ], [ -3.81043, 40.27504 ], [ -3.81042, 40.27414 ], [ -3.81039, 40.27144 ], [ -3.8092, 40.27055 ], [ -3.80918, 40.26874 ], [ -3.80797, 40.26605 ], [ -3.80794, 40.26335 ], [ -3.80673, 40.26065 ], [ -3.80552, 40.25796 ], [ -3.80314, 40.25527 ], [ -3.80192, 40.25168 ], [ -3.80072, 40.24988 ], [ -3.8007, 40.24808 ], [ -3.7995, 40.24629 ], [ -3.7983, 40.24359 ], [ -3.79709, 40.2409 ], [ -3.79589, 40.23911 ], [ -3.79823, 40.23819 ], [ -3.80176, 40.23817 ], [ -3.80175, 40.23726 ], [ -3.80291, 40.23636 ], [ -3.8029, 40.23545 ], [ -3.80407, 40.23455 ], [ -3.80406, 40.23364 ], [ -3.80521, 40.23183 ], [ -3.80638, 40.23093 ], [ -3.80753, 40.22912 ], [ -3.80872, 40.23001 ], [ -3.81108, 40.23089 ], [ -3.81342, 40.22998 ], [ -3.81457, 40.22817 ], [ -3.81692, 40.22815 ], [ -3.81812, 40.22994 ], [ -3.81927, 40.22813 ], [ -3.82045, 40.22812 ], [ -3.82161, 40.22721 ], [ -3.82279, 40.22721 ], [ -3.8275, 40.22807 ], [ -3.82987, 40.22986 ], [ -3.83105, 40.22985 ], [ -3.83575, 40.22982 ], [ -3.8381, 40.2298 ], [ -3.83928, 40.22979 ], [ -3.84045, 40.22978 ], [ -3.84165, 40.23158 ], [ -3.84283, 40.23247 ], [ -3.84285, 40.23337 ], [ -3.84521, 40.23425 ], [ -3.84757, 40.23514 ], [ -3.84876, 40.23603 ], [ -3.85111, 40.23601 ], [ -3.85112, 40.23691 ], [ -3.85113, 40.23781 ] ] ] } },
{ "type": "Feature", "properties": { "ine_code": "28074", "name": "Leganés" }, "geometry": { "type": "Polygon", "coordinates": [ [ [ -3.81814, 40.32904 ], [ -3.81815, 40.32994 ], [ -3.81698, 40.33085 ], [ -3.81582, 40.33176 ], [ -3.81232, 40.33449 ], [ -3.81115, 40.3354 ], [ -3.80997, 40.33541 ], [ -3.80998, 40.33631 ], [ -3.80881, 40.33632 ], [ -3.80882, 40.33722 ], [ -3.80764, 40.33723 ], [ -3.80765, 40.33813 ], [ -3.80647, 40.33813 ], [ -3.80296, 40.33996 ], [ -3.80063, 40.34178 ], [ -3.80181, 40.34177 ], [ -3.8054, 40.34715 ], [ -3.79841, 40.35351 ], [ -3.7996, 40.3544 ], [ -3.80079, 40.35529 ], [ -3.80197, 40.35528 ], [ -3.80198, 40.35618 ], [ -3.80081, 40.35709 ], [ -3.79963, 40.3571 ], [ -3.79845, 40.35621 ], [ -3.79727, 40.35622 ], [ -3.7961, 40.35713 ], [ -3.79492, 40.35713 ], [ -3.79375, 40.35714 ], [ -3.79257, 40.35715 ], [ -3.79258, 40.35805 ], [ -3.7914, 40.35806 ], [ -3.79022, 40.35807 ], [ -3.78905, 40.35807 ], [ -3.78788, 40.35898 ], [ -3.7867, 40.35899 ], [ -3.78552, 40.359 ], [ -3.78553, 40.3599 ], [ -3.78436, 40.35991 ], [ -3.78437, 40.36081 ], [ -3.78319, 40.36082 ], [ -3.78201, 40.36083 ], [ -3.78202, 40.36173 ], [ -3.78085, 40.36173 ], [ -3.7773, 40.36086 ], [ -3.77377, 40.36088 ], [ -3.77258, 40.35999 ], [ -3.7714, 40.36 ], [ -3.76668, 40.35913 ], [ -3.76196, 40.35826 ], [ -3.75724, 40.35739 ], [ -3.7549, 40.3583 ], [ -3.7502, 40.35923 ], [ -3.74667, 40.36016 ], [ -3.74314, 40.36018 ], [ -3.73844, 40.36111 ], [ -3.73375, 40.36294 ], [ -3.73022, 40.36297 ], [ -3.7267, 40.36479 ], [ -3.72318, 40.36571 ], [ -3.72082, 40.36573 ], [ -3.72079, 40.36302 ], [ -3.72192, 40.35851 ], [ -3.72188, 40.35401 ], [ -3.72297, 40.34589 ], [ -3.72411, 40.34228 ], [ -3.72407, 40.33868 ], [ -3.72521, 40.33507 ], [ -3.73223, 40.33142 ], [ -3.73573, 40.3287 ], [ -3.73807, 40.32688 ], [ -3.74158, 40.32505 ], [ -3.74274, 40.32325 ], [ -3.74388, 40.32054 ], [ -3.74502, 40.31692 ], [ -3.74851, 40.3133 ], [ -3.75083, 40.31058 ], [ -3.75432, 40.30695 ], [ -3.75665, 40.30424 ], [ -3.76132, 40.3015 ], [ -3.76013, 40.29971 ], [ -3.76124, 40.2943 ], [ -3.76242, 40.29429 ], [ -3.7636, 40.29428 ], [ -3.76477, 40.29427 ], [ -3.76596, 40.29517 ], [ -3.76714, 40.29516 ], [ -3.76713, 40.29426 ], [ -3.7683, 40.29425 ], [ -3.76948, 40.29424 ], [ -3.77066, 40.29423 ], [ -3.77064, 40.29333 ], [ -3.77182, 40.29332 ], [ -3.773, 40.29332 ], [ -3.77299, 40.29242 ], [ -3.77416, 40.29241 ], [ -3.77771, 40.29419 ], [ -3.7789, 40.29508 ], [ -3.78009, 40.29597 ], [ -3.78008, 40.29507 ], [ -3.78125, 40.29506 ], [ -3.78126, 40.29596 ], [ -3.78244, 40.29596 ], [ -3.78362, 40.29595 ], [ -3.78479, 40.29594 ], [ -3.78597, 40.29593 ], [ -3.78715, 40.29592 ], [ -3.78716, 40.29683 ], [ -3.78833, 40.29682 ], [ -3.78951, 40.29681 ], [ -3.79069, 40.2968 ], [ -3.79187, 40.29769 ], [ -3.7954, 40.29767 ], [ -3.79777, 40.29855 ], [ -3.79894, 40.29855 ], [ -3.80365, 40.29851 ], [ -3.80602, 40.3003 ], [ -3.80721, 40.30119 ], [ -3.80958, 40.30208 ], [ -3.81195, 40.30386 ], [ -3.81196, 40.30476 ], [ -3.81197, 40.30566 ], [ -3.81316, 40.30656 ], [ -3.81317, 40.30746 ], [ -3.81318, 40.30836 ], [ -3.81319, 40.30926 ], [ -3.8132, 40.31016 ], [ -3.81321, 40.31106 ], [ -3.81322, 40.31196 ], [ -3.81323, 40.31286 ], [ -3.81325, 40.31376 ], [ -3.81326, 40.31466 ], [ -3.81327, 40.31556 ], [ -3.81328, 40.31646 ], [ -3.81445, 40.31646 ], [ -3.81447, 40.31736 ], [ -3.81448, 40.31826 ], [ -3.81566, 40.31915 ], [ -3.81567, 40.32005 ], [ -3.81569, 40.32095 ], [ -3.8157, 40.32185 ], [ -3.81687, 40.32185 ], [ -3.81688, 40.32275 ], [ -3.8169, 40.32365 ], [ -3.81691, 40.32455 ], [ -3.81692, 40.32545 ], [ -3.8181, 40.32634 ], [ -3.81812, 40.32724 ], [ -3.81813, 40.32814 ], [ -3.81814, 40.32904 ] ] ] } },
{ "type": "Feature", "properties": { "ine_code": "28075", "name": "Loeches" }, "geometry": { "type": "Polygon", "coordinates": [ [ [ -3.46422, 40.38956 ], [ -3.46186, 40.38867 ], [ -3.46068, 40.38868 ], [ -3.45951, 40.38958 ], [ -3.45834, 40.39049 ], [ -3.45835, 40.39139 ], [ -3.45601, 40.3941 ], [ -3.45482, 40.39321 ], [ -3.4513, 40.39502 ], [ -3.44894, 40.39503 ], [ -3.45014, 40.39773 ], [ -3.44779, 40.39864 ], [ -3.44545, 40.40135 ], [ -3.44427, 40.40045 ], [ -3.44428, 40.40226 ], [ -3.44193, 40.40317 ], [ -3.44193, 40.40407 ], [ -3.44076, 40.40497 ], [ -3.44077, 40.40677 ], [ -3.44196, 40.40857 ], [ -3.44079, 40.40948 ], [ -3.4408, 40.41038 ], [ -3.44081, 40.41218 ], [ -3.43963, 40.41218 ], [ -3.43492, 40.4131 ], [ -3.4314, 40.41582 ], [ -3.4326, 40.41942 ], [ -3.43261, 40.42122 ], [ -3.43499, 40.42391 ], [ -3.43619, 40.42751 ], [ -3.43858, 40.43201 ], [ -3.43622, 40.43202 ], [ -3.43385, 40.43022 ], [ -3.43029, 40.42663 ], [ -3.42674, 40.42484 ], [ -3.42556, 40.42485 ], [ -3.42203, 40.42486 ], [ -3.42084, 40.42397 ], [ -3.41496, 40.42489 ], [ -3.4126, 40.4249 ], [ -3.41142, 40.4258 ], [ -3.40905, 40.42311 ], [ -3.40668, 40.42131 ], [ -3.40548, 40.41681 ], [ -3.4031, 40.41412 ], [ -3.40191, 40.41232 ], [ -3.4019, 40.41052 ], [ -3.39953, 40.40782 ], [ -3.39715, 40.40423 ], [ -3.39478, 40.40244 ], [ -3.39241, 40.39974 ], [ -3.38885, 40.39525 ], [ -3.38648, 40.39255 ], [ -3.38411, 40.38986 ], [ -3.38292, 40.38896 ], [ -3.38056, 40.38717 ], [ -3.37937, 40.38537 ], [ -3.37936, 40.38357 ], [ -3.37699, 40.38087 ], [ -3.3758, 40.37998 ], [ -3.37462, 40.37818 ], [ -3.37106, 40.37459 ], [ -3.3687, 40.37279 ], [ -3.36516, 40.3719 ], [ -3.36398, 40.37191 ], [ -3.36279, 40.37011 ], [ -3.36044, 40.37102 ], [ -3.35926, 40.37012 ], [ -3.35572, 40.36833 ], [ -3.35335, 40.36743 ], [ -3.35217, 40.36654 ], [ -3.35335, 40.36563 ], [ -3.35568, 40.36202 ], [ -3.36157, 40.362 ], [ -3.36628, 40.36109 ], [ -3.36745, 40.36108 ], [ -3.37216, 40.36017 ], [ -3.37217, 40.36107 ], [ -3.37217, 40.36197 ], [ -3.37453, 40.36286 ], [ -3.37689, 40.36285 ], [ -3.37924, 40.36285 ], [ -3.38041, 40.36194 ], [ -3.38277, 40.36193 ], [ -3.38276, 40.36103 ], [ -3.38394, 40.36103 ], [ -3.38512, 40.36103 ], [ -3.38512, 40.36013 ], [ -3.38629, 40.36012 ], [ -3.38747, 40.36012 ], [ -3.38865, 40.36011 ], [ -3.38864, 40.35921 ], [ -3.38982, 40.35921 ], [ -3.391, 40.3592 ], [ -3.39218, 40.3592 ], [ -3.39335, 40.3592 ], [ -3.39336, 40.3601 ], [ -3.39454, 40.36009 ], [ -3.39806, 40.35918 ], [ -3.40041, 40.35737 ], [ -3.40276, 40.35646 ], [ -3.40394, 40.35646 ], [ -3.40393, 40.35466 ], [ -3.4051, 40.35375 ], [ -3.40863, 40.35284 ], [ -3.4098, 40.35193 ], [ -3.41333, 40.35192 ], [ -3.41569, 40.35191 ], [ -3.42039, 40.35099 ], [ -3.42627, 40.35007 ], [ -3.42628, 40.35097 ], [ -3.43217, 40.35185 ], [ -3.4357, 40.35184 ], [ -3.43688, 40.35183 ], [ -3.43805, 40.35093 ], [ -3.43923, 40.35092 ], [ -3.43922, 40.35002 ], [ -3.4404, 40.35002 ], [ -3.44158, 40.35001 ], [ -3.44275, 40.34911 ], [ -3.4451, 40.3482 ], [ -3.44744, 40.34549 ], [ -3.45213, 40.34277 ], [ -3.45331, 40.34366 ], [ -3.45332, 40.34546 ], [ -3.45335, 40.34907 ], [ -3.45337, 40.35267 ], [ -3.45104, 40.35538 ], [ -3.45104, 40.35628 ], [ -3.45105, 40.35718 ], [ -3.45105, 40.35808 ], [ -3.45223, 40.35808 ], [ -3.45224, 40.35898 ], [ -3.45342, 40.35988 ], [ -3.45461, 40.36167 ], [ -3.45581, 40.36437 ], [ -3.45582, 40.36617 ], [ -3.45701, 40.36797 ], [ -3.45702, 40.36977 ], [ -3.45703, 40.37158 ], [ -3.45822, 40.37337 ], [ -3.45941, 40.37517 ], [ -3.45943, 40.37697 ], [ -3.45944, 40.37877 ], [ -3.45945, 40.38057 ], [ -3.46181, 40.38147 ], [ -3.46418, 40.38326 ], [ -3.46184, 40.38507 ], [ -3.46303, 40.38687 ], [ -3.4654, 40.38866 ], [ -3.46422, 40.38956 ] ] ] } },
{ "type": "Feature", "properties": { "ine_code": "28076", "name": "Lozoya" }, "geometry": { "type": "Polygon", "coordinates": [ [ [ -3.83925, 40.98382 ], [ -3.83569, 40.98385 ], [ -3.83214, 40.98567 ], [ -3.82859, 40.9866 ], [ -3.8262, 40.98572 ], [ -3.82143, 40.98485 ], [ -3.81907, 40.98577 ], [ -3.81432, 40.9867 ], [ -3.81195, 40.98672 ], [ -3.80958, 40.98763 ], [ -3.80487, 40.99127 ], [ -3.80369, 40.99218 ], [ -3.80015, 40.99401 ], [ -3.79895, 40.99311 ], [ -3.79776, 40.99312 ], [ -3.79657, 40.99313 ], [ -3.79539, 40.99404 ], [ -3.79301, 40.99406 ], [ -3.79184, 40.99496 ], [ -3.79185, 40.99587 ], [ -3.79066, 40.99587 ], [ -3.78949, 40.99768 ], [ -3.78831, 40.99859 ], [ -3.78713, 40.9995 ], [ -3.78596, 41.00041 ], [ -3.78597, 41.00131 ], [ -3.78478, 41.00132 ], [ -3.78359, 41.00133 ], [ -3.7812, 41.00044 ], [ -3.78121, 41.00134 ], [ -3.78002, 41.00135 ], [ -3.77769, 41.00497 ], [ -3.77299, 41.01041 ], [ -3.77064, 41.01222 ], [ -3.77063, 41.01132 ], [ -3.76943, 41.01043 ], [ -3.76942, 41.00953 ], [ -3.76823, 41.00954 ], [ -3.76822, 41.00864 ], [ -3.76703, 41.00864 ], [ -3.76702, 41.00774 ], [ -3.76583, 41.00775 ], [ -3.76582, 41.00685 ], [ -3.76463, 41.00686 ], [ -3.76344, 41.00687 ], [ -3.76343, 41.00597 ], [ -3.76224, 41.00597 ], [ -3.76105, 41.00598 ], [ -3.76104, 41.00508 ], [ -3.76103, 41.00418 ], [ -3.75984, 41.00419 ], [ -3.75983, 41.00329 ], [ -3.75982, 41.00239 ], [ -3.75863, 41.00239 ], [ -3.75862, 41.00149 ], [ -3.75861, 41.00059 ], [ -3.75742, 41.0006 ], [ -3.75741, 40.9997 ], [ -3.7574, 40.9988 ], [ -3.75739, 40.9979 ], [ -3.75738, 40.997 ], [ -3.75619, 40.99701 ], [ -3.75618, 40.9961 ], [ -3.75617, 40.9952 ], [ -3.75616, 40.9943 ], [ -3.75496, 40.99341 ], [ -3.75495, 40.99251 ], [ -3.75376, 40.99252 ], [ -3.75375, 40.99162 ], [ -3.75256, 40.99162 ], [ -3.75136, 40.99073 ], [ -3.75018, 40.99074 ], [ -3.75017, 40.98984 ], [ -3.74897, 40.98895 ], [ -3.74896, 40.98804 ], [ -3.74777, 40.98805 ], [ -3.74658, 40.98806 ], [ -3.74657, 40.98716 ], [ -3.74538, 40.98717 ], [ -3.74537, 40.98627 ], [ -3.74417, 40.98537 ], [ -3.74416, 40.98447 ], [ -3.74297, 40.98448 ], [ -3.74296, 40.98358 ], [ -3.74176, 40.98269 ], [ -3.74175, 40.98179 ], [ -3.74055, 40.98089 ], [ -3.74054, 40.97999 ], [ -3.74053, 40.97909 ], [ -3.73935, 40.9791 ], [ -3.73934, 40.9782 ], [ -3.73933, 40.9773 ], [ -3.73932, 40.9764 ], [ -3.73931, 40.9755 ], [ -3.73812, 40.9755 ], [ -3.73811, 40.9746 ], [ -3.73929, 40.97369 ], [ -3.74046, 40.97279 ], [ -3.74165, 40.97278 ], [ -3.74164, 40.97188 ], [ -3.74162, 40.97008 ], [ -3.74161, 40.96918 ], [ -3.7404, 40.96738 ], [ -3.7392, 40.96559 ], [ -3.7356, 40.96291 ], [ -3.73559, 40.96201 ], [ -3.73912, 40.95928 ], [ -3.73792, 40.95749 ], [ -3.73668, 40.95299 ], [ -3.73667, 40.95209 ], [ -3.73547, 40.9512 ], [ -3.73546, 40.9503 ], [ -3.73545, 40.9494 ], [ -3.73664, 40.94939 ], [ -3.73663, 40.94849 ], [ -3.73662, 40.94759 ], [ -3.73661, 40.94669 ], [ -3.73779, 40.94578 ], [ -3.73778, 40.94488 ], [ -3.73777, 40.94398 ], [ -3.73776, 40.94308 ], [ -3.73775, 40.94218 ], [ -3.73656, 40.94218 ], [ -3.73655, 40.94128 ], [ -3.73774, 40.94127 ], [ -3.73892, 40.94127 ], [ -3.73891, 40.94037 ], [ -3.7401, 40.94036 ], [ -3.74009, 40.93946 ], [ -3.74128, 40.93945 ], [ -3.74247, 40.93944 ], [ -3.74366, 40.93943 ], [ -3.74365, 40.93853 ], [ -3.74483, 40.93853 ], [ -3.74482, 40.93763 ], [ -3.74601, 40.93762 ], [ -3.746, 40.93672 ], [ -3.74719, 40.93671 ], [ -3.74718, 40.93581 ], [ -3.74837, 40.9358 ], [ -3.74955, 40.93579 ], [ -3.74954, 40.93489 ], [ -3.75073, 40.93488 ], [ -3.75072, 40.93398 ], [ -3.75191, 40.93398 ], [ -3.75309, 40.93307 ], [ -3.75426, 40.93216 ], [ -3.75545, 40.93215 ], [ -3.75544, 40.93125 ], [ -3.75663, 40.93124 ], [ -3.75662, 40.93034 ], [ -3.75781, 40.93033 ], [ -3.75899, 40.93033 ], [ -3.75898, 40.92943 ], [ -3.76017, 40.92942 ], [ -3.76136, 40.92941 ], [ -3.76135, 40.92851 ], [ -3.76254, 40.9285 ], [ -3.76253, 40.9276 ], [ -3.76371, 40.92759 ], [ -3.7649, 40.92759 ], [ -3.76489, 40.92668 ], [ -3.76607, 40.92578 ], [ -3.76726, 40.92577 ], [ -3.76844, 40.92576 ], [ -3.76843, 40.92486 ], [ -3.76962, 40.92485 ], [ -3.77081, 40.92484 ], [ -3.77082, 40.92574 ], [ -3.77201, 40.92574 ], [ -3.772, 40.92484 ], [ -3.77318, 40.92483 ], [ -3.77437, 40.92482 ], [ -3.77555, 40.92391 ], [ -3.77672, 40.923 ], [ -3.77671, 40.9221 ], [ -3.77789, 40.92119 ], [ -3.77788, 40.92029 ], [ -3.77907, 40.92028 ], [ -3.77906, 40.91938 ], [ -3.78025, 40.91937 ], [ -3.78023, 40.91847 ], [ -3.78142, 40.91847 ], [ -3.78141, 40.91757 ], [ -3.7826, 40.91756 ], [ -3.78259, 40.91666 ], [ -3.78378, 40.91665 ], [ -3.78377, 40.91575 ], [ -3.78495, 40.91574 ], [ -3.78494, 40.91484 ], [ -3.78612, 40.91393 ], [ -3.78731, 40.91392 ], [ -3.7873, 40.91302 ], [ -3.78968, 40.91391 ], [ -3.79208, 40.91569 ], [ -3.79447, 40.91748 ], [ -3.79567, 40.91837 ], [ -3.79687, 40.91926 ], [ -3.79688, 40.92016 ], [ -3.79807, 40.92015 ], [ -3.79927, 40.92105 ], [ -3.79928, 40.92195 ], [ -3.80048, 40.92284 ], [ -3.80049, 40.92374 ], [ -3.80169, 40.92463 ], [ -3.80528, 40.92731 ], [ -3.80888, 40.92999 ], [ -3.81008, 40.93088 ], [ -3.81128, 40.93267 ], [ -3.81609, 40.93714 ], [ -3.8161, 40.93804 ], [ -3.81729, 40.93804 ], [ -3.8173, 40.93894 ], [ -3.81849, 40.93893 ], [ -3.8185, 40.93983 ], [ -3.8197, 40.94072 ], [ -3.81971, 40.94162 ], [ -3.8209, 40.94161 ], [ -3.82091, 40.94251 ], [ -3.8221, 40.94251 ], [ -3.82211, 40.94341 ], [ -3.8233, 40.9434 ], [ -3.82331, 40.9443 ], [ -3.8245, 40.94429 ], [ -3.82451, 40.94519 ], [ -3.82569, 40.94518 ], [ -3.82571, 40.94608 ], [ -3.82689, 40.94607 ], [ -3.82809, 40.94697 ], [ -3.8281, 40.94787 ], [ -3.8293, 40.94876 ], [ -3.82931, 40.94966 ], [ -3.83051, 40.95055 ], [ -3.83298, 40.95774 ], [ -3.833, 40.95954 ], [ -3.83421, 40.96134 ], [ -3.83307, 40.96495 ], [ -3.83308, 40.96585 ], [ -3.8331, 40.96765 ], [ -3.83433, 40.97034 ], [ -3.83553, 40.97124 ], [ -3.83554, 40.97214 ], [ -3.83674, 40.97303 ], [ -3.83675, 40.97393 ], [ -3.83795, 40.97482 ], [ -3.83914, 40.97481 ], [ -3.84036, 40.97751 ], [ -3.84157, 40.9793 ], [ -3.84158, 40.9802 ], [ -3.84278, 40.98109 ], [ -3.84398, 40.98198 ], [ -3.83925, 40.98382 ] ] ] } },
{ "type": "Feature", "properties": { "ine_code": "28078", "name": "Madarcos" }, "geometry": { "type": "Polygon", "coordinates": [ [ [ -3.58777, 41.04393 ], [ -3.58896, 41.04392 ], [ -3.58897, 41.04482 ], [ -3.58778, 41.04483 ], [ -3.58779, 41.04573 ], [ -3.5866, 41.04574 ], [ -3.58661, 41.04664 ], [ -3.58662, 41.04754 ], [ -3.58662, 41.04844 ], [ -3.58663, 41.04934 ], [ -3.58664, 41.05024 ], [ -3.58665, 41.05114 ], [ -3.58666, 41.05204 ], [ -3.58666, 41.05294 ], [ -3.58667, 41.05384 ], [ -3.58668, 41.05474 ], [ -3.58669, 41.05565 ], [ -3.5867, 41.05655 ], [ -3.5867, 41.05745 ], [ -3.58671, 41.05835 ], [ -3.58552, 41.05835 ], [ -3.58077, 41.05928 ], [ -3.5772, 41.0593 ], [ -3.57124, 41.05843 ], [ -3.56887, 41.05934 ], [ -3.56648, 41.05845 ], [ -3.56411, 41.05936 ], [ -3.56292, 41.05937 ], [ -3.56291, 41.05847 ], [ -3.5629, 41.05757 ], [ -3.5629, 41.05666 ], [ -3.56289, 41.05576 ], [ -3.56288, 41.05486 ], [ -3.56287, 41.05396 ], [ -3.56168, 41.05307 ], [ -3.56167, 41.05217 ], [ -3.56166, 41.05127 ], [ -3.56165, 41.05036 ], [ -3.56165, 41.04946 ], [ -3.56164, 41.04856 ], [ -3.56045, 41.04857 ], [ -3.55926, 41.04857 ], [ -3.55925, 41.04767 ], [ -3.55924, 41.04677 ], [ -3.55805, 41.04678 ], [ -3.55805, 41.04588 ], [ -3.55923, 41.04497 ], [ -3.55922, 41.04407 ], [ -3.55803, 41.04408 ], [ -3.55802, 41.04318 ], [ -3.55439, 41.03599 ], [ -3.55792, 41.03057 ], [ -3.5579, 41.02876 ], [ -3.55789, 41.02786 ], [ -3.55907, 41.02696 ], [ -3.55907, 41.02606 ], [ -3.56026, 41.02605 ], [ -3.56025, 41.02515 ], [ -3.56144, 41.02514 ], [ -3.56145, 41.02604 ], [ -3.56264, 41.02604 ], [ -3.56383, 41.02603 ], [ -3.56501, 41.02603 ], [ -3.56501, 41.02513 ], [ -3.5662, 41.02512 ], [ -3.56739, 41.02511 ], [ -3.56858, 41.02511 ], [ -3.56857, 41.02421 ], [ -3.56976, 41.0242 ], [ -3.56975, 41.0233 ], [ -3.57094, 41.02329 ], [ -3.57095, 41.0242 ], [ -3.57214, 41.02419 ], [ -3.57333, 41.02418 ], [ -3.57451, 41.02418 ], [ -3.5757, 41.02417 ], [ -3.57807, 41.02326 ], [ -3.57926, 41.02325 ], [ -3.57926, 41.02235 ], [ -3.57925, 41.02145 ], [ -3.58044, 41.02145 ], [ -3.58163, 41.02144 ], [ -3.58282, 41.02143 ], [ -3.58401, 41.02143 ], [ -3.58401, 41.02233 ], [ -3.5852, 41.02232 ], [ -3.58639, 41.02232 ], [ -3.5864, 41.02322 ], [ -3.58641, 41.02412 ], [ -3.58522, 41.02412 ], [ -3.58403, 41.02413 ], [ -3.58404, 41.02503 ], [ -3.58285, 41.02504 ], [ -3.58286, 41.02594 ], [ -3.58167, 41.02594 ], [ -3.58048, 41.02595 ], [ -3.58049, 41.02685 ], [ -3.58049, 41.02775 ], [ -3.5805, 41.02865 ], [ -3.58051, 41.02955 ], [ -3.58052, 41.03045 ], [ -3.58052, 41.03135 ], [ -3.58171, 41.03135 ], [ -3.58172, 41.03225 ], [ -3.58291, 41.03224 ], [ -3.5841, 41.03224 ], [ -3.58411, 41.03314 ], [ -3.5853, 41.03313 ], [ -3.58531, 41.03403 ], [ -3.58412, 41.03404 ], [ -3.58293, 41.03404 ], [ -3.58174, 41.03405 ], [ -3.58175, 41.03495 ], [ -3.58294, 41.03495 ], [ -3.58294, 41.03585 ], [ -3.58413, 41.03584 ], [ -3.58414, 41.03674 ], [ -3.58533, 41.03673 ], [ -3.58534, 41.03764 ], [ -3.58653, 41.03763 ], [ -3.58654, 41.03853 ], [ -3.58654, 41.03943 ], [ -3.58655, 41.04033 ], [ -3.58774, 41.04033 ], [ -3.58775, 41.04123 ], [ -3.58656, 41.04123 ], [ -3.58657, 41.04213 ], [ -3.58658, 41.04303 ], [ -3.58777, 41.04303 ], [ -3.58777, 41.04393 ] ] ] } },
{ "type": "Feature", "properties": { "ine_code": "28079", "name": "Madrid" }, "geometry": { "type": "MultiPolygon", "coordinates": [ [ [ [ -3.88494, 40.5763 ], [ -3.88495, 40.5772 ], [ -3.88377, 40.57721 ], [ -3.88378, 40.57811 ], [ -3.8838, 40.57901 ], [ -3.88381, 40.57991 ], [ -3.88382, 40.58081 ], [ -3.88383, 40.58171 ], [ -3.88384, 40.58261 ], [ -3.88386, 40.58351 ], [ -3.88387, 40.58441 ], [ -3.88388, 40.58531 ], [ -3.8827, 40.58532 ], [ -3.88271, 40.58622 ], [ -3.88153, 40.58623 ], [ -3.88036, 40.58714 ], [ -3.87918, 40.58715 ], [ -3.87919, 40.58805 ], [ -3.87801, 40.58806 ], [ -3.87683, 40.58807 ], [ -3.87684, 40.58897 ], [ -3.87566, 40.58898 ], [ -3.87567, 40.58988 ], [ -3.87568, 40.59078 ], [ -3.8745, 40.59079 ], [ -3.87332, 40.5908 ], [ -3.87213, 40.59081 ], [ -3.87215, 40.59171 ], [ -3.87096, 40.59172 ], [ -3.86978, 40.59173 ], [ -3.8686, 40.59174 ], [ -3.86742, 40.59174 ], [ -3.86624, 40.59175 ], [ -3.86506, 40.59176 ], [ -3.86504, 40.59086 ], [ -3.86503, 40.58996 ], [ -3.86385, 40.58997 ], [ -3.86384, 40.58907 ], [ -3.86266, 40.58908 ], [ -3.86148, 40.58909 ], [ -3.86028, 40.58819 ], [ -3.8591, 40.5882 ], [ -3.85792, 40.58821 ], [ -3.85674, 40.58822 ], [ -3.85556, 40.58823 ], [ -3.85438, 40.58824 ], [ -3.85321, 40.58915 ], [ -3.85202, 40.58916 ], [ -3.85204, 40.59006 ], [ -3.85085, 40.59007 ], [ -3.84967, 40.59007 ], [ -3.84968, 40.59098 ], [ -3.8485, 40.59098 ], [ -3.84732, 40.59099 ], [ -3.84614, 40.591 ], [ -3.84497, 40.59191 ], [ -3.84379, 40.59192 ], [ -3.8438, 40.59282 ], [ -3.84262, 40.59283 ], [ -3.84143, 40.59284 ], [ -3.84025, 40.59285 ], [ -3.84024, 40.59195 ], [ -3.83906, 40.59195 ], [ -3.83787, 40.59106 ], [ -3.8367, 40.59197 ], [ -3.83551, 40.59198 ], [ -3.83434, 40.59289 ], [ -3.83317, 40.5938 ], [ -3.83199, 40.59381 ], [ -3.83081, 40.59382 ], [ -3.82963, 40.59382 ], [ -3.82846, 40.59473 ], [ -3.82728, 40.59474 ], [ -3.82609, 40.59475 ], [ -3.82491, 40.59476 ], [ -3.82373, 40.59477 ], [ -3.82255, 40.59478 ], [ -3.82137, 40.59478 ], [ -3.82019, 40.59479 ], [ -3.819, 40.5948 ], [ -3.81782, 40.59481 ], [ -3.81664, 40.59482 ], [ -3.81429, 40.59574 ], [ -3.81312, 40.59664 ], [ -3.81194, 40.59665 ], [ -3.81077, 40.59756 ], [ -3.80842, 40.59938 ], [ -3.80724, 40.59939 ], [ -3.80606, 40.5994 ], [ -3.80607, 40.6003 ], [ -3.80726, 40.60119 ], [ -3.80727, 40.60209 ], [ -3.80848, 40.60388 ], [ -3.80967, 40.60478 ], [ -3.80968, 40.60568 ], [ -3.80969, 40.60658 ], [ -3.81087, 40.60657 ], [ -3.81088, 40.60747 ], [ -3.81207, 40.60746 ], [ -3.81208, 40.60836 ], [ -3.8109, 40.60837 ], [ -3.81091, 40.60927 ], [ -3.80972, 40.60928 ], [ -3.80854, 40.60929 ], [ -3.80736, 40.6093 ], [ -3.80618, 40.60931 ], [ -3.80617, 40.6084 ], [ -3.80616, 40.6075 ], [ -3.80498, 40.60751 ], [ -3.80378, 40.60662 ], [ -3.8026, 40.60663 ], [ -3.80142, 40.60664 ], [ -3.80023, 40.60574 ], [ -3.80022, 40.60484 ], [ -3.8002, 40.60394 ], [ -3.80139, 40.60393 ], [ -3.80138, 40.60303 ], [ -3.80136, 40.60213 ], [ -3.80255, 40.60212 ], [ -3.80254, 40.60122 ], [ -3.80253, 40.60032 ], [ -3.80251, 40.59942 ], [ -3.8037, 40.59941 ], [ -3.80369, 40.59851 ], [ -3.8025, 40.59852 ], [ -3.80132, 40.59853 ], [ -3.80014, 40.59854 ], [ -3.79896, 40.59854 ], [ -3.79779, 40.59945 ], [ -3.79661, 40.59946 ], [ -3.79542, 40.59947 ], [ -3.79424, 40.59948 ], [ -3.79306, 40.59949 ], [ -3.79188, 40.59949 ], [ -3.7907, 40.5995 ], [ -3.79069, 40.5986 ], [ -3.7895, 40.59861 ], [ -3.78951, 40.59951 ], [ -3.78833, 40.59952 ], [ -3.78715, 40.59953 ], [ -3.78598, 40.60044 ], [ -3.7848, 40.60044 ], [ -3.78481, 40.60134 ], [ -3.78363, 40.60135 ], [ -3.78244, 40.60136 ], [ -3.78125, 40.60047 ], [ -3.78008, 40.60138 ], [ -3.7789, 40.60138 ], [ -3.77772, 40.60139 ], [ -3.77654, 40.6014 ], [ -3.77534, 40.60051 ], [ -3.77416, 40.60052 ], [ -3.77298, 40.60052 ], [ -3.7718, 40.60053 ], [ -3.77179, 40.59963 ], [ -3.77061, 40.59964 ], [ -3.76942, 40.59965 ], [ -3.76824, 40.59965 ], [ -3.76706, 40.59966 ], [ -3.76587, 40.59877 ], [ -3.76469, 40.59878 ], [ -3.76468, 40.59788 ], [ -3.76349, 40.59788 ], [ -3.76231, 40.59789 ], [ -3.76113, 40.5979 ], [ -3.76112, 40.597 ], [ -3.75994, 40.59701 ], [ -3.75876, 40.59701 ], [ -3.75875, 40.59611 ], [ -3.75757, 40.59612 ], [ -3.75401, 40.59524 ], [ -3.754, 40.59434 ], [ -3.75282, 40.59435 ], [ -3.75164, 40.59436 ], [ -3.75043, 40.59256 ], [ -3.74925, 40.59257 ], [ -3.74571, 40.59259 ], [ -3.7457, 40.59169 ], [ -3.74452, 40.5917 ], [ -3.74333, 40.59171 ], [ -3.74214, 40.59082 ], [ -3.74096, 40.59082 ], [ -3.73976, 40.58903 ], [ -3.73975, 40.58813 ], [ -3.73857, 40.58814 ], [ -3.73856, 40.58724 ], [ -3.73855, 40.58633 ], [ -3.73737, 40.58634 ], [ -3.73618, 40.58635 ], [ -3.73618, 40.58545 ], [ -3.73499, 40.58546 ], [ -3.73381, 40.58546 ], [ -3.73263, 40.58547 ], [ -3.73145, 40.58548 ], [ -3.73027, 40.58549 ], [ -3.72908, 40.58459 ], [ -3.72789, 40.5846 ], [ -3.72671, 40.58461 ], [ -3.7267, 40.58371 ], [ -3.72552, 40.58371 ], [ -3.72434, 40.58372 ], [ -3.72315, 40.58283 ], [ -3.72197, 40.58284 ], [ -3.72078, 40.58194 ], [ -3.71959, 40.58195 ], [ -3.71841, 40.58196 ], [ -3.71842, 40.58286 ], [ -3.71724, 40.58287 ], [ -3.71606, 40.58287 ], [ -3.71488, 40.58288 ], [ -3.7137, 40.58289 ], [ -3.71251, 40.58289 ], [ -3.71133, 40.5829 ], [ -3.70898, 40.58382 ], [ -3.7078, 40.58382 ], [ -3.70779, 40.58292 ], [ -3.70543, 40.58294 ], [ -3.70544, 40.58384 ], [ -3.70544, 40.58474 ], [ -3.70426, 40.58475 ], [ -3.70427, 40.58565 ], [ -3.70309, 40.58565 ], [ -3.7031, 40.58656 ], [ -3.70192, 40.58656 ], [ -3.70193, 40.58746 ], [ -3.70075, 40.58747 ], [ -3.69957, 40.58838 ], [ -3.69839, 40.58839 ], [ -3.6984, 40.58929 ], [ -3.69722, 40.58929 ], [ -3.69605, 40.5902 ], [ -3.69606, 40.5911 ], [ -3.69488, 40.59111 ], [ -3.69489, 40.59201 ], [ -3.69489, 40.59291 ], [ -3.69372, 40.59382 ], [ -3.69256, 40.59563 ], [ -3.69258, 40.59743 ], [ -3.6914, 40.59744 ], [ -3.6914, 40.59834 ], [ -3.69025, 40.60105 ], [ -3.69026, 40.60195 ], [ -3.68909, 40.60286 ], [ -3.6891, 40.60376 ], [ -3.68911, 40.60466 ], [ -3.68792, 40.60466 ], [ -3.68793, 40.60557 ], [ -3.68794, 40.60647 ], [ -3.68677, 40.60737 ], [ -3.6856, 40.60828 ], [ -3.68442, 40.60919 ], [ -3.68324, 40.6092 ], [ -3.68207, 40.6101 ], [ -3.68089, 40.61011 ], [ -3.67971, 40.61102 ], [ -3.67853, 40.61103 ], [ -3.67854, 40.61193 ], [ -3.67855, 40.61283 ], [ -3.67737, 40.61283 ], [ -3.67738, 40.61374 ], [ -3.6762, 40.61374 ], [ -3.6762, 40.61464 ], [ -3.67621, 40.61554 ], [ -3.67503, 40.61555 ], [ -3.67504, 40.61645 ], [ -3.67386, 40.61646 ], [ -3.67269, 40.61737 ], [ -3.6715, 40.61737 ], [ -3.66915, 40.61829 ], [ -3.66679, 40.6192 ], [ -3.6668, 40.6201 ], [ -3.66681, 40.621 ], [ -3.66682, 40.62191 ], [ -3.66683, 40.62281 ], [ -3.66684, 40.62371 ], [ -3.66803, 40.6246 ], [ -3.66804, 40.6255 ], [ -3.66805, 40.6264 ], [ -3.66806, 40.6273 ], [ -3.66806, 40.6282 ], [ -3.66807, 40.6291 ], [ -3.66808, 40.63001 ], [ -3.66809, 40.63091 ], [ -3.66691, 40.63091 ], [ -3.66575, 40.63362 ], [ -3.66576, 40.63452 ], [ -3.66459, 40.63543 ], [ -3.6646, 40.63633 ], [ -3.66342, 40.63724 ], [ -3.66224, 40.63725 ], [ -3.66225, 40.63815 ], [ -3.66226, 40.63905 ], [ -3.66108, 40.63905 ], [ -3.66109, 40.63996 ], [ -3.65991, 40.64086 ], [ -3.65992, 40.64176 ], [ -3.65874, 40.64177 ], [ -3.65757, 40.64268 ], [ -3.65638, 40.64268 ], [ -3.65639, 40.64359 ], [ -3.65521, 40.64359 ], [ -3.6552, 40.64269 ], [ -3.65402, 40.6427 ], [ -3.65283, 40.64271 ], [ -3.65165, 40.64271 ], [ -3.65046, 40.64182 ], [ -3.64928, 40.64182 ], [ -3.64809, 40.64093 ], [ -3.64808, 40.64003 ], [ -3.6469, 40.64004 ], [ -3.6457, 40.63914 ], [ -3.6457, 40.63824 ], [ -3.64451, 40.63825 ], [ -3.64215, 40.63826 ], [ -3.64097, 40.63827 ], [ -3.63978, 40.63827 ], [ -3.6386, 40.63828 ], [ -3.63741, 40.63739 ], [ -3.6374, 40.63649 ], [ -3.63622, 40.63649 ], [ -3.63621, 40.63559 ], [ -3.6362, 40.63469 ], [ -3.63502, 40.6347 ], [ -3.63501, 40.6338 ], [ -3.635, 40.63289 ], [ -3.63381, 40.632 ], [ -3.6338, 40.6311 ], [ -3.63262, 40.63111 ], [ -3.63261, 40.63021 ], [ -3.63143, 40.63021 ], [ -3.63142, 40.62931 ], [ -3.63023, 40.62842 ], [ -3.63022, 40.62752 ], [ -3.63021, 40.62661 ], [ -3.6302, 40.62571 ], [ -3.63019, 40.62391 ], [ -3.62901, 40.62392 ], [ -3.62899, 40.62212 ], [ -3.62898, 40.62122 ], [ -3.62897, 40.62032 ], [ -3.62896, 40.61941 ], [ -3.62895, 40.61851 ], [ -3.62895, 40.61761 ], [ -3.62776, 40.61762 ], [ -3.62776, 40.61672 ], [ -3.62657, 40.61673 ], [ -3.62539, 40.61673 ], [ -3.62421, 40.61674 ], [ -3.62303, 40.61674 ], [ -3.62302, 40.61584 ], [ -3.62183, 40.61495 ], [ -3.62182, 40.61405 ], [ -3.62063, 40.61315 ], [ -3.62062, 40.61225 ], [ -3.61944, 40.61226 ], [ -3.61943, 40.61136 ], [ -3.61825, 40.61136 ], [ -3.61824, 40.61046 ], [ -3.61823, 40.60956 ], [ -3.61822, 40.60866 ], [ -3.61703, 40.60777 ], [ -3.61702, 40.60687 ], [ -3.61702, 40.60597 ], [ -3.61701, 40.60507 ], [ -3.617, 40.60416 ], [ -3.61582, 40.60417 ], [ -3.61581, 40.60327 ], [ -3.61698, 40.60236 ], [ -3.61579, 40.60147 ], [ -3.61579, 40.60057 ], [ -3.6146, 40.60057 ], [ -3.61341, 40.59968 ], [ -3.61105, 40.59969 ], [ -3.61104, 40.59879 ], [ -3.60868, 40.5988 ], [ -3.60867, 40.5979 ], [ -3.60749, 40.59791 ], [ -3.60748, 40.59701 ], [ -3.6063, 40.59701 ], [ -3.60511, 40.59612 ], [ -3.6051, 40.59522 ], [ -3.60509, 40.59432 ], [ -3.60391, 40.59432 ], [ -3.6039, 40.59342 ], [ -3.60272, 40.59343 ], [ -3.60271, 40.59253 ], [ -3.60153, 40.59253 ], [ -3.60152, 40.59163 ], [ -3.60151, 40.59073 ], [ -3.6027, 40.59073 ], [ -3.60269, 40.58983 ], [ -3.60268, 40.58893 ], [ -3.60386, 40.58892 ], [ -3.60385, 40.58802 ], [ -3.60503, 40.58801 ], [ -3.60503, 40.58711 ], [ -3.6062, 40.5862 ], [ -3.60619, 40.5853 ], [ -3.60854, 40.58349 ], [ -3.60972, 40.58348 ], [ -3.61089, 40.58258 ], [ -3.61207, 40.58167 ], [ -3.61325, 40.58166 ], [ -3.61442, 40.58076 ], [ -3.61678, 40.58074 ], [ -3.61795, 40.57893 ], [ -3.61913, 40.57893 ], [ -3.61912, 40.57803 ], [ -3.6203, 40.57712 ], [ -3.62147, 40.57621 ], [ -3.62264, 40.57531 ], [ -3.62382, 40.5744 ], [ -3.62499, 40.57349 ], [ -3.62617, 40.57349 ], [ -3.62853, 40.57347 ], [ -3.62854, 40.57437 ], [ -3.62972, 40.57437 ], [ -3.6309, 40.57436 ], [ -3.63209, 40.57435 ], [ -3.63327, 40.57435 ], [ -3.63445, 40.57434 ], [ -3.63563, 40.57433 ], [ -3.63681, 40.57433 ], [ -3.638, 40.57522 ], [ -3.63918, 40.57522 ], [ -3.64036, 40.57521 ], [ -3.64154, 40.5752 ], [ -3.64155, 40.5761 ], [ -3.64273, 40.5761 ], [ -3.64392, 40.57699 ], [ -3.64511, 40.57698 ], [ -3.64629, 40.57698 ], [ -3.64747, 40.57697 ], [ -3.64865, 40.57696 ], [ -3.64983, 40.57696 ], [ -3.64984, 40.57786 ], [ -3.65102, 40.57785 ], [ -3.65103, 40.57875 ], [ -3.65222, 40.57965 ], [ -3.65223, 40.58055 ], [ -3.65224, 40.58145 ], [ -3.65342, 40.58144 ], [ -3.65343, 40.58234 ], [ -3.65344, 40.58324 ], [ -3.65345, 40.58414 ], [ -3.65346, 40.58505 ], [ -3.65464, 40.58504 ], [ -3.65465, 40.58594 ], [ -3.65465, 40.58684 ], [ -3.65466, 40.58774 ], [ -3.65584, 40.58773 ], [ -3.65585, 40.58864 ], [ -3.65704, 40.58953 ], [ -3.65823, 40.58952 ], [ -3.65823, 40.59042 ], [ -3.65942, 40.59042 ], [ -3.65943, 40.59132 ], [ -3.66061, 40.59131 ], [ -3.66062, 40.59221 ], [ -3.6618, 40.59221 ], [ -3.66416, 40.59219 ], [ -3.66534, 40.59218 ], [ -3.66652, 40.59218 ], [ -3.66771, 40.59217 ], [ -3.66888, 40.59126 ], [ -3.67358, 40.58853 ], [ -3.67476, 40.58853 ], [ -3.67593, 40.58762 ], [ -3.67711, 40.58761 ], [ -3.67711, 40.58671 ], [ -3.67829, 40.5867 ], [ -3.67947, 40.5867 ], [ -3.67946, 40.5858 ], [ -3.68064, 40.58579 ], [ -3.68182, 40.58578 ], [ -3.68181, 40.58488 ], [ -3.68299, 40.58487 ], [ -3.68299, 40.58397 ], [ -3.68417, 40.58397 ], [ -3.68534, 40.58306 ], [ -3.6877, 40.58304 ], [ -3.68888, 40.58304 ], [ -3.68887, 40.58214 ], [ -3.69006, 40.58213 ], [ -3.69005, 40.58123 ], [ -3.69123, 40.58122 ], [ -3.69122, 40.58032 ], [ -3.6924, 40.58031 ], [ -3.69358, 40.58031 ], [ -3.69476, 40.5803 ], [ -3.69475, 40.5794 ], [ -3.69594, 40.57939 ], [ -3.69712, 40.57938 ], [ -3.6983, 40.57938 ], [ -3.69829, 40.57848 ], [ -3.69947, 40.57847 ], [ -3.69946, 40.57757 ], [ -3.69828, 40.57758 ], [ -3.69827, 40.57668 ], [ -3.69709, 40.57668 ], [ -3.69708, 40.57578 ], [ -3.69707, 40.57488 ], [ -3.69706, 40.57398 ], [ -3.69588, 40.57399 ], [ -3.6947, 40.57399 ], [ -3.69469, 40.57309 ], [ -3.69351, 40.5731 ], [ -3.6935, 40.5722 ], [ -3.69349, 40.5713 ], [ -3.69231, 40.57131 ], [ -3.6923, 40.57041 ], [ -3.69229, 40.5695 ], [ -3.69111, 40.56951 ], [ -3.68993, 40.56952 ], [ -3.68992, 40.56862 ], [ -3.68874, 40.56862 ], [ -3.68873, 40.56772 ], [ -3.68872, 40.56682 ], [ -3.68752, 40.56503 ], [ -3.6875, 40.56323 ], [ -3.68631, 40.56233 ], [ -3.68628, 40.55963 ], [ -3.68508, 40.55784 ], [ -3.68268, 40.55425 ], [ -3.68267, 40.55335 ], [ -3.68267, 40.55244 ], [ -3.68266, 40.55154 ], [ -3.68265, 40.55064 ], [ -3.68147, 40.55065 ], [ -3.68146, 40.54975 ], [ -3.68145, 40.54885 ], [ -3.68027, 40.54886 ], [ -3.68026, 40.54795 ], [ -3.67908, 40.54796 ], [ -3.67907, 40.54706 ], [ -3.67906, 40.54616 ], [ -3.67905, 40.54526 ], [ -3.67785, 40.54346 ], [ -3.67784, 40.54256 ], [ -3.67665, 40.54167 ], [ -3.67664, 40.54077 ], [ -3.67546, 40.54078 ], [ -3.67545, 40.53987 ], [ -3.67427, 40.53988 ], [ -3.67426, 40.53898 ], [ -3.67425, 40.53808 ], [ -3.67307, 40.53809 ], [ -3.67306, 40.53719 ], [ -3.67188, 40.53719 ], [ -3.67187, 40.53629 ], [ -3.67069, 40.5363 ], [ -3.67068, 40.5354 ], [ -3.67068, 40.5345 ], [ -3.66949, 40.5345 ], [ -3.67065, 40.53179 ], [ -3.67182, 40.53089 ], [ -3.67533, 40.52816 ], [ -3.67651, 40.52726 ], [ -3.67532, 40.52636 ], [ -3.67531, 40.52546 ], [ -3.67176, 40.52458 ], [ -3.67058, 40.52459 ], [ -3.66822, 40.5246 ], [ -3.66585, 40.52462 ], [ -3.66585, 40.52371 ], [ -3.66584, 40.52281 ], [ -3.66583, 40.52191 ], [ -3.66582, 40.52101 ], [ -3.66345, 40.52012 ], [ -3.66106, 40.51744 ], [ -3.65867, 40.51385 ], [ -3.65865, 40.51204 ], [ -3.65746, 40.51115 ], [ -3.6563, 40.51296 ], [ -3.65512, 40.51297 ], [ -3.65274, 40.51118 ], [ -3.65156, 40.51118 ], [ -3.65038, 40.51119 ], [ -3.6492, 40.5112 ], [ -3.64919, 40.5103 ], [ -3.64801, 40.5103 ], [ -3.64682, 40.50941 ], [ -3.64681, 40.50851 ], [ -3.64563, 40.50851 ], [ -3.64444, 40.50762 ], [ -3.64326, 40.50763 ], [ -3.64327, 40.50853 ], [ -3.64209, 40.50853 ], [ -3.64091, 40.50854 ], [ -3.6409, 40.50764 ], [ -3.63972, 40.50765 ], [ -3.63382, 40.50768 ], [ -3.63264, 40.50769 ], [ -3.63265, 40.50859 ], [ -3.63147, 40.50859 ], [ -3.63029, 40.5086 ], [ -3.62911, 40.50861 ], [ -3.62793, 40.50861 ], [ -3.62675, 40.50862 ], [ -3.62675, 40.50952 ], [ -3.62557, 40.50953 ], [ -3.62439, 40.50953 ], [ -3.62321, 40.50954 ], [ -3.62203, 40.50954 ], [ -3.62085, 40.50955 ], [ -3.62086, 40.51045 ], [ -3.61968, 40.51046 ], [ -3.6185, 40.51046 ], [ -3.61732, 40.51047 ], [ -3.61614, 40.51048 ], [ -3.61615, 40.51138 ], [ -3.61497, 40.51138 ], [ -3.61496, 40.51048 ], [ -3.61378, 40.51049 ], [ -3.61377, 40.50959 ], [ -3.61259, 40.50959 ], [ -3.61258, 40.50869 ], [ -3.6114, 40.5087 ], [ -3.61022, 40.50871 ], [ -3.61021, 40.50781 ], [ -3.60903, 40.50781 ], [ -3.60903, 40.50691 ], [ -3.60785, 40.50692 ], [ -3.60784, 40.50602 ], [ -3.60666, 40.50602 ], [ -3.60665, 40.50512 ], [ -3.60546, 40.50423 ], [ -3.60545, 40.50333 ], [ -3.60427, 40.50333 ], [ -3.60308, 40.50154 ], [ -3.6019, 40.50154 ], [ -3.60072, 40.50155 ], [ -3.59954, 40.50156 ], [ -3.59836, 40.50156 ], [ -3.59718, 40.50157 ], [ -3.596, 40.50157 ], [ -3.59482, 40.50158 ], [ -3.59364, 40.50159 ], [ -3.58894, 40.50431 ], [ -3.58659, 40.50523 ], [ -3.58424, 40.50704 ], [ -3.58308, 40.50885 ], [ -3.57837, 40.51067 ], [ -3.57601, 40.51068 ], [ -3.57249, 40.5125 ], [ -3.56776, 40.51253 ], [ -3.5654, 40.51164 ], [ -3.56185, 40.51075 ], [ -3.55831, 40.51167 ], [ -3.55477, 40.51169 ], [ -3.55475, 40.50899 ], [ -3.55472, 40.50538 ], [ -3.55471, 40.50358 ], [ -3.55352, 40.50269 ], [ -3.55351, 40.50178 ], [ -3.5535, 40.50088 ], [ -3.5535, 40.49998 ], [ -3.55349, 40.49908 ], [ -3.55231, 40.49909 ], [ -3.5523, 40.49819 ], [ -3.55112, 40.49819 ], [ -3.54994, 40.4982 ], [ -3.54993, 40.4973 ], [ -3.54757, 40.49731 ], [ -3.54757, 40.49641 ], [ -3.54639, 40.49641 ], [ -3.54521, 40.49642 ], [ -3.5452, 40.49552 ], [ -3.54402, 40.49552 ], [ -3.54284, 40.49553 ], [ -3.54283, 40.49463 ], [ -3.54165, 40.49463 ], [ -3.54164, 40.49373 ], [ -3.54164, 40.49283 ], [ -3.54163, 40.49193 ], [ -3.54162, 40.49103 ], [ -3.54162, 40.49013 ], [ -3.54161, 40.48923 ], [ -3.5416, 40.48833 ], [ -3.54042, 40.48833 ], [ -3.53923, 40.48744 ], [ -3.53805, 40.48744 ], [ -3.53805, 40.48654 ], [ -3.53687, 40.48655 ], [ -3.53686, 40.48565 ], [ -3.53685, 40.48475 ], [ -3.53685, 40.48385 ], [ -3.53565, 40.48205 ], [ -3.53564, 40.48115 ], [ -3.53564, 40.48025 ], [ -3.53446, 40.48025 ], [ -3.53445, 40.47935 ], [ -3.53444, 40.47845 ], [ -3.53444, 40.47755 ], [ -3.53443, 40.47665 ], [ -3.53442, 40.47575 ], [ -3.53441, 40.47485 ], [ -3.53441, 40.47395 ], [ -3.5344, 40.47305 ], [ -3.53439, 40.47215 ], [ -3.53321, 40.47215 ], [ -3.53321, 40.47125 ], [ -3.53203, 40.47126 ], [ -3.53085, 40.47126 ], [ -3.52967, 40.47127 ], [ -3.52848, 40.47037 ], [ -3.5273, 40.47038 ], [ -3.52612, 40.47038 ], [ -3.52611, 40.46948 ], [ -3.52493, 40.46949 ], [ -3.52493, 40.46859 ], [ -3.52492, 40.46768 ], [ -3.52491, 40.46678 ], [ -3.52609, 40.46678 ], [ -3.52609, 40.46588 ], [ -3.52727, 40.46587 ], [ -3.52726, 40.46497 ], [ -3.52843, 40.46406 ], [ -3.52842, 40.46316 ], [ -3.5296, 40.46226 ], [ -3.52959, 40.46136 ], [ -3.52958, 40.46046 ], [ -3.52958, 40.45955 ], [ -3.52957, 40.45865 ], [ -3.52838, 40.45776 ], [ -3.5272, 40.45776 ], [ -3.5272, 40.45686 ], [ -3.52719, 40.45596 ], [ -3.52601, 40.45597 ], [ -3.526, 40.45507 ], [ -3.52718, 40.45506 ], [ -3.52717, 40.45416 ], [ -3.52835, 40.45416 ], [ -3.52953, 40.45415 ], [ -3.53071, 40.45414 ], [ -3.53072, 40.45505 ], [ -3.5319, 40.45504 ], [ -3.53189, 40.45414 ], [ -3.53307, 40.45413 ], [ -3.53306, 40.45323 ], [ -3.53424, 40.45323 ], [ -3.53424, 40.45233 ], [ -3.53423, 40.45143 ], [ -3.53304, 40.45053 ], [ -3.53304, 40.44963 ], [ -3.53303, 40.44873 ], [ -3.53185, 40.44873 ], [ -3.53184, 40.44783 ], [ -3.53183, 40.44693 ], [ -3.53301, 40.44603 ], [ -3.53419, 40.44602 ], [ -3.53537, 40.44601 ], [ -3.53536, 40.44511 ], [ -3.5389, 40.4451 ], [ -3.53771, 40.4442 ], [ -3.54125, 40.44419 ], [ -3.54124, 40.44328 ], [ -3.54477, 40.44237 ], [ -3.54949, 40.44234 ], [ -3.55066, 40.44234 ], [ -3.55066, 40.44144 ], [ -3.55184, 40.44143 ], [ -3.55302, 40.44143 ], [ -3.55419, 40.44052 ], [ -3.55537, 40.44051 ], [ -3.55654, 40.43961 ], [ -3.55772, 40.4396 ], [ -3.55889, 40.4387 ], [ -3.56007, 40.43869 ], [ -3.56006, 40.43779 ], [ -3.56124, 40.43778 ], [ -3.56242, 40.43778 ], [ -3.5636, 40.43777 ], [ -3.56478, 40.43777 ], [ -3.56596, 40.43776 ], [ -3.56713, 40.43685 ], [ -3.5683, 40.43595 ], [ -3.57421, 40.43772 ], [ -3.57538, 40.43681 ], [ -3.57537, 40.43591 ], [ -3.57536, 40.43501 ], [ -3.57536, 40.43411 ], [ -3.57889, 40.43319 ], [ -3.57769, 40.4314 ], [ -3.57768, 40.4305 ], [ -3.5765, 40.4296 ], [ -3.57649, 40.4287 ], [ -3.57648, 40.4278 ], [ -3.57765, 40.42689 ], [ -3.57765, 40.42599 ], [ -3.57529, 40.426 ], [ -3.57528, 40.4251 ], [ -3.57645, 40.4242 ], [ -3.57644, 40.42329 ], [ -3.57644, 40.42239 ], [ -3.57643, 40.42149 ], [ -3.57761, 40.42149 ], [ -3.5776, 40.42059 ], [ -3.57877, 40.41968 ], [ -3.57876, 40.41878 ], [ -3.57875, 40.41788 ], [ -3.57993, 40.41697 ], [ -3.57873, 40.41517 ], [ -3.57755, 40.41518 ], [ -3.57754, 40.41338 ], [ -3.57281, 40.4116 ], [ -3.57163, 40.41161 ], [ -3.57045, 40.41161 ], [ -3.57046, 40.41251 ], [ -3.56928, 40.41252 ], [ -3.5681, 40.41252 ], [ -3.56811, 40.41343 ], [ -3.56457, 40.41344 ], [ -3.56339, 40.41345 ], [ -3.56222, 40.41345 ], [ -3.56104, 40.41346 ], [ -3.55986, 40.41347 ], [ -3.55868, 40.41347 ], [ -3.55867, 40.41257 ], [ -3.55749, 40.41258 ], [ -3.55632, 40.41258 ], [ -3.55513, 40.41169 ], [ -3.55395, 40.41169 ], [ -3.55277, 40.4117 ], [ -3.55159, 40.4117 ], [ -3.55042, 40.41171 ], [ -3.54924, 40.41172 ], [ -3.54924, 40.41262 ], [ -3.5457, 40.41173 ], [ -3.54452, 40.41174 ], [ -3.54334, 40.41174 ], [ -3.54334, 40.41084 ], [ -3.54216, 40.41085 ], [ -3.54098, 40.41085 ], [ -3.5398, 40.41086 ], [ -3.53981, 40.41176 ], [ -3.53863, 40.41177 ], [ -3.53745, 40.41177 ], [ -3.53746, 40.41267 ], [ -3.53628, 40.41268 ], [ -3.53511, 40.41358 ], [ -3.53512, 40.41448 ], [ -3.53394, 40.41449 ], [ -3.53276, 40.41449 ], [ -3.53158, 40.4145 ], [ -3.5304, 40.41451 ], [ -3.53044, 40.41901 ], [ -3.52926, 40.41902 ], [ -3.52925, 40.41811 ], [ -3.52807, 40.41812 ], [ -3.52806, 40.41722 ], [ -3.52689, 40.41722 ], [ -3.52571, 40.41723 ], [ -3.5257, 40.41633 ], [ -3.52452, 40.41633 ], [ -3.52451, 40.41543 ], [ -3.52333, 40.41454 ], [ -3.52215, 40.41454 ], [ -3.52214, 40.41364 ], [ -3.52214, 40.41274 ], [ -3.52096, 40.41275 ], [ -3.52095, 40.41185 ], [ -3.52094, 40.41095 ], [ -3.51977, 40.41095 ], [ -3.51976, 40.41005 ], [ -3.51975, 40.40915 ], [ -3.51857, 40.40915 ], [ -3.51857, 40.40825 ], [ -3.51974, 40.40825 ], [ -3.51974, 40.40735 ], [ -3.51973, 40.40645 ], [ -3.51972, 40.40555 ], [ -3.51855, 40.40555 ], [ -3.51854, 40.40465 ], [ -3.51853, 40.40375 ], [ -3.51852, 40.40285 ], [ -3.51852, 40.40195 ], [ -3.51851, 40.40105 ], [ -3.5185, 40.40015 ], [ -3.5185, 40.39924 ], [ -3.51968, 40.39924 ], [ -3.51967, 40.39834 ], [ -3.51966, 40.39744 ], [ -3.52081, 40.39383 ], [ -3.5208, 40.39203 ], [ -3.52315, 40.39202 ], [ -3.52433, 40.39111 ], [ -3.52668, 40.3902 ], [ -3.52902, 40.38929 ], [ -3.53257, 40.39107 ], [ -3.53258, 40.39197 ], [ -3.53376, 40.39197 ], [ -3.53375, 40.39107 ], [ -3.53493, 40.39106 ], [ -3.53492, 40.39016 ], [ -3.5361, 40.39015 ], [ -3.53727, 40.38925 ], [ -3.53844, 40.38834 ], [ -3.53961, 40.38744 ], [ -3.54079, 40.38743 ], [ -3.54078, 40.38653 ], [ -3.54196, 40.38562 ], [ -3.54195, 40.38472 ], [ -3.54313, 40.38472 ], [ -3.54312, 40.38382 ], [ -3.5443, 40.38381 ], [ -3.54429, 40.38291 ], [ -3.54547, 40.3829 ], [ -3.54546, 40.382 ], [ -3.54664, 40.382 ], [ -3.54663, 40.3811 ], [ -3.5478, 40.38019 ], [ -3.5478, 40.37929 ], [ -3.55014, 40.37838 ], [ -3.55014, 40.37748 ], [ -3.55131, 40.37657 ], [ -3.5513, 40.37567 ], [ -3.55248, 40.37566 ], [ -3.55247, 40.37476 ], [ -3.55364, 40.37386 ], [ -3.55363, 40.37295 ], [ -3.55363, 40.37205 ], [ -3.5548, 40.37205 ], [ -3.5548, 40.37115 ], [ -3.55597, 40.37024 ], [ -3.55596, 40.36934 ], [ -3.55595, 40.36844 ], [ -3.55713, 40.36843 ], [ -3.55712, 40.36753 ], [ -3.55829, 40.36663 ], [ -3.55829, 40.36573 ], [ -3.55946, 40.36572 ], [ -3.55946, 40.36482 ], [ -3.56063, 40.36391 ], [ -3.5618, 40.36301 ], [ -3.56179, 40.3621 ], [ -3.56297, 40.3621 ], [ -3.56296, 40.3612 ], [ -3.56414, 40.36119 ], [ -3.56413, 40.36029 ], [ -3.56412, 40.35939 ], [ -3.56294, 40.3594 ], [ -3.56177, 40.3594 ], [ -3.56059, 40.35941 ], [ -3.56058, 40.35851 ], [ -3.5594, 40.35851 ], [ -3.55823, 40.35852 ], [ -3.55705, 40.35852 ], [ -3.55704, 40.35762 ], [ -3.55586, 40.35763 ], [ -3.55468, 40.35673 ], [ -3.55467, 40.35583 ], [ -3.55584, 40.35493 ], [ -3.55583, 40.35403 ], [ -3.557, 40.35312 ], [ -3.55818, 40.35311 ], [ -3.55934, 40.3504 ], [ -3.56051, 40.3495 ], [ -3.56166, 40.34679 ], [ -3.56517, 40.34407 ], [ -3.56634, 40.34316 ], [ -3.56868, 40.34135 ], [ -3.56983, 40.33774 ], [ -3.57216, 40.33503 ], [ -3.57332, 40.33322 ], [ -3.57567, 40.33231 ], [ -3.57683, 40.3305 ], [ -3.57916, 40.32778 ], [ -3.58268, 40.32596 ], [ -3.58267, 40.32506 ], [ -3.58382, 40.32236 ], [ -3.58498, 40.32055 ], [ -3.58497, 40.31875 ], [ -3.58377, 40.31605 ], [ -3.58259, 40.31605 ], [ -3.58142, 40.31606 ], [ -3.58024, 40.31607 ], [ -3.57906, 40.31607 ], [ -3.57787, 40.31428 ], [ -3.57905, 40.31427 ], [ -3.58022, 40.31426 ], [ -3.58022, 40.31336 ], [ -3.58139, 40.31336 ], [ -3.58257, 40.31335 ], [ -3.58375, 40.31335 ], [ -3.58492, 40.31334 ], [ -3.5861, 40.31333 ], [ -3.58727, 40.31243 ], [ -3.58962, 40.31242 ], [ -3.59315, 40.3124 ], [ -3.59433, 40.31239 ], [ -3.59551, 40.31239 ], [ -3.59786, 40.31237 ], [ -3.59904, 40.31237 ], [ -3.60021, 40.31236 ], [ -3.60257, 40.31235 ], [ -3.60611, 40.31323 ], [ -3.60846, 40.31322 ], [ -3.61082, 40.31411 ], [ -3.61437, 40.31589 ], [ -3.61556, 40.31769 ], [ -3.61792, 40.31857 ], [ -3.62029, 40.31946 ], [ -3.62382, 40.31944 ], [ -3.625, 40.32034 ], [ -3.62617, 40.31943 ], [ -3.62735, 40.31942 ], [ -3.62852, 40.31942 ], [ -3.62853, 40.32032 ], [ -3.62971, 40.32031 ], [ -3.63089, 40.32031 ], [ -3.63089, 40.32121 ], [ -3.63207, 40.3212 ], [ -3.63208, 40.3221 ], [ -3.63326, 40.3221 ], [ -3.63327, 40.323 ], [ -3.63444, 40.32299 ], [ -3.63445, 40.32389 ], [ -3.63563, 40.32388 ], [ -3.63564, 40.32478 ], [ -3.63682, 40.32568 ], [ -3.638, 40.32567 ], [ -3.63801, 40.32657 ], [ -3.63918, 40.32657 ], [ -3.63919, 40.32747 ], [ -3.64037, 40.32746 ], [ -3.64038, 40.32836 ], [ -3.64156, 40.32836 ], [ -3.64274, 40.32925 ], [ -3.64392, 40.32924 ], [ -3.64393, 40.33014 ], [ -3.64394, 40.33105 ], [ -3.64511, 40.33104 ], [ -3.64629, 40.33103 ], [ -3.6463, 40.33193 ], [ -3.64748, 40.33193 ], [ -3.64748, 40.33283 ], [ -3.64866, 40.33282 ], [ -3.64984, 40.33281 ], [ -3.64983, 40.33191 ], [ -3.65452, 40.33008 ], [ -3.66039, 40.32825 ], [ -3.66038, 40.32735 ], [ -3.66156, 40.32734 ], [ -3.66157, 40.32824 ], [ -3.66274, 40.32824 ], [ -3.66275, 40.32914 ], [ -3.66393, 40.32913 ], [ -3.6651, 40.32822 ], [ -3.66627, 40.32822 ], [ -3.66627, 40.32732 ], [ -3.66744, 40.32731 ], [ -3.66743, 40.32641 ], [ -3.66743, 40.32551 ], [ -3.6686, 40.3255 ], [ -3.66978, 40.32549 ], [ -3.66977, 40.32459 ], [ -3.67095, 40.32459 ], [ -3.67096, 40.32549 ], [ -3.67213, 40.32548 ], [ -3.67331, 40.32547 ], [ -3.6745, 40.32637 ], [ -3.67567, 40.32636 ], [ -3.67685, 40.32635 ], [ -3.67803, 40.32635 ], [ -3.6792, 40.32634 ], [ -3.68038, 40.32633 ], [ -3.68037, 40.32543 ], [ -3.68036, 40.32453 ], [ -3.68154, 40.32452 ], [ -3.68153, 40.32362 ], [ -3.68271, 40.32362 ], [ -3.68389, 40.32361 ], [ -3.68388, 40.32271 ], [ -3.68505, 40.3227 ], [ -3.68504, 40.3218 ], [ -3.68622, 40.32179 ], [ -3.6874, 40.32179 ], [ -3.68858, 40.32178 ], [ -3.68975, 40.32177 ], [ -3.69092, 40.32086 ], [ -3.6921, 40.32086 ], [ -3.69209, 40.31996 ], [ -3.69326, 40.31995 ], [ -3.69565, 40.32264 ], [ -3.69918, 40.32262 ], [ -3.7027, 40.32169 ], [ -3.7086, 40.32346 ], [ -3.70978, 40.32345 ], [ -3.71213, 40.32344 ], [ -3.71333, 40.32523 ], [ -3.71454, 40.32793 ], [ -3.72045, 40.33059 ], [ -3.72401, 40.33327 ], [ -3.72521, 40.33507 ], [ -3.72407, 40.33868 ], [ -3.72411, 40.34228 ], [ -3.72297, 40.34589 ], [ -3.72188, 40.35401 ], [ -3.72192, 40.35851 ], [ -3.72079, 40.36302 ], [ -3.72082, 40.36573 ], [ -3.72318, 40.36571 ], [ -3.7267, 40.36479 ], [ -3.73022, 40.36297 ], [ -3.73375, 40.36294 ], [ -3.73844, 40.36111 ], [ -3.74314, 40.36018 ], [ -3.74667, 40.36016 ], [ -3.7502, 40.35923 ], [ -3.7549, 40.3583 ], [ -3.75724, 40.35739 ], [ -3.76196, 40.35826 ], [ -3.76668, 40.35913 ], [ -3.7714, 40.36 ], [ -3.77258, 40.35999 ], [ -3.77377, 40.36088 ], [ -3.7773, 40.36086 ], [ -3.78085, 40.36173 ], [ -3.78202, 40.36173 ], [ -3.78201, 40.36083 ], [ -3.78319, 40.36082 ], [ -3.78437, 40.36081 ], [ -3.78436, 40.35991 ], [ -3.78553, 40.3599 ], [ -3.78552, 40.359 ], [ -3.7867, 40.35899 ], [ -3.78788, 40.35898 ], [ -3.78906, 40.35898 ], [ -3.79025, 40.35987 ], [ -3.79142, 40.35986 ], [ -3.79143, 40.36076 ], [ -3.79261, 40.36075 ], [ -3.79379, 40.36074 ], [ -3.7938, 40.36165 ], [ -3.79498, 40.36164 ], [ -3.79615, 40.36163 ], [ -3.79617, 40.36253 ], [ -3.79734, 40.36252 ], [ -3.79852, 40.36251 ], [ -3.7997, 40.36251 ], [ -3.80088, 40.3625 ], [ -3.80089, 40.3634 ], [ -3.80206, 40.36339 ], [ -3.80324, 40.36338 ], [ -3.80325, 40.36428 ], [ -3.80443, 40.36428 ], [ -3.80681, 40.36606 ], [ -3.81032, 40.36423 ], [ -3.81152, 40.36603 ], [ -3.81153, 40.36693 ], [ -3.81271, 40.36692 ], [ -3.81273, 40.36872 ], [ -3.81274, 40.36962 ], [ -3.81392, 40.36961 ], [ -3.81394, 40.37142 ], [ -3.81513, 40.37231 ], [ -3.81633, 40.3741 ], [ -3.8175, 40.37409 ], [ -3.81752, 40.37499 ], [ -3.81753, 40.3759 ], [ -3.8187, 40.37589 ], [ -3.81871, 40.37679 ], [ -3.81989, 40.37678 ], [ -3.8199, 40.37768 ], [ -3.82109, 40.37857 ], [ -3.8211, 40.37947 ], [ -3.82228, 40.37946 ], [ -3.82229, 40.38037 ], [ -3.82347, 40.38036 ], [ -3.82348, 40.38126 ], [ -3.82349, 40.38216 ], [ -3.82828, 40.38843 ], [ -3.82946, 40.38842 ], [ -3.82947, 40.38932 ], [ -3.83066, 40.39022 ], [ -3.83067, 40.39112 ], [ -3.83186, 40.39201 ], [ -3.83187, 40.39291 ], [ -3.83305, 40.3929 ], [ -3.83306, 40.3938 ], [ -3.83307, 40.3947 ], [ -3.83308, 40.3956 ], [ -3.8319, 40.39561 ], [ -3.83073, 40.39562 ], [ -3.83074, 40.39652 ], [ -3.82956, 40.39653 ], [ -3.8272, 40.39655 ], [ -3.82602, 40.39656 ], [ -3.82485, 40.39656 ], [ -3.82367, 40.39657 ], [ -3.82249, 40.39658 ], [ -3.82131, 40.39659 ], [ -3.82013, 40.3966 ], [ -3.81895, 40.39661 ], [ -3.81894, 40.3957 ], [ -3.81777, 40.39571 ], [ -3.81539, 40.39393 ], [ -3.81302, 40.39304 ], [ -3.81066, 40.39306 ], [ -3.8083, 40.39218 ], [ -3.80476, 40.3922 ], [ -3.80005, 40.39223 ], [ -3.79652, 40.39226 ], [ -3.79417, 40.39318 ], [ -3.78947, 40.39411 ], [ -3.78945, 40.39231 ], [ -3.78709, 40.39232 ], [ -3.78122, 40.39416 ], [ -3.78123, 40.39506 ], [ -3.78006, 40.39597 ], [ -3.78007, 40.39687 ], [ -3.77889, 40.39688 ], [ -3.77773, 40.39779 ], [ -3.77774, 40.39869 ], [ -3.7754, 40.40051 ], [ -3.77422, 40.40052 ], [ -3.77424, 40.40232 ], [ -3.77662, 40.40411 ], [ -3.77663, 40.40501 ], [ -3.77783, 40.4068 ], [ -3.77902, 40.40769 ], [ -3.77904, 40.40949 ], [ -3.77907, 40.4122 ], [ -3.78027, 40.41399 ], [ -3.78147, 40.41578 ], [ -3.78148, 40.41668 ], [ -3.78149, 40.41759 ], [ -3.78036, 40.4221 ], [ -3.77921, 40.42391 ], [ -3.77102, 40.42937 ], [ -3.77107, 40.43387 ], [ -3.77111, 40.43748 ], [ -3.77118, 40.44378 ], [ -3.7759, 40.44375 ], [ -3.77708, 40.44374 ], [ -3.77826, 40.44373 ], [ -3.77943, 40.44373 ], [ -3.78416, 40.44459 ], [ -3.78768, 40.44277 ], [ -3.79004, 40.44275 ], [ -3.78889, 40.44546 ], [ -3.79007, 40.44546 ], [ -3.79008, 40.44636 ], [ -3.79009, 40.44726 ], [ -3.79127, 40.44725 ], [ -3.79128, 40.44815 ], [ -3.79129, 40.44905 ], [ -3.79249, 40.45084 ], [ -3.7925, 40.45175 ], [ -3.7937, 40.45354 ], [ -3.79252, 40.45355 ], [ -3.79371, 40.45444 ], [ -3.79372, 40.45534 ], [ -3.7949, 40.45533 ], [ -3.79491, 40.45623 ], [ -3.79492, 40.45713 ], [ -3.79611, 40.45803 ], [ -3.7973, 40.45892 ], [ -3.79848, 40.45891 ], [ -3.80086, 40.4607 ], [ -3.80206, 40.46249 ], [ -3.80443, 40.46337 ], [ -3.80797, 40.46335 ], [ -3.81034, 40.46423 ], [ -3.81269, 40.46332 ], [ -3.81505, 40.4633 ], [ -3.81742, 40.46418 ], [ -3.8186, 40.46418 ], [ -3.81977, 40.46417 ], [ -3.82095, 40.46416 ], [ -3.82214, 40.46505 ], [ -3.82332, 40.46504 ], [ -3.8245, 40.46503 ], [ -3.82568, 40.46503 ], [ -3.82687, 40.46592 ], [ -3.82923, 40.4659 ], [ -3.83041, 40.46589 ], [ -3.83393, 40.46407 ], [ -3.83513, 40.46586 ], [ -3.8375, 40.46674 ], [ -3.83869, 40.46764 ], [ -3.83756, 40.47125 ], [ -3.83757, 40.47215 ], [ -3.83758, 40.47305 ], [ -3.83641, 40.47396 ], [ -3.83642, 40.47486 ], [ -3.83761, 40.47575 ], [ -3.83762, 40.47665 ], [ -3.83763, 40.47755 ], [ -3.83645, 40.47756 ], [ -3.83647, 40.47846 ], [ -3.83648, 40.47936 ], [ -3.83649, 40.48026 ], [ -3.8365, 40.48116 ], [ -3.83651, 40.48207 ], [ -3.83533, 40.48207 ], [ -3.83534, 40.48297 ], [ -3.83417, 40.48388 ], [ -3.83418, 40.48478 ], [ -3.8342, 40.48569 ], [ -3.83302, 40.48569 ], [ -3.83303, 40.48659 ], [ -3.83304, 40.4875 ], [ -3.83306, 40.4893 ], [ -3.83307, 40.4902 ], [ -3.83426, 40.49109 ], [ -3.83427, 40.49199 ], [ -3.83428, 40.49289 ], [ -3.8343, 40.49379 ], [ -3.83431, 40.49469 ], [ -3.83549, 40.49469 ], [ -3.8355, 40.49559 ], [ -3.83669, 40.49648 ], [ -3.8367, 40.49738 ], [ -3.83788, 40.49737 ], [ -3.83907, 40.49826 ], [ -3.83908, 40.49916 ], [ -3.83909, 40.50006 ], [ -3.83911, 40.50097 ], [ -3.83913, 40.50277 ], [ -3.83795, 40.50278 ], [ -3.83796, 40.50368 ], [ -3.83797, 40.50458 ], [ -3.8368, 40.50549 ], [ -3.83917, 40.50637 ], [ -3.84035, 40.50636 ], [ -3.84272, 40.50724 ], [ -3.8451, 40.50813 ], [ -3.84865, 40.509 ], [ -3.84983, 40.50899 ], [ -3.8522, 40.50988 ], [ -3.85339, 40.51077 ], [ -3.8534, 40.51167 ], [ -3.85344, 40.51437 ], [ -3.85227, 40.51528 ], [ -3.85229, 40.51708 ], [ -3.85111, 40.51709 ], [ -3.85112, 40.51799 ], [ -3.8523, 40.51799 ], [ -3.85351, 40.51978 ], [ -3.85352, 40.52068 ], [ -3.8547, 40.52067 ], [ -3.85471, 40.52157 ], [ -3.85472, 40.52247 ], [ -3.85473, 40.52337 ], [ -3.85355, 40.52338 ], [ -3.85356, 40.52428 ], [ -3.85475, 40.52517 ], [ -3.85477, 40.52608 ], [ -3.85596, 40.52697 ], [ -3.85714, 40.52696 ], [ -3.85715, 40.52786 ], [ -3.85833, 40.52785 ], [ -3.85834, 40.52875 ], [ -3.85835, 40.52965 ], [ -3.85837, 40.53055 ], [ -3.85955, 40.53054 ], [ -3.85956, 40.53144 ], [ -3.85957, 40.53235 ], [ -3.86075, 40.53234 ], [ -3.86076, 40.53324 ], [ -3.86194, 40.53323 ], [ -3.86195, 40.53413 ], [ -3.86313, 40.53412 ], [ -3.86315, 40.53502 ], [ -3.86316, 40.53592 ], [ -3.86317, 40.53682 ], [ -3.86436, 40.53772 ], [ -3.86437, 40.53862 ], [ -3.86438, 40.53952 ], [ -3.8644, 40.54042 ], [ -3.86441, 40.54132 ], [ -3.8656, 40.54221 ], [ -3.86561, 40.54311 ], [ -3.86562, 40.54401 ], [ -3.8668, 40.544 ], [ -3.86681, 40.5449 ], [ -3.86683, 40.5458 ], [ -3.86801, 40.5458 ], [ -3.86802, 40.5467 ], [ -3.8692, 40.54669 ], [ -3.86921, 40.54759 ], [ -3.86922, 40.54849 ], [ -3.86923, 40.54939 ], [ -3.87042, 40.54938 ], [ -3.87043, 40.55028 ], [ -3.87044, 40.55118 ], [ -3.87162, 40.55117 ], [ -3.87163, 40.55207 ], [ -3.87281, 40.55207 ], [ -3.87282, 40.55297 ], [ -3.87284, 40.55387 ], [ -3.87285, 40.55477 ], [ -3.87286, 40.55567 ], [ -3.87287, 40.55657 ], [ -3.87405, 40.55656 ], [ -3.87406, 40.55746 ], [ -3.87526, 40.55835 ], [ -3.87527, 40.55925 ], [ -3.87645, 40.55925 ], [ -3.87763, 40.55924 ], [ -3.87881, 40.55923 ], [ -3.87999, 40.55922 ], [ -3.88117, 40.55921 ], [ -3.88235, 40.5592 ], [ -3.88237, 40.5601 ], [ -3.88355, 40.56009 ], [ -3.88473, 40.56008 ], [ -3.88474, 40.56098 ], [ -3.88475, 40.56188 ], [ -3.88476, 40.56279 ], [ -3.88358, 40.56279 ], [ -3.88359, 40.5637 ], [ -3.88361, 40.5646 ], [ -3.88479, 40.56459 ], [ -3.8848, 40.56549 ], [ -3.88598, 40.56548 ], [ -3.88599, 40.56638 ], [ -3.88717, 40.56637 ], [ -3.88719, 40.56727 ], [ -3.8872, 40.56817 ], [ -3.88838, 40.56816 ], [ -3.88839, 40.56906 ], [ -3.8884, 40.56996 ], [ -3.88841, 40.57087 ], [ -3.88843, 40.57177 ], [ -3.88844, 40.57267 ], [ -3.88726, 40.57268 ], [ -3.88727, 40.57358 ], [ -3.88609, 40.57359 ], [ -3.8861, 40.57449 ], [ -3.88492, 40.5745 ], [ -3.88493, 40.5754 ], [ -3.88494, 40.5763 ] ] ] ] } },
{ "type": "Feature", "properties": { "ine_code": "28080", "name": "Majadahonda" }, "geometry": { "type": "Polygon", "coordinates": [ [ [ -3.94469, 40.45601 ], [ -3.9447, 40.45691 ], [ -3.94352, 40.45692 ], [ -3.94354, 40.45782 ], [ -3.94236, 40.45783 ], [ -3.94237, 40.45873 ], [ -3.94119, 40.45874 ], [ -3.9412, 40.45964 ], [ -3.94002, 40.45965 ], [ -3.94003, 40.46055 ], [ -3.93886, 40.46056 ], [ -3.93887, 40.46146 ], [ -3.93888, 40.46236 ], [ -3.93889, 40.46326 ], [ -3.93891, 40.46416 ], [ -3.94009, 40.46415 ], [ -3.9401, 40.46505 ], [ -3.93893, 40.46596 ], [ -3.93894, 40.46686 ], [ -3.93776, 40.46687 ], [ -3.93778, 40.46777 ], [ -3.9366, 40.46778 ], [ -3.93661, 40.46868 ], [ -3.93779, 40.46868 ], [ -3.9378, 40.46958 ], [ -3.93781, 40.47048 ], [ -3.93783, 40.47138 ], [ -3.93784, 40.47228 ], [ -3.93785, 40.47318 ], [ -3.93903, 40.47317 ], [ -3.93904, 40.47407 ], [ -3.93786, 40.47408 ], [ -3.93788, 40.47498 ], [ -3.93789, 40.47588 ], [ -3.9379, 40.47678 ], [ -3.93791, 40.47768 ], [ -3.93673, 40.47769 ], [ -3.93675, 40.47859 ], [ -3.93676, 40.47949 ], [ -3.93677, 40.4804 ], [ -3.93678, 40.4813 ], [ -3.9368, 40.4822 ], [ -3.93681, 40.4831 ], [ -3.93682, 40.484 ], [ -3.93683, 40.4849 ], [ -3.93685, 40.4858 ], [ -3.93686, 40.4867 ], [ -3.93687, 40.4876 ], [ -3.93689, 40.4885 ], [ -3.93571, 40.48851 ], [ -3.93572, 40.48941 ], [ -3.93573, 40.49031 ], [ -3.93574, 40.49121 ], [ -3.93694, 40.49211 ], [ -3.93695, 40.49301 ], [ -3.93696, 40.49391 ], [ -3.93697, 40.49481 ], [ -3.93579, 40.49482 ], [ -3.93581, 40.49572 ], [ -3.93582, 40.49662 ], [ -3.93583, 40.49752 ], [ -3.93584, 40.49842 ], [ -3.93466, 40.49843 ], [ -3.93468, 40.49933 ], [ -3.93351, 40.50024 ], [ -3.93233, 40.50025 ], [ -3.93232, 40.49935 ], [ -3.93114, 40.49936 ], [ -3.92996, 40.49937 ], [ -3.92878, 40.49938 ], [ -3.9276, 40.49939 ], [ -3.92758, 40.49849 ], [ -3.9264, 40.4985 ], [ -3.92642, 40.4994 ], [ -3.92643, 40.5003 ], [ -3.92525, 40.50031 ], [ -3.92524, 40.49941 ], [ -3.92406, 40.49942 ], [ -3.92288, 40.49943 ], [ -3.9217, 40.49943 ], [ -3.92053, 40.50035 ], [ -3.91935, 40.50035 ], [ -3.91936, 40.50126 ], [ -3.91818, 40.50126 ], [ -3.917, 40.50127 ], [ -3.91582, 40.50128 ], [ -3.91464, 40.50129 ], [ -3.91346, 40.5013 ], [ -3.91228, 40.50131 ], [ -3.9111, 40.50132 ], [ -3.90992, 40.50133 ], [ -3.90991, 40.50043 ], [ -3.90873, 40.50044 ], [ -3.90872, 40.49954 ], [ -3.9087, 40.49864 ], [ -3.90752, 40.49865 ], [ -3.90751, 40.49775 ], [ -3.9075, 40.49684 ], [ -3.90631, 40.49595 ], [ -3.90629, 40.49505 ], [ -3.90274, 40.49418 ], [ -3.90155, 40.49329 ], [ -3.90037, 40.4933 ], [ -3.89919, 40.49331 ], [ -3.898, 40.49241 ], [ -3.89681, 40.49152 ], [ -3.89562, 40.49063 ], [ -3.8956, 40.48973 ], [ -3.89442, 40.48974 ], [ -3.89323, 40.48885 ], [ -3.89204, 40.48796 ], [ -3.88967, 40.48707 ], [ -3.88849, 40.48708 ], [ -3.88612, 40.4862 ], [ -3.88493, 40.48531 ], [ -3.88375, 40.48532 ], [ -3.88257, 40.48533 ], [ -3.88139, 40.48534 ], [ -3.88021, 40.48534 ], [ -3.88019, 40.48444 ], [ -3.87784, 40.48446 ], [ -3.87782, 40.48356 ], [ -3.87546, 40.48358 ], [ -3.8731, 40.4836 ], [ -3.87191, 40.4827 ], [ -3.86837, 40.48273 ], [ -3.86718, 40.48184 ], [ -3.866, 40.48185 ], [ -3.86481, 40.48096 ], [ -3.86126, 40.48008 ], [ -3.85772, 40.48011 ], [ -3.85417, 40.47923 ], [ -3.85062, 40.47836 ], [ -3.84826, 40.47838 ], [ -3.84235, 40.47752 ], [ -3.83879, 40.47574 ], [ -3.83642, 40.47486 ], [ -3.83641, 40.47396 ], [ -3.83758, 40.47305 ], [ -3.83757, 40.47215 ], [ -3.83756, 40.47125 ], [ -3.83869, 40.46764 ], [ -3.8375, 40.46674 ], [ -3.83513, 40.46586 ], [ -3.83393, 40.46407 ], [ -3.83629, 40.46405 ], [ -3.83628, 40.46315 ], [ -3.83745, 40.46314 ], [ -3.83862, 40.46223 ], [ -3.8398, 40.46222 ], [ -3.83979, 40.46132 ], [ -3.84097, 40.46131 ], [ -3.84215, 40.4613 ], [ -3.84332, 40.46039 ], [ -3.84331, 40.45949 ], [ -3.84449, 40.45948 ], [ -3.84565, 40.45858 ], [ -3.84682, 40.45767 ], [ -3.84681, 40.45677 ], [ -3.84798, 40.45586 ], [ -3.84797, 40.45495 ], [ -3.84914, 40.45405 ], [ -3.84912, 40.45314 ], [ -3.84911, 40.45224 ], [ -3.85027, 40.45043 ], [ -3.85025, 40.44863 ], [ -3.84906, 40.44774 ], [ -3.84904, 40.44684 ], [ -3.84903, 40.44594 ], [ -3.84902, 40.44504 ], [ -3.8502, 40.44503 ], [ -3.85138, 40.44502 ], [ -3.85256, 40.44501 ], [ -3.8561, 40.44499 ], [ -3.85728, 40.44498 ], [ -3.85962, 40.44406 ], [ -3.86198, 40.44404 ], [ -3.86316, 40.44403 ], [ -3.86905, 40.44399 ], [ -3.87732, 40.44483 ], [ -3.88205, 40.44569 ], [ -3.88442, 40.44657 ], [ -3.89035, 40.44923 ], [ -3.89036, 40.45013 ], [ -3.89037, 40.45103 ], [ -3.89155, 40.45102 ], [ -3.89156, 40.45192 ], [ -3.89274, 40.45192 ], [ -3.89275, 40.45282 ], [ -3.89395, 40.45371 ], [ -3.89514, 40.4546 ], [ -3.89632, 40.45459 ], [ -3.89633, 40.45549 ], [ -3.89751, 40.45548 ], [ -3.89752, 40.45638 ], [ -3.8987, 40.45637 ], [ -3.89988, 40.45636 ], [ -3.9022, 40.45364 ], [ -3.90453, 40.45182 ], [ -3.90684, 40.4482 ], [ -3.90682, 40.4464 ], [ -3.90913, 40.44278 ], [ -3.9115, 40.44366 ], [ -3.91974, 40.44269 ], [ -3.92327, 40.44177 ], [ -3.92444, 40.44176 ], [ -3.92564, 40.44265 ], [ -3.92684, 40.44444 ], [ -3.92922, 40.44622 ], [ -3.93041, 40.44711 ], [ -3.93043, 40.44801 ], [ -3.93281, 40.4498 ], [ -3.93637, 40.45157 ], [ -3.94231, 40.45422 ], [ -3.94348, 40.45421 ], [ -3.94468, 40.45511 ], [ -3.94469, 40.45601 ] ] ] } },
{ "type": "Feature", "properties": { "ine_code": "28082", "name": "Manzanares el Real" }, "geometry": { "type": "Polygon", "coordinates": [ [ [ -3.979, 40.78724 ], [ -3.97781, 40.78725 ], [ -3.97546, 40.78817 ], [ -3.97427, 40.78818 ], [ -3.9731, 40.78909 ], [ -3.97074, 40.79001 ], [ -3.96838, 40.79093 ], [ -3.96603, 40.79185 ], [ -3.96484, 40.79186 ], [ -3.96366, 40.79187 ], [ -3.96247, 40.79188 ], [ -3.96248, 40.79278 ], [ -3.96014, 40.7946 ], [ -3.95184, 40.79467 ], [ -3.95066, 40.79468 ], [ -3.94712, 40.79561 ], [ -3.94356, 40.79564 ], [ -3.93882, 40.79568 ], [ -3.93765, 40.79659 ], [ -3.93529, 40.79751 ], [ -3.93294, 40.79933 ], [ -3.93177, 40.80024 ], [ -3.93059, 40.80025 ], [ -3.92229, 40.80032 ], [ -3.9211, 40.80033 ], [ -3.91872, 40.79945 ], [ -3.91399, 40.80038 ], [ -3.91163, 40.8013 ], [ -3.91046, 40.80221 ], [ -3.90337, 40.80407 ], [ -3.89864, 40.80501 ], [ -3.89746, 40.80502 ], [ -3.89628, 40.80593 ], [ -3.8951, 40.80594 ], [ -3.89273, 40.80596 ], [ -3.89155, 40.80687 ], [ -3.88918, 40.80688 ], [ -3.888, 40.80689 ], [ -3.88681, 40.8069 ], [ -3.88564, 40.80781 ], [ -3.88324, 40.80603 ], [ -3.87968, 40.80515 ], [ -3.87732, 40.80607 ], [ -3.8738, 40.8088 ], [ -3.87145, 40.81062 ], [ -3.86792, 40.81245 ], [ -3.86557, 40.81427 ], [ -3.86438, 40.81428 ], [ -3.86202, 40.8152 ], [ -3.8549, 40.81435 ], [ -3.85371, 40.81436 ], [ -3.85252, 40.81347 ], [ -3.85133, 40.81347 ], [ -3.84659, 40.81351 ], [ -3.84422, 40.81353 ], [ -3.84065, 40.81265 ], [ -3.83946, 40.81266 ], [ -3.83827, 40.81177 ], [ -3.83823, 40.80907 ], [ -3.83575, 40.80008 ], [ -3.83454, 40.79828 ], [ -3.83093, 40.79381 ], [ -3.82973, 40.79291 ], [ -3.82971, 40.79111 ], [ -3.82969, 40.78931 ], [ -3.82966, 40.78751 ], [ -3.82964, 40.78571 ], [ -3.82843, 40.78391 ], [ -3.82842, 40.78301 ], [ -3.8284, 40.78121 ], [ -3.82595, 40.77492 ], [ -3.82592, 40.77222 ], [ -3.82473, 40.77223 ], [ -3.82469, 40.76863 ], [ -3.82342, 40.76143 ], [ -3.82218, 40.75693 ], [ -3.82095, 40.75334 ], [ -3.82091, 40.75064 ], [ -3.81972, 40.74974 ], [ -3.81968, 40.74704 ], [ -3.81967, 40.74614 ], [ -3.81966, 40.74524 ], [ -3.81965, 40.74434 ], [ -3.81964, 40.74344 ], [ -3.81963, 40.74254 ], [ -3.81962, 40.74164 ], [ -3.81842, 40.74074 ], [ -3.81841, 40.73984 ], [ -3.8184, 40.73894 ], [ -3.81485, 40.73897 ], [ -3.81361, 40.73447 ], [ -3.8136, 40.73357 ], [ -3.80997, 40.72729 ], [ -3.80756, 40.7237 ], [ -3.80753, 40.721 ], [ -3.80274, 40.71653 ], [ -3.80154, 40.71564 ], [ -3.8003, 40.71114 ], [ -3.80149, 40.71114 ], [ -3.80265, 40.70933 ], [ -3.80385, 40.71112 ], [ -3.80503, 40.71021 ], [ -3.80622, 40.7111 ], [ -3.80621, 40.7102 ], [ -3.8062, 40.7093 ], [ -3.80738, 40.70929 ], [ -3.80856, 40.70838 ], [ -3.80973, 40.70747 ], [ -3.80972, 40.70657 ], [ -3.8109, 40.70657 ], [ -3.81089, 40.70566 ], [ -3.81207, 40.70566 ], [ -3.81206, 40.70476 ], [ -3.81442, 40.70384 ], [ -3.81793, 40.70021 ], [ -3.8191, 40.6993 ], [ -3.82024, 40.69569 ], [ -3.82141, 40.69478 ], [ -3.82022, 40.69389 ], [ -3.82021, 40.69299 ], [ -3.82139, 40.69298 ], [ -3.82138, 40.69208 ], [ -3.82137, 40.69118 ], [ -3.82255, 40.69117 ], [ -3.82373, 40.69116 ], [ -3.82372, 40.69026 ], [ -3.8249, 40.68935 ], [ -3.82724, 40.68753 ], [ -3.82722, 40.68573 ], [ -3.82837, 40.68302 ], [ -3.82952, 40.68031 ], [ -3.83071, 40.6812 ], [ -3.83189, 40.68119 ], [ -3.83191, 40.68209 ], [ -3.83309, 40.68208 ], [ -3.8331, 40.68298 ], [ -3.83428, 40.68298 ], [ -3.83547, 40.68297 ], [ -3.83548, 40.68387 ], [ -3.83666, 40.68386 ], [ -3.83667, 40.68476 ], [ -3.83786, 40.68475 ], [ -3.83904, 40.68474 ], [ -3.83906, 40.68655 ], [ -3.84261, 40.68652 ], [ -3.84853, 40.68648 ], [ -3.8497, 40.68557 ], [ -3.85442, 40.68463 ], [ -3.85562, 40.68552 ], [ -3.85798, 40.68551 ], [ -3.86036, 40.68639 ], [ -3.86154, 40.68638 ], [ -3.86272, 40.68547 ], [ -3.8639, 40.68546 ], [ -3.86506, 40.68365 ], [ -3.8674, 40.68183 ], [ -3.87094, 40.6809 ], [ -3.87331, 40.68089 ], [ -3.87567, 40.68087 ], [ -3.87569, 40.68177 ], [ -3.87687, 40.68176 ], [ -3.87805, 40.68175 ], [ -3.87924, 40.68174 ], [ -3.88042, 40.68173 ], [ -3.8816, 40.68172 ], [ -3.88159, 40.68082 ], [ -3.88277, 40.68081 ], [ -3.88276, 40.67991 ], [ -3.88394, 40.6799 ], [ -3.88513, 40.6799 ], [ -3.88631, 40.67989 ], [ -3.88749, 40.67988 ], [ -3.88868, 40.67987 ], [ -3.88986, 40.67986 ], [ -3.89104, 40.67985 ], [ -3.89103, 40.67895 ], [ -3.89221, 40.67894 ], [ -3.89223, 40.67984 ], [ -3.89224, 40.68074 ], [ -3.89342, 40.68073 ], [ -3.8946, 40.68072 ], [ -3.89462, 40.68162 ], [ -3.8958, 40.68161 ], [ -3.897, 40.68251 ], [ -3.89701, 40.68341 ], [ -3.89819, 40.6834 ], [ -3.89937, 40.68339 ], [ -3.90056, 40.68338 ], [ -3.90055, 40.68248 ], [ -3.90172, 40.68157 ], [ -3.9017, 40.68067 ], [ -3.90169, 40.67977 ], [ -3.90288, 40.67976 ], [ -3.90289, 40.68066 ], [ -3.90407, 40.68065 ], [ -3.90528, 40.68244 ], [ -3.90646, 40.68243 ], [ -3.90766, 40.68332 ], [ -3.90885, 40.68422 ], [ -3.91244, 40.68689 ], [ -3.91363, 40.68778 ], [ -3.91129, 40.6896 ], [ -3.9078, 40.69413 ], [ -3.90547, 40.69685 ], [ -3.90196, 40.69958 ], [ -3.89608, 40.70233 ], [ -3.89489, 40.70234 ], [ -3.89371, 40.70235 ], [ -3.89372, 40.70325 ], [ -3.89254, 40.70326 ], [ -3.89255, 40.70416 ], [ -3.89137, 40.70417 ], [ -3.89138, 40.70507 ], [ -3.89258, 40.70596 ], [ -3.89259, 40.70686 ], [ -3.89381, 40.70956 ], [ -3.89268, 40.71407 ], [ -3.89748, 40.71854 ], [ -3.8987, 40.72123 ], [ -3.89872, 40.72303 ], [ -3.89996, 40.72662 ], [ -3.89997, 40.72753 ], [ -3.90119, 40.73022 ], [ -3.90358, 40.732 ], [ -3.9048, 40.73469 ], [ -3.90601, 40.73649 ], [ -3.90722, 40.73828 ], [ -3.91198, 40.74004 ], [ -3.91555, 40.74092 ], [ -3.91674, 40.74181 ], [ -3.9215, 40.74357 ], [ -3.92271, 40.74536 ], [ -3.92509, 40.74624 ], [ -3.92869, 40.74892 ], [ -3.93347, 40.75248 ], [ -3.93585, 40.75336 ], [ -3.93824, 40.75425 ], [ -3.9418, 40.75512 ], [ -3.94659, 40.75868 ], [ -3.95018, 40.76136 ], [ -3.95139, 40.76315 ], [ -3.95497, 40.76492 ], [ -3.95734, 40.7649 ], [ -3.95973, 40.76578 ], [ -3.96211, 40.76666 ], [ -3.96569, 40.76843 ], [ -3.96687, 40.76842 ], [ -3.96804, 40.76751 ], [ -3.96924, 40.7684 ], [ -3.97044, 40.76929 ], [ -3.97282, 40.77018 ], [ -3.97289, 40.77468 ], [ -3.97173, 40.77649 ], [ -3.97414, 40.77917 ], [ -3.97417, 40.78097 ], [ -3.97539, 40.78367 ], [ -3.98014, 40.78453 ], [ -3.97898, 40.78634 ], [ -3.979, 40.78724 ] ] ] } },
{ "type": "Feature", "properties": { "ine_code": "28083", "name": "Meco" }, "geometry": { "type": "Polygon", "coordinates": [ [ [ -3.35067, 40.53141 ], [ -3.35068, 40.53321 ], [ -3.35308, 40.53951 ], [ -3.35427, 40.54221 ], [ -3.35546, 40.54401 ], [ -3.35547, 40.54581 ], [ -3.35667, 40.54851 ], [ -3.35667, 40.54941 ], [ -3.35904, 40.5503 ], [ -3.36023, 40.5521 ], [ -3.35905, 40.5521 ], [ -3.35787, 40.55211 ], [ -3.35787, 40.55301 ], [ -3.35906, 40.5548 ], [ -3.36263, 40.5584 ], [ -3.36027, 40.56021 ], [ -3.36383, 40.562 ], [ -3.36265, 40.5629 ], [ -3.3603, 40.56561 ], [ -3.35794, 40.56652 ], [ -3.35678, 40.56923 ], [ -3.35441, 40.56833 ], [ -3.35323, 40.56834 ], [ -3.35205, 40.56924 ], [ -3.35441, 40.56923 ], [ -3.35089, 40.57285 ], [ -3.34971, 40.57375 ], [ -3.34734, 40.57286 ], [ -3.34616, 40.57286 ], [ -3.34617, 40.57376 ], [ -3.34499, 40.57377 ], [ -3.34499, 40.57467 ], [ -3.34618, 40.57556 ], [ -3.34382, 40.57737 ], [ -3.34265, 40.57828 ], [ -3.34146, 40.57828 ], [ -3.34147, 40.57918 ], [ -3.34384, 40.58098 ], [ -3.34502, 40.58007 ], [ -3.34739, 40.58097 ], [ -3.34739, 40.58187 ], [ -3.3474, 40.58277 ], [ -3.34621, 40.58277 ], [ -3.34504, 40.58368 ], [ -3.34268, 40.58548 ], [ -3.34269, 40.58639 ], [ -3.34034, 40.5891 ], [ -3.34152, 40.58999 ], [ -3.34035, 40.5918 ], [ -3.33917, 40.5927 ], [ -3.33798, 40.5909 ], [ -3.33681, 40.59181 ], [ -3.33682, 40.59451 ], [ -3.33802, 40.59721 ], [ -3.33447, 40.59812 ], [ -3.33448, 40.59902 ], [ -3.3333, 40.59993 ], [ -3.33212, 40.59993 ], [ -3.33094, 40.60083 ], [ -3.32739, 40.59904 ], [ -3.33092, 40.59723 ], [ -3.32974, 40.59633 ], [ -3.32855, 40.59453 ], [ -3.32144, 40.59005 ], [ -3.32024, 40.58825 ], [ -3.3155, 40.58376 ], [ -3.30839, 40.57928 ], [ -3.3072, 40.57838 ], [ -3.30484, 40.57838 ], [ -3.30366, 40.57839 ], [ -3.30247, 40.57839 ], [ -3.30129, 40.57749 ], [ -3.3001, 40.57659 ], [ -3.29892, 40.5757 ], [ -3.29773, 40.5748 ], [ -3.29655, 40.5748 ], [ -3.29537, 40.5748 ], [ -3.29419, 40.57481 ], [ -3.293, 40.57301 ], [ -3.28945, 40.57212 ], [ -3.28709, 40.57212 ], [ -3.28353, 40.56853 ], [ -3.28471, 40.56762 ], [ -3.28706, 40.56492 ], [ -3.28351, 40.56402 ], [ -3.28351, 40.56312 ], [ -3.2835, 40.56222 ], [ -3.28468, 40.56222 ], [ -3.28468, 40.56132 ], [ -3.28586, 40.56132 ], [ -3.28586, 40.56041 ], [ -3.28703, 40.55951 ], [ -3.28821, 40.55861 ], [ -3.28466, 40.55591 ], [ -3.28583, 40.55411 ], [ -3.28346, 40.55141 ], [ -3.28463, 40.54961 ], [ -3.28581, 40.5487 ], [ -3.28462, 40.5478 ], [ -3.2858, 40.5469 ], [ -3.28698, 40.5469 ], [ -3.28698, 40.546 ], [ -3.28816, 40.54599 ], [ -3.28933, 40.54509 ], [ -3.29052, 40.54509 ], [ -3.29051, 40.54419 ], [ -3.29169, 40.54418 ], [ -3.29169, 40.54328 ], [ -3.29287, 40.54238 ], [ -3.29286, 40.54148 ], [ -3.29286, 40.54058 ], [ -3.29404, 40.54057 ], [ -3.29403, 40.53967 ], [ -3.29522, 40.53967 ], [ -3.29521, 40.53877 ], [ -3.29521, 40.53787 ], [ -3.29639, 40.53787 ], [ -3.29757, 40.53786 ], [ -3.28928, 40.53158 ], [ -3.29163, 40.52977 ], [ -3.29281, 40.52887 ], [ -3.29399, 40.52886 ], [ -3.29634, 40.52796 ], [ -3.2999, 40.53065 ], [ -3.2999, 40.53155 ], [ -3.29991, 40.53245 ], [ -3.30109, 40.53245 ], [ -3.30227, 40.53244 ], [ -3.30226, 40.53154 ], [ -3.30345, 40.53244 ], [ -3.30463, 40.53244 ], [ -3.30581, 40.53244 ], [ -3.30581, 40.53153 ], [ -3.30698, 40.53063 ], [ -3.30698, 40.52973 ], [ -3.30815, 40.52883 ], [ -3.30934, 40.52882 ], [ -3.31051, 40.52792 ], [ -3.31169, 40.52701 ], [ -3.31287, 40.52701 ], [ -3.31405, 40.52611 ], [ -3.31522, 40.5252 ], [ -3.31522, 40.5243 ], [ -3.3164, 40.5243 ], [ -3.31757, 40.52339 ], [ -3.31876, 40.52339 ], [ -3.31994, 40.52339 ], [ -3.32111, 40.52248 ], [ -3.32229, 40.52248 ], [ -3.32229, 40.52158 ], [ -3.32347, 40.52158 ], [ -3.32465, 40.52157 ], [ -3.32465, 40.52247 ], [ -3.32583, 40.52247 ], [ -3.32584, 40.52337 ], [ -3.32702, 40.52337 ], [ -3.32702, 40.52427 ], [ -3.3282, 40.52427 ], [ -3.32939, 40.52516 ], [ -3.32939, 40.52606 ], [ -3.33057, 40.52606 ], [ -3.33176, 40.52696 ], [ -3.33294, 40.52696 ], [ -3.33294, 40.52786 ], [ -3.33412, 40.52785 ], [ -3.33531, 40.52785 ], [ -3.33531, 40.52875 ], [ -3.33649, 40.52875 ], [ -3.33768, 40.52964 ], [ -3.33886, 40.52964 ], [ -3.34004, 40.53054 ], [ -3.34122, 40.53053 ], [ -3.3424, 40.53053 ], [ -3.34241, 40.53143 ], [ -3.34359, 40.53143 ], [ -3.34477, 40.53142 ], [ -3.34595, 40.53142 ], [ -3.34713, 40.53142 ], [ -3.34831, 40.53141 ], [ -3.34949, 40.53141 ], [ -3.35067, 40.53141 ] ] ] } },
{ "type": "Feature", "properties": { "ine_code": "28084", "name": "Mejorada del Campo" }, "geometry": { "type": "Polygon", "coordinates": [ [ [ -3.50325, 40.40832 ], [ -3.50207, 40.40923 ], [ -3.50089, 40.40923 ], [ -3.49972, 40.40924 ], [ -3.49854, 40.40924 ], [ -3.49736, 40.40925 ], [ -3.49618, 40.40925 ], [ -3.49619, 40.41015 ], [ -3.49619, 40.41105 ], [ -3.49502, 40.41196 ], [ -3.49384, 40.41197 ], [ -3.49266, 40.41197 ], [ -3.49149, 40.41198 ], [ -3.49149, 40.41288 ], [ -3.49031, 40.41288 ], [ -3.48914, 40.41379 ], [ -3.48796, 40.41379 ], [ -3.48678, 40.4138 ], [ -3.48678, 40.4129 ], [ -3.4856, 40.4129 ], [ -3.48442, 40.41291 ], [ -3.48325, 40.41381 ], [ -3.48208, 40.41472 ], [ -3.47855, 40.41563 ], [ -3.47502, 40.41655 ], [ -3.47266, 40.41656 ], [ -3.46914, 40.41837 ], [ -3.46678, 40.41838 ], [ -3.46207, 40.4193 ], [ -3.45736, 40.41932 ], [ -3.45265, 40.42024 ], [ -3.45266, 40.42204 ], [ -3.44912, 40.42116 ], [ -3.44203, 40.41848 ], [ -3.43963, 40.41218 ], [ -3.44081, 40.41218 ], [ -3.4408, 40.41038 ], [ -3.44079, 40.40948 ], [ -3.44196, 40.40857 ], [ -3.44077, 40.40677 ], [ -3.44076, 40.40497 ], [ -3.44193, 40.40407 ], [ -3.44193, 40.40317 ], [ -3.44428, 40.40226 ], [ -3.44427, 40.40045 ], [ -3.44545, 40.40135 ], [ -3.44779, 40.39864 ], [ -3.45014, 40.39773 ], [ -3.44894, 40.39503 ], [ -3.4513, 40.39502 ], [ -3.45482, 40.39321 ], [ -3.45601, 40.3941 ], [ -3.45835, 40.39139 ], [ -3.45834, 40.39049 ], [ -3.45951, 40.38958 ], [ -3.46068, 40.38868 ], [ -3.46186, 40.38867 ], [ -3.46422, 40.38956 ], [ -3.4654, 40.38866 ], [ -3.46538, 40.38686 ], [ -3.46656, 40.38685 ], [ -3.47008, 40.38504 ], [ -3.47478, 40.38231 ], [ -3.4783, 40.3805 ], [ -3.48418, 40.37867 ], [ -3.48888, 40.37775 ], [ -3.49124, 40.37864 ], [ -3.49242, 40.37864 ], [ -3.4936, 40.37863 ], [ -3.49477, 40.37773 ], [ -3.49595, 40.37772 ], [ -3.49713, 40.37772 ], [ -3.49831, 40.37771 ], [ -3.49948, 40.37771 ], [ -3.50066, 40.3777 ], [ -3.50067, 40.3795 ], [ -3.50186, 40.3804 ], [ -3.50305, 40.3822 ], [ -3.50541, 40.38218 ], [ -3.50541, 40.38309 ], [ -3.50542, 40.38399 ], [ -3.50071, 40.38491 ], [ -3.50073, 40.38761 ], [ -3.50191, 40.38761 ], [ -3.50309, 40.3876 ], [ -3.5031, 40.3885 ], [ -3.50311, 40.3903 ], [ -3.50193, 40.39031 ], [ -3.50195, 40.39301 ], [ -3.5043, 40.3921 ], [ -3.50428, 40.3894 ], [ -3.50663, 40.38849 ], [ -3.50664, 40.38939 ], [ -3.50665, 40.39029 ], [ -3.50548, 40.39209 ], [ -3.50549, 40.3939 ], [ -3.50904, 40.39568 ], [ -3.50905, 40.39658 ], [ -3.50906, 40.39748 ], [ -3.50906, 40.39839 ], [ -3.50788, 40.39839 ], [ -3.50789, 40.39929 ], [ -3.50672, 40.4002 ], [ -3.50673, 40.4011 ], [ -3.50555, 40.4011 ], [ -3.50556, 40.402 ], [ -3.50438, 40.40201 ], [ -3.50438, 40.40291 ], [ -3.50321, 40.40292 ], [ -3.50321, 40.40382 ], [ -3.50204, 40.40472 ], [ -3.50087, 40.40563 ], [ -3.50087, 40.40653 ], [ -3.50088, 40.40743 ], [ -3.50206, 40.40743 ], [ -3.50324, 40.40742 ], [ -3.50325, 40.40832 ] ] ] } },
{ "type": "Feature", "properties": { "ine_code": "28085", "name": "Miraflores de la Sierra" }, "geometry": { "type": "Polygon", "coordinates": [ [ [ -3.82646, 40.81546 ], [ -3.82764, 40.81545 ], [ -3.83005, 40.81813 ], [ -3.8302, 40.83074 ], [ -3.81491, 40.84076 ], [ -3.80788, 40.84802 ], [ -3.80194, 40.84716 ], [ -3.7984, 40.84899 ], [ -3.796, 40.8463 ], [ -3.79126, 40.84723 ], [ -3.78888, 40.84635 ], [ -3.79005, 40.84544 ], [ -3.78767, 40.84456 ], [ -3.78647, 40.84366 ], [ -3.78646, 40.84276 ], [ -3.78645, 40.84186 ], [ -3.78527, 40.84187 ], [ -3.78526, 40.84097 ], [ -3.78525, 40.84007 ], [ -3.78523, 40.83917 ], [ -3.78522, 40.83827 ], [ -3.78521, 40.83737 ], [ -3.78403, 40.83737 ], [ -3.78283, 40.83648 ], [ -3.78282, 40.83558 ], [ -3.78163, 40.83559 ], [ -3.78162, 40.83469 ], [ -3.78043, 40.83379 ], [ -3.78042, 40.83289 ], [ -3.77923, 40.8329 ], [ -3.77922, 40.832 ], [ -3.78041, 40.83199 ], [ -3.7804, 40.83109 ], [ -3.77921, 40.8311 ], [ -3.7792, 40.8302 ], [ -3.77801, 40.83021 ], [ -3.778, 40.82931 ], [ -3.77682, 40.82931 ], [ -3.77681, 40.82841 ], [ -3.77562, 40.82842 ], [ -3.77442, 40.82753 ], [ -3.77441, 40.82663 ], [ -3.77323, 40.82664 ], [ -3.77322, 40.82574 ], [ -3.76847, 40.82577 ], [ -3.76846, 40.82487 ], [ -3.76728, 40.82487 ], [ -3.76609, 40.82488 ], [ -3.76608, 40.82398 ], [ -3.7649, 40.82399 ], [ -3.7637, 40.8231 ], [ -3.76251, 40.8231 ], [ -3.7625, 40.8222 ], [ -3.76132, 40.82221 ], [ -3.76131, 40.82131 ], [ -3.76012, 40.82132 ], [ -3.75893, 40.82043 ], [ -3.75773, 40.81953 ], [ -3.75653, 40.81864 ], [ -3.75534, 40.81775 ], [ -3.75415, 40.81775 ], [ -3.75294, 40.81506 ], [ -3.75175, 40.81507 ], [ -3.74697, 40.8115 ], [ -3.74696, 40.81059 ], [ -3.74695, 40.80969 ], [ -3.74575, 40.8088 ], [ -3.74457, 40.80881 ], [ -3.74456, 40.80791 ], [ -3.74574, 40.8079 ], [ -3.74573, 40.807 ], [ -3.74455, 40.80701 ], [ -3.74454, 40.80611 ], [ -3.74335, 40.80611 ], [ -3.74216, 40.80612 ], [ -3.74215, 40.80522 ], [ -3.74097, 40.80523 ], [ -3.73978, 40.80524 ], [ -3.7386, 40.80524 ], [ -3.73741, 40.80525 ], [ -3.73623, 40.80526 ], [ -3.73504, 40.80527 ], [ -3.73386, 40.80527 ], [ -3.73385, 40.80437 ], [ -3.73384, 40.80347 ], [ -3.73265, 40.80348 ], [ -3.73264, 40.80258 ], [ -3.73146, 40.80259 ], [ -3.73027, 40.80259 ], [ -3.72909, 40.8026 ], [ -3.72908, 40.8017 ], [ -3.72789, 40.80171 ], [ -3.72788, 40.80081 ], [ -3.72669, 40.80081 ], [ -3.72551, 40.80082 ], [ -3.72432, 40.80083 ], [ -3.72431, 40.79993 ], [ -3.7243, 40.79903 ], [ -3.72429, 40.79813 ], [ -3.72311, 40.79813 ], [ -3.7231, 40.79723 ], [ -3.72544, 40.79452 ], [ -3.73131, 40.78907 ], [ -3.73367, 40.78816 ], [ -3.736, 40.78454 ], [ -3.73717, 40.78363 ], [ -3.74066, 40.7773 ], [ -3.74063, 40.7746 ], [ -3.73701, 40.76922 ], [ -3.74409, 40.76647 ], [ -3.74171, 40.76559 ], [ -3.7237, 40.74318 ], [ -3.71053, 40.72975 ], [ -3.71289, 40.72883 ], [ -3.72355, 40.72967 ], [ -3.72474, 40.72966 ], [ -3.72475, 40.73056 ], [ -3.72593, 40.73055 ], [ -3.72712, 40.73145 ], [ -3.72831, 40.73144 ], [ -3.72948, 40.73053 ], [ -3.73067, 40.73052 ], [ -3.73185, 40.73052 ], [ -3.73303, 40.73051 ], [ -3.73305, 40.73231 ], [ -3.73306, 40.73321 ], [ -3.73309, 40.73591 ], [ -3.73428, 40.73591 ], [ -3.73429, 40.73681 ], [ -3.7343, 40.73771 ], [ -3.73548, 40.7377 ], [ -3.73549, 40.7386 ], [ -3.73668, 40.73859 ], [ -3.73669, 40.73949 ], [ -3.7367, 40.74039 ], [ -3.73788, 40.74039 ], [ -3.73789, 40.74129 ], [ -3.7379, 40.74219 ], [ -3.73791, 40.74309 ], [ -3.73909, 40.74308 ], [ -3.7391, 40.74398 ], [ -3.74031, 40.74578 ], [ -3.74032, 40.74668 ], [ -3.7415, 40.74667 ], [ -3.74151, 40.74757 ], [ -3.7427, 40.74756 ], [ -3.74388, 40.74756 ], [ -3.74748, 40.75114 ], [ -3.74987, 40.75292 ], [ -3.75107, 40.75472 ], [ -3.75345, 40.7556 ], [ -3.75346, 40.7565 ], [ -3.75585, 40.75829 ], [ -3.75942, 40.76007 ], [ -3.76063, 40.76186 ], [ -3.76418, 40.76184 ], [ -3.76776, 40.76361 ], [ -3.77131, 40.76359 ], [ -3.7749, 40.76627 ], [ -3.78085, 40.76893 ], [ -3.78442, 40.76981 ], [ -3.78916, 40.76978 ], [ -3.79037, 40.77247 ], [ -3.7963, 40.77243 ], [ -3.79867, 40.77241 ], [ -3.80581, 40.77507 ], [ -3.80818, 40.77505 ], [ -3.8082, 40.77685 ], [ -3.81179, 40.77953 ], [ -3.81181, 40.78133 ], [ -3.81182, 40.78223 ], [ -3.81301, 40.78222 ], [ -3.81302, 40.78312 ], [ -3.81303, 40.78402 ], [ -3.81421, 40.78402 ], [ -3.81422, 40.78492 ], [ -3.81424, 40.78582 ], [ -3.81542, 40.78581 ], [ -3.81543, 40.78671 ], [ -3.81426, 40.78762 ], [ -3.81429, 40.79032 ], [ -3.81553, 40.79482 ], [ -3.81795, 40.7984 ], [ -3.82035, 40.80109 ], [ -3.82153, 40.80108 ], [ -3.82155, 40.80198 ], [ -3.82273, 40.80197 ], [ -3.82274, 40.80287 ], [ -3.82393, 40.80286 ], [ -3.82394, 40.80376 ], [ -3.82512, 40.80376 ], [ -3.82514, 40.80466 ], [ -3.82632, 40.80465 ], [ -3.82752, 40.80554 ], [ -3.82753, 40.80644 ], [ -3.82754, 40.80734 ], [ -3.82873, 40.80733 ], [ -3.82874, 40.80823 ], [ -3.82875, 40.80914 ], [ -3.82876, 40.81004 ], [ -3.82877, 40.81094 ], [ -3.82879, 40.81274 ], [ -3.8288, 40.81364 ], [ -3.82646, 40.81546 ] ] ] } },
{ "type": "Feature", "properties": { "ine_code": "28086", "name": "El Molar" }, "geometry": { "type": "Polygon", "coordinates": [ [ [ -3.60737, 40.71502 ], [ -3.60738, 40.71592 ], [ -3.60738, 40.71682 ], [ -3.60739, 40.71772 ], [ -3.6074, 40.71863 ], [ -3.60622, 40.71863 ], [ -3.60622, 40.71953 ], [ -3.60623, 40.72043 ], [ -3.60505, 40.72044 ], [ -3.60387, 40.72135 ], [ -3.60269, 40.72135 ], [ -3.6027, 40.72225 ], [ -3.60151, 40.72226 ], [ -3.60152, 40.72316 ], [ -3.60034, 40.72317 ], [ -3.59915, 40.72317 ], [ -3.59916, 40.72407 ], [ -3.59798, 40.72408 ], [ -3.59679, 40.72409 ], [ -3.5968, 40.72499 ], [ -3.59562, 40.72499 ], [ -3.59443, 40.725 ], [ -3.59444, 40.7259 ], [ -3.59326, 40.72591 ], [ -3.59326, 40.72681 ], [ -3.59209, 40.72771 ], [ -3.59091, 40.72862 ], [ -3.59092, 40.72952 ], [ -3.59211, 40.73042 ], [ -3.59214, 40.73312 ], [ -3.59215, 40.73492 ], [ -3.59217, 40.73672 ], [ -3.59336, 40.73762 ], [ -3.59338, 40.73942 ], [ -3.59339, 40.74122 ], [ -3.59341, 40.74302 ], [ -3.59342, 40.74392 ], [ -3.59342, 40.74482 ], [ -3.59343, 40.74572 ], [ -3.59344, 40.74662 ], [ -3.59346, 40.74843 ], [ -3.59346, 40.74933 ], [ -3.59347, 40.75023 ], [ -3.5911, 40.74934 ], [ -3.58991, 40.74935 ], [ -3.58753, 40.74846 ], [ -3.58635, 40.74846 ], [ -3.58518, 40.75027 ], [ -3.58163, 40.75029 ], [ -3.58044, 40.75029 ], [ -3.57807, 40.74941 ], [ -3.57688, 40.74941 ], [ -3.5745, 40.74852 ], [ -3.5745, 40.74762 ], [ -3.57331, 40.74763 ], [ -3.5733, 40.74673 ], [ -3.57211, 40.74583 ], [ -3.5721, 40.74493 ], [ -3.57092, 40.74494 ], [ -3.56974, 40.74494 ], [ -3.56499, 40.74407 ], [ -3.56025, 40.74319 ], [ -3.55905, 40.74229 ], [ -3.55547, 40.73871 ], [ -3.55428, 40.73781 ], [ -3.55072, 40.73693 ], [ -3.54714, 40.73424 ], [ -3.5436, 40.73516 ], [ -3.54359, 40.73426 ], [ -3.54241, 40.73426 ], [ -3.54122, 40.73427 ], [ -3.54121, 40.73337 ], [ -3.54003, 40.73337 ], [ -3.53885, 40.73338 ], [ -3.53766, 40.73339 ], [ -3.53648, 40.73339 ], [ -3.53529, 40.7334 ], [ -3.5353, 40.7343 ], [ -3.53412, 40.7343 ], [ -3.53293, 40.73431 ], [ -3.53175, 40.73431 ], [ -3.53056, 40.73432 ], [ -3.52938, 40.73432 ], [ -3.52937, 40.73342 ], [ -3.52819, 40.73343 ], [ -3.527, 40.73343 ], [ -3.527, 40.73253 ], [ -3.52581, 40.73254 ], [ -3.52581, 40.73164 ], [ -3.5258, 40.73074 ], [ -3.52579, 40.72984 ], [ -3.52578, 40.72894 ], [ -3.52578, 40.72803 ], [ -3.52577, 40.72713 ], [ -3.52576, 40.72623 ], [ -3.52695, 40.72623 ], [ -3.52694, 40.72533 ], [ -3.52693, 40.72443 ], [ -3.52693, 40.72353 ], [ -3.52574, 40.72353 ], [ -3.52573, 40.72263 ], [ -3.52573, 40.72173 ], [ -3.52572, 40.72083 ], [ -3.5269, 40.71992 ], [ -3.52689, 40.71902 ], [ -3.52688, 40.71812 ], [ -3.52807, 40.71812 ], [ -3.52806, 40.71721 ], [ -3.52805, 40.71631 ], [ -3.52805, 40.71541 ], [ -3.52804, 40.71451 ], [ -3.52803, 40.71361 ], [ -3.52922, 40.71361 ], [ -3.52921, 40.7127 ], [ -3.53039, 40.7127 ], [ -3.53038, 40.7118 ], [ -3.53157, 40.71179 ], [ -3.53156, 40.71089 ], [ -3.53275, 40.71089 ], [ -3.53274, 40.70999 ], [ -3.53391, 40.70908 ], [ -3.53391, 40.70818 ], [ -3.5339, 40.70728 ], [ -3.53389, 40.70638 ], [ -3.53389, 40.70548 ], [ -3.53388, 40.70458 ], [ -3.53506, 40.70457 ], [ -3.53624, 40.70366 ], [ -3.53742, 40.70366 ], [ -3.53742, 40.70276 ], [ -3.53859, 40.70185 ], [ -3.53858, 40.70095 ], [ -3.53977, 40.70094 ], [ -3.53976, 40.70004 ], [ -3.54094, 40.70004 ], [ -3.54213, 40.70003 ], [ -3.54212, 40.69913 ], [ -3.5433, 40.69913 ], [ -3.54448, 40.69822 ], [ -3.54447, 40.69732 ], [ -3.54328, 40.69552 ], [ -3.54443, 40.69191 ], [ -3.54442, 40.69101 ], [ -3.54679, 40.691 ], [ -3.54797, 40.691 ], [ -3.54916, 40.69099 ], [ -3.55033, 40.69008 ], [ -3.55152, 40.69008 ], [ -3.55269, 40.68917 ], [ -3.55268, 40.68737 ], [ -3.55386, 40.68736 ], [ -3.55385, 40.68646 ], [ -3.55385, 40.68556 ], [ -3.55384, 40.68466 ], [ -3.55502, 40.68466 ], [ -3.55501, 40.68376 ], [ -3.55619, 40.68285 ], [ -3.55501, 40.68285 ], [ -3.555, 40.68195 ], [ -3.55382, 40.68196 ], [ -3.55381, 40.68106 ], [ -3.5538, 40.68016 ], [ -3.55379, 40.67926 ], [ -3.55379, 40.67836 ], [ -3.55378, 40.67746 ], [ -3.55377, 40.67655 ], [ -3.55376, 40.67565 ], [ -3.55376, 40.67475 ], [ -3.55375, 40.67385 ], [ -3.55374, 40.67295 ], [ -3.55492, 40.67295 ], [ -3.55492, 40.67204 ], [ -3.55491, 40.67114 ], [ -3.5549, 40.67024 ], [ -3.55489, 40.66934 ], [ -3.55489, 40.66844 ], [ -3.55607, 40.66844 ], [ -3.55606, 40.66754 ], [ -3.55488, 40.66754 ], [ -3.55487, 40.66664 ], [ -3.55486, 40.66574 ], [ -3.55368, 40.66574 ], [ -3.55367, 40.66484 ], [ -3.55486, 40.66484 ], [ -3.55485, 40.66394 ], [ -3.55602, 40.66303 ], [ -3.55602, 40.66213 ], [ -3.5572, 40.66212 ], [ -3.55719, 40.66122 ], [ -3.55719, 40.66032 ], [ -3.556, 40.66033 ], [ -3.55599, 40.65943 ], [ -3.5548, 40.65853 ], [ -3.5548, 40.65763 ], [ -3.55598, 40.65763 ], [ -3.55597, 40.65673 ], [ -3.55597, 40.65582 ], [ -3.55478, 40.65583 ], [ -3.55238, 40.65134 ], [ -3.55474, 40.65133 ], [ -3.55947, 40.6504 ], [ -3.56065, 40.6504 ], [ -3.56183, 40.65039 ], [ -3.56302, 40.65038 ], [ -3.5642, 40.65038 ], [ -3.56538, 40.65037 ], [ -3.56656, 40.65037 ], [ -3.56656, 40.64947 ], [ -3.56774, 40.64946 ], [ -3.56773, 40.64856 ], [ -3.56772, 40.64766 ], [ -3.56772, 40.64676 ], [ -3.56771, 40.64586 ], [ -3.5677, 40.64496 ], [ -3.56769, 40.64406 ], [ -3.56887, 40.64315 ], [ -3.57006, 40.64404 ], [ -3.57124, 40.64404 ], [ -3.57242, 40.64403 ], [ -3.57243, 40.64493 ], [ -3.57362, 40.64493 ], [ -3.5748, 40.64492 ], [ -3.57598, 40.64492 ], [ -3.57599, 40.64582 ], [ -3.57717, 40.64581 ], [ -3.57835, 40.6458 ], [ -3.57835, 40.6449 ], [ -3.57953, 40.6449 ], [ -3.58071, 40.64489 ], [ -3.58189, 40.64489 ], [ -3.58308, 40.64488 ], [ -3.58426, 40.64487 ], [ -3.58427, 40.64577 ], [ -3.58547, 40.64847 ], [ -3.58429, 40.64848 ], [ -3.58431, 40.65028 ], [ -3.58551, 40.65298 ], [ -3.58433, 40.65298 ], [ -3.58671, 40.65477 ], [ -3.58908, 40.65566 ], [ -3.59381, 40.65473 ], [ -3.59382, 40.65564 ], [ -3.59501, 40.65653 ], [ -3.59501, 40.65743 ], [ -3.5962, 40.65743 ], [ -3.59739, 40.65832 ], [ -3.5974, 40.65922 ], [ -3.5974, 40.66012 ], [ -3.59741, 40.66102 ], [ -3.5986, 40.66102 ], [ -3.5986, 40.66192 ], [ -3.59861, 40.66282 ], [ -3.59862, 40.66372 ], [ -3.59863, 40.66462 ], [ -3.59981, 40.66461 ], [ -3.59982, 40.66551 ], [ -3.59983, 40.66642 ], [ -3.60102, 40.66731 ], [ -3.60103, 40.66821 ], [ -3.60103, 40.66911 ], [ -3.60104, 40.67001 ], [ -3.60223, 40.67001 ], [ -3.60223, 40.67091 ], [ -3.60224, 40.67181 ], [ -3.60106, 40.67181 ], [ -3.60107, 40.67271 ], [ -3.60226, 40.67361 ], [ -3.60347, 40.67721 ], [ -3.60468, 40.6799 ], [ -3.6047, 40.6817 ], [ -3.60471, 40.68351 ], [ -3.60355, 40.68621 ], [ -3.60238, 40.68712 ], [ -3.6024, 40.68982 ], [ -3.60123, 40.69073 ], [ -3.60125, 40.69343 ], [ -3.60128, 40.69614 ], [ -3.6025, 40.70063 ], [ -3.60251, 40.70153 ], [ -3.60252, 40.70244 ], [ -3.60253, 40.70334 ], [ -3.60134, 40.70334 ], [ -3.60135, 40.70424 ], [ -3.60136, 40.70514 ], [ -3.60137, 40.70605 ], [ -3.60256, 40.70694 ], [ -3.60257, 40.70784 ], [ -3.60257, 40.70874 ], [ -3.60376, 40.70874 ], [ -3.60377, 40.70964 ], [ -3.60377, 40.71054 ], [ -3.60378, 40.71144 ], [ -3.60379, 40.71234 ], [ -3.60497, 40.71233 ], [ -3.60499, 40.71413 ], [ -3.60617, 40.71413 ], [ -3.60736, 40.71412 ], [ -3.60737, 40.71502 ] ] ] } },
{ "type": "Feature", "properties": { "ine_code": "28087", "name": "Los Molinos" }, "geometry": { "type": "Polygon", "coordinates": [ [ [ -4.12614, 40.72734 ], [ -4.125, 40.73006 ], [ -4.12151, 40.73369 ], [ -4.12035, 40.73551 ], [ -4.11918, 40.73642 ], [ -4.11102, 40.7437 ], [ -4.10397, 40.74737 ], [ -4.09686, 40.74744 ], [ -4.09566, 40.74655 ], [ -4.09204, 40.74208 ], [ -4.09084, 40.74119 ], [ -4.08723, 40.73762 ], [ -4.08362, 40.73406 ], [ -4.08002, 40.73139 ], [ -4.07641, 40.72782 ], [ -4.07401, 40.72604 ], [ -4.07163, 40.72516 ], [ -4.06807, 40.72429 ], [ -4.06567, 40.72251 ], [ -4.06443, 40.71892 ], [ -4.06323, 40.71803 ], [ -4.05962, 40.71446 ], [ -4.05607, 40.71449 ], [ -4.05015, 40.71455 ], [ -4.05369, 40.71361 ], [ -4.05601, 40.71089 ], [ -4.056, 40.70999 ], [ -4.05597, 40.70819 ], [ -4.05714, 40.70728 ], [ -4.05828, 40.70456 ], [ -4.06063, 40.70364 ], [ -4.06062, 40.70274 ], [ -4.06177, 40.70093 ], [ -4.06176, 40.70003 ], [ -4.07004, 40.69995 ], [ -4.07359, 40.69992 ], [ -4.07595, 40.69899 ], [ -4.07596, 40.69989 ], [ -4.07598, 40.7008 ], [ -4.07716, 40.70078 ], [ -4.07717, 40.70169 ], [ -4.07836, 40.70167 ], [ -4.07837, 40.70257 ], [ -4.07956, 40.70256 ], [ -4.08074, 40.70255 ], [ -4.08072, 40.70165 ], [ -4.08071, 40.70075 ], [ -4.0807, 40.69985 ], [ -4.08188, 40.69984 ], [ -4.08306, 40.69983 ], [ -4.08785, 40.70339 ], [ -4.09145, 40.70606 ], [ -4.09263, 40.70604 ], [ -4.09265, 40.70694 ], [ -4.09383, 40.70693 ], [ -4.09385, 40.70783 ], [ -4.09503, 40.70782 ], [ -4.09501, 40.70692 ], [ -4.0962, 40.70691 ], [ -4.09618, 40.70601 ], [ -4.09737, 40.706 ], [ -4.09735, 40.7051 ], [ -4.09734, 40.7042 ], [ -4.09852, 40.70419 ], [ -4.09851, 40.70329 ], [ -4.10206, 40.70325 ], [ -4.10442, 40.70323 ], [ -4.10561, 40.70322 ], [ -4.10917, 40.70408 ], [ -4.11159, 40.70676 ], [ -4.11278, 40.70765 ], [ -4.11398, 40.70854 ], [ -4.11518, 40.70943 ], [ -4.1152, 40.71033 ], [ -4.11758, 40.71121 ], [ -4.11878, 40.7121 ], [ -4.11879, 40.713 ], [ -4.11881, 40.7139 ], [ -4.12001, 40.71479 ], [ -4.12002, 40.71569 ], [ -4.12245, 40.71927 ], [ -4.12609, 40.72464 ], [ -4.12614, 40.72734 ] ] ] } },
{ "type": "Feature", "properties": { "ine_code": "28088", "name": "Montejo de la Sierra" }, "geometry": { "type": "Polygon", "coordinates": [ [ [ -3.5481, 41.13781 ], [ -3.54811, 41.13871 ], [ -3.54456, 41.14233 ], [ -3.54459, 41.14593 ], [ -3.54105, 41.14955 ], [ -3.53268, 41.14689 ], [ -3.53268, 41.14599 ], [ -3.53267, 41.14509 ], [ -3.53266, 41.14419 ], [ -3.53147, 41.14419 ], [ -3.53146, 41.14329 ], [ -3.53027, 41.1433 ], [ -3.53026, 41.1424 ], [ -3.53026, 41.14149 ], [ -3.52907, 41.1415 ], [ -3.52906, 41.1406 ], [ -3.52787, 41.1406 ], [ -3.52668, 41.14061 ], [ -3.52667, 41.13971 ], [ -3.52666, 41.13881 ], [ -3.52547, 41.13881 ], [ -3.52428, 41.13882 ], [ -3.52428, 41.13972 ], [ -3.52309, 41.13973 ], [ -3.5219, 41.13973 ], [ -3.52189, 41.13883 ], [ -3.5207, 41.13884 ], [ -3.51951, 41.13884 ], [ -3.51832, 41.13885 ], [ -3.51713, 41.13885 ], [ -3.51594, 41.13886 ], [ -3.51593, 41.13796 ], [ -3.51473, 41.13706 ], [ -3.51474, 41.13796 ], [ -3.51355, 41.13797 ], [ -3.51236, 41.13797 ], [ -3.51116, 41.13708 ], [ -3.50997, 41.13708 ], [ -3.50996, 41.13618 ], [ -3.50877, 41.13619 ], [ -3.50876, 41.13529 ], [ -3.50756, 41.13439 ], [ -3.50756, 41.13349 ], [ -3.50636, 41.13259 ], [ -3.50635, 41.13169 ], [ -3.50634, 41.13079 ], [ -3.50515, 41.1308 ], [ -3.50514, 41.1299 ], [ -3.50395, 41.1299 ], [ -3.50395, 41.129 ], [ -3.50394, 41.1281 ], [ -3.50275, 41.12811 ], [ -3.50274, 41.12721 ], [ -3.50155, 41.12721 ], [ -3.50154, 41.12631 ], [ -3.50154, 41.12541 ], [ -3.50153, 41.12451 ], [ -3.50152, 41.12361 ], [ -3.50033, 41.12361 ], [ -3.50032, 41.12271 ], [ -3.50032, 41.12181 ], [ -3.50031, 41.12091 ], [ -3.5003, 41.12001 ], [ -3.49911, 41.12001 ], [ -3.49911, 41.11911 ], [ -3.49791, 41.11912 ], [ -3.49791, 41.11822 ], [ -3.4979, 41.11732 ], [ -3.49671, 41.11732 ], [ -3.4967, 41.11642 ], [ -3.49551, 41.11643 ], [ -3.49551, 41.11553 ], [ -3.4955, 41.11463 ], [ -3.49431, 41.11463 ], [ -3.4943, 41.11373 ], [ -3.49429, 41.11283 ], [ -3.49549, 41.11282 ], [ -3.49548, 41.11192 ], [ -3.49429, 41.11193 ], [ -3.4931, 41.11193 ], [ -3.49309, 41.11103 ], [ -3.49427, 41.11013 ], [ -3.49427, 41.10923 ], [ -3.49308, 41.10923 ], [ -3.49307, 41.10833 ], [ -3.49306, 41.10743 ], [ -3.49306, 41.10653 ], [ -3.49187, 41.10653 ], [ -3.49067, 41.10654 ], [ -3.49067, 41.10564 ], [ -3.48948, 41.10564 ], [ -3.48947, 41.10474 ], [ -3.48946, 41.10384 ], [ -3.48946, 41.10294 ], [ -3.48945, 41.10204 ], [ -3.49064, 41.10204 ], [ -3.49063, 41.10113 ], [ -3.49182, 41.10113 ], [ -3.49182, 41.10023 ], [ -3.49062, 41.09933 ], [ -3.48943, 41.09934 ], [ -3.48942, 41.09844 ], [ -3.49061, 41.09843 ], [ -3.49061, 41.09753 ], [ -3.4906, 41.09663 ], [ -3.48941, 41.09664 ], [ -3.48822, 41.09664 ], [ -3.48821, 41.09574 ], [ -3.4894, 41.09573 ], [ -3.4894, 41.09483 ], [ -3.48939, 41.09393 ], [ -3.4882, 41.09394 ], [ -3.48701, 41.09394 ], [ -3.48582, 41.09395 ], [ -3.48463, 41.09395 ], [ -3.48344, 41.09396 ], [ -3.48343, 41.09306 ], [ -3.48224, 41.09306 ], [ -3.48105, 41.09307 ], [ -3.47986, 41.09397 ], [ -3.47867, 41.09398 ], [ -3.47748, 41.09398 ], [ -3.47749, 41.09488 ], [ -3.4763, 41.09489 ], [ -3.47865, 41.09038 ], [ -3.48457, 41.08675 ], [ -3.48457, 41.08585 ], [ -3.48456, 41.08495 ], [ -3.48455, 41.08404 ], [ -3.48336, 41.08405 ], [ -3.48336, 41.08315 ], [ -3.48217, 41.08315 ], [ -3.48097, 41.08226 ], [ -3.48096, 41.08136 ], [ -3.48096, 41.08046 ], [ -3.47976, 41.07956 ], [ -3.47856, 41.07866 ], [ -3.47856, 41.07776 ], [ -3.47855, 41.07686 ], [ -3.47974, 41.07686 ], [ -3.47973, 41.07596 ], [ -3.47973, 41.07506 ], [ -3.47972, 41.07416 ], [ -3.47971, 41.07326 ], [ -3.47971, 41.07235 ], [ -3.4797, 41.07145 ], [ -3.48089, 41.07145 ], [ -3.48088, 41.07055 ], [ -3.48207, 41.07054 ], [ -3.48326, 41.07054 ], [ -3.48326, 41.06964 ], [ -3.48445, 41.06963 ], [ -3.48564, 41.06963 ], [ -3.48563, 41.06873 ], [ -3.4856, 41.06422 ], [ -3.49269, 41.05699 ], [ -3.49387, 41.05608 ], [ -3.49506, 41.05608 ], [ -3.49625, 41.05607 ], [ -3.49744, 41.05606 ], [ -3.49982, 41.05605 ], [ -3.50101, 41.05605 ], [ -3.50102, 41.05695 ], [ -3.50221, 41.05694 ], [ -3.5034, 41.05694 ], [ -3.50459, 41.05693 ], [ -3.50458, 41.05603 ], [ -3.50457, 41.05513 ], [ -3.50457, 41.05423 ], [ -3.50456, 41.05333 ], [ -3.50455, 41.05243 ], [ -3.50574, 41.05243 ], [ -3.50575, 41.05333 ], [ -3.50694, 41.05332 ], [ -3.50813, 41.05332 ], [ -3.50931, 41.05241 ], [ -3.5093, 41.05151 ], [ -3.51049, 41.0515 ], [ -3.51168, 41.0515 ], [ -3.51168, 41.0506 ], [ -3.51287, 41.05059 ], [ -3.51406, 41.05059 ], [ -3.51525, 41.05058 ], [ -3.51644, 41.05058 ], [ -3.51763, 41.05057 ], [ -3.51882, 41.05057 ], [ -3.52001, 41.05056 ], [ -3.52, 41.04966 ], [ -3.52119, 41.04965 ], [ -3.52238, 41.04965 ], [ -3.52357, 41.04964 ], [ -3.52476, 41.04964 ], [ -3.52595, 41.04963 ], [ -3.52714, 41.04963 ], [ -3.52715, 41.05053 ], [ -3.52834, 41.05052 ], [ -3.52834, 41.05142 ], [ -3.52953, 41.05142 ], [ -3.53192, 41.05231 ], [ -3.53311, 41.0523 ], [ -3.5343, 41.0523 ], [ -3.53549, 41.05229 ], [ -3.53667, 41.05138 ], [ -3.53786, 41.05138 ], [ -3.53905, 41.05137 ], [ -3.54023, 41.05047 ], [ -3.54261, 41.05046 ], [ -3.54262, 41.05136 ], [ -3.54144, 41.05226 ], [ -3.54146, 41.05497 ], [ -3.54148, 41.05677 ], [ -3.5403, 41.05857 ], [ -3.54032, 41.06038 ], [ -3.53913, 41.06128 ], [ -3.52973, 41.07574 ], [ -3.52856, 41.07845 ], [ -3.52504, 41.08477 ], [ -3.52386, 41.08567 ], [ -3.52272, 41.09289 ], [ -3.52523, 41.10909 ], [ -3.52409, 41.1154 ], [ -3.52292, 41.11811 ], [ -3.52174, 41.11901 ], [ -3.52296, 41.12351 ], [ -3.52658, 41.1289 ], [ -3.53376, 41.13247 ], [ -3.53613, 41.13156 ], [ -3.54211, 41.13423 ], [ -3.54689, 41.13511 ], [ -3.5481, 41.13781 ] ] ] } },
{ "type": "Feature", "properties": { "ine_code": "28089", "name": "Moraleja de Enmedio" }, "geometry": { "type": "MultiPolygon", "coordinates": [ [ [ [ -3.94081, 40.26234 ], [ -3.93964, 40.26235 ], [ -3.93845, 40.26146 ], [ -3.93844, 40.26056 ], [ -3.93842, 40.25966 ], [ -3.93725, 40.25967 ], [ -3.93607, 40.25968 ], [ -3.9349, 40.25969 ], [ -3.93371, 40.2588 ], [ -3.9337, 40.2579 ], [ -3.93252, 40.25791 ], [ -3.93251, 40.25701 ], [ -3.93133, 40.25702 ], [ -3.93132, 40.25611 ], [ -3.93014, 40.25612 ], [ -3.92898, 40.25703 ], [ -3.92781, 40.25704 ], [ -3.92663, 40.25705 ], [ -3.92545, 40.25706 ], [ -3.92311, 40.25798 ], [ -3.92078, 40.2589 ], [ -3.91961, 40.25981 ], [ -3.91727, 40.26073 ], [ -3.9161, 40.26074 ], [ -3.91491, 40.25985 ], [ -3.91373, 40.25986 ], [ -3.91372, 40.25896 ], [ -3.91371, 40.25806 ], [ -3.9137, 40.25716 ], [ -3.91368, 40.25625 ], [ -3.91251, 40.25626 ], [ -3.91018, 40.25808 ], [ -3.90784, 40.259 ], [ -3.9055, 40.25992 ], [ -3.90433, 40.25993 ], [ -3.902, 40.26175 ], [ -3.90083, 40.26266 ], [ -3.89852, 40.26538 ], [ -3.89853, 40.26628 ], [ -3.89854, 40.26718 ], [ -3.89738, 40.26809 ], [ -3.8962, 40.2681 ], [ -3.89387, 40.26992 ], [ -3.89389, 40.27082 ], [ -3.89155, 40.27174 ], [ -3.89156, 40.27264 ], [ -3.89039, 40.27355 ], [ -3.88806, 40.27537 ], [ -3.8869, 40.27628 ], [ -3.88575, 40.27809 ], [ -3.88459, 40.2799 ], [ -3.88578, 40.2808 ], [ -3.88697, 40.28169 ], [ -3.88699, 40.28349 ], [ -3.88582, 40.2835 ], [ -3.87762, 40.28626 ], [ -3.87645, 40.28717 ], [ -3.87647, 40.28807 ], [ -3.8753, 40.28898 ], [ -3.87412, 40.28899 ], [ -3.87295, 40.289 ], [ -3.87176, 40.28811 ], [ -3.87058, 40.28812 ], [ -3.86941, 40.28813 ], [ -3.86823, 40.28814 ], [ -3.86706, 40.28815 ], [ -3.86588, 40.28815 ], [ -3.8647, 40.28816 ], [ -3.86353, 40.28817 ], [ -3.86235, 40.28818 ], [ -3.86117, 40.28819 ], [ -3.86, 40.2882 ], [ -3.85882, 40.28821 ], [ -3.85764, 40.28822 ], [ -3.85647, 40.28822 ], [ -3.85293, 40.28735 ], [ -3.85175, 40.28736 ], [ -3.85059, 40.28827 ], [ -3.84941, 40.28828 ], [ -3.84705, 40.28739 ], [ -3.84703, 40.28649 ], [ -3.84586, 40.2865 ], [ -3.84468, 40.28651 ], [ -3.84351, 40.28652 ], [ -3.84349, 40.28562 ], [ -3.84232, 40.28563 ], [ -3.84114, 40.28563 ], [ -3.84113, 40.28473 ], [ -3.84112, 40.28383 ], [ -3.84111, 40.28293 ], [ -3.83993, 40.28294 ], [ -3.83992, 40.28204 ], [ -3.83991, 40.28114 ], [ -3.8399, 40.28024 ], [ -3.83989, 40.27934 ], [ -3.83871, 40.27935 ], [ -3.8387, 40.27844 ], [ -3.83869, 40.27754 ], [ -3.83985, 40.27663 ], [ -3.83984, 40.27573 ], [ -3.83983, 40.27483 ], [ -3.841, 40.27392 ], [ -3.84099, 40.27302 ], [ -3.84215, 40.27211 ], [ -3.84214, 40.27121 ], [ -3.84213, 40.27031 ], [ -3.84212, 40.26941 ], [ -3.84328, 40.2685 ], [ -3.84327, 40.2676 ], [ -3.84444, 40.26669 ], [ -3.84442, 40.26579 ], [ -3.84559, 40.26488 ], [ -3.84558, 40.26398 ], [ -3.84675, 40.26397 ], [ -3.84674, 40.26307 ], [ -3.84791, 40.26216 ], [ -3.8479, 40.26126 ], [ -3.84788, 40.26036 ], [ -3.84905, 40.25945 ], [ -3.84904, 40.25855 ], [ -3.84903, 40.25765 ], [ -3.85019, 40.25674 ], [ -3.85018, 40.25584 ], [ -3.85017, 40.25494 ], [ -3.85133, 40.25403 ], [ -3.85132, 40.25313 ], [ -3.8525, 40.25312 ], [ -3.85249, 40.25222 ], [ -3.85365, 40.25131 ], [ -3.85364, 40.25041 ], [ -3.85363, 40.24951 ], [ -3.85362, 40.24861 ], [ -3.85361, 40.2477 ], [ -3.85359, 40.2468 ], [ -3.85358, 40.2459 ], [ -3.85357, 40.245 ], [ -3.85356, 40.2441 ], [ -3.85355, 40.2432 ], [ -3.85354, 40.2423 ], [ -3.85235, 40.24141 ], [ -3.85234, 40.24051 ], [ -3.85233, 40.23961 ], [ -3.85232, 40.2387 ], [ -3.85231, 40.2378 ], [ -3.85348, 40.2378 ], [ -3.85583, 40.23778 ], [ -3.85698, 40.23597 ], [ -3.86048, 40.23324 ], [ -3.86165, 40.23323 ], [ -3.86279, 40.23052 ], [ -3.86398, 40.23141 ], [ -3.86631, 40.22959 ], [ -3.86744, 40.22598 ], [ -3.87099, 40.22775 ], [ -3.8757, 40.22862 ], [ -3.87806, 40.2295 ], [ -3.87807, 40.2304 ], [ -3.87808, 40.2313 ], [ -3.87926, 40.2313 ], [ -3.87927, 40.2322 ], [ -3.87928, 40.2331 ], [ -3.88046, 40.23309 ], [ -3.88163, 40.23308 ], [ -3.88281, 40.23307 ], [ -3.8828, 40.23217 ], [ -3.88397, 40.23216 ], [ -3.88515, 40.23215 ], [ -3.88632, 40.23214 ], [ -3.8875, 40.23213 ], [ -3.88867, 40.23212 ], [ -3.88869, 40.23303 ], [ -3.88986, 40.23302 ], [ -3.89104, 40.23301 ], [ -3.89103, 40.23211 ], [ -3.89101, 40.23121 ], [ -3.89455, 40.23208 ], [ -3.89573, 40.23207 ], [ -3.90044, 40.23293 ], [ -3.90162, 40.23293 ], [ -3.90399, 40.23471 ], [ -3.904, 40.23561 ], [ -3.90518, 40.2356 ], [ -3.90519, 40.2365 ], [ -3.9052, 40.2374 ], [ -3.90638, 40.23739 ], [ -3.90639, 40.23829 ], [ -3.90756, 40.23828 ], [ -3.90874, 40.23828 ], [ -3.90875, 40.23918 ], [ -3.90994, 40.24007 ], [ -3.90995, 40.24097 ], [ -3.91113, 40.24096 ], [ -3.91114, 40.24186 ], [ -3.91231, 40.24185 ], [ -3.91349, 40.24184 ], [ -3.9135, 40.24274 ], [ -3.91468, 40.24273 ], [ -3.91469, 40.24363 ], [ -3.91587, 40.24362 ], [ -3.91704, 40.24362 ], [ -3.91822, 40.24361 ], [ -3.91823, 40.24451 ], [ -3.9194, 40.2445 ], [ -3.91942, 40.2454 ], [ -3.92059, 40.24539 ], [ -3.92177, 40.24538 ], [ -3.92294, 40.24537 ], [ -3.92412, 40.24536 ], [ -3.92413, 40.24626 ], [ -3.92531, 40.24625 ], [ -3.92532, 40.24715 ], [ -3.92533, 40.24805 ], [ -3.92652, 40.24895 ], [ -3.92769, 40.24894 ], [ -3.92768, 40.24804 ], [ -3.92886, 40.24803 ], [ -3.93003, 40.24802 ], [ -3.93121, 40.24801 ], [ -3.9312, 40.24711 ], [ -3.93237, 40.2471 ], [ -3.93355, 40.24709 ], [ -3.93356, 40.24799 ], [ -3.93474, 40.24798 ], [ -3.93592, 40.24887 ], [ -3.93594, 40.24977 ], [ -3.93711, 40.24976 ], [ -3.93714, 40.25156 ], [ -3.93833, 40.25245 ], [ -3.93836, 40.25516 ], [ -3.93837, 40.25606 ], [ -3.93839, 40.25696 ], [ -3.9384, 40.25786 ], [ -3.93959, 40.25875 ], [ -3.9396, 40.25965 ], [ -3.94078, 40.25964 ], [ -3.94079, 40.26054 ], [ -3.94199, 40.26233 ], [ -3.94081, 40.26234 ] ] ] ] } },
{ "type": "Feature", "properties": { "ine_code": "28090", "name": "Moralzarzal" }, "geometry": { "type": "Polygon", "coordinates": [ [ [ -3.993, 40.69253 ], [ -3.99301, 40.69343 ], [ -3.99183, 40.69344 ], [ -3.99066, 40.69435 ], [ -3.9883, 40.69527 ], [ -3.98713, 40.69618 ], [ -3.98599, 40.6989 ], [ -3.98602, 40.7007 ], [ -3.98484, 40.70161 ], [ -3.98252, 40.70433 ], [ -3.98136, 40.70614 ], [ -3.98019, 40.70705 ], [ -3.97782, 40.70707 ], [ -3.97664, 40.70708 ], [ -3.97663, 40.70618 ], [ -3.97544, 40.70619 ], [ -3.97426, 40.7062 ], [ -3.97306, 40.70531 ], [ -3.97188, 40.70532 ], [ -3.97187, 40.70442 ], [ -3.97067, 40.70353 ], [ -3.9695, 40.70444 ], [ -3.96834, 40.70625 ], [ -3.96716, 40.70626 ], [ -3.96597, 40.70627 ], [ -3.96479, 40.70628 ], [ -3.96362, 40.70719 ], [ -3.96007, 40.70722 ], [ -3.95891, 40.70903 ], [ -3.95774, 40.70994 ], [ -3.95657, 40.71086 ], [ -3.9554, 40.71177 ], [ -3.95423, 40.71268 ], [ -3.95307, 40.71449 ], [ -3.95189, 40.7145 ], [ -3.95191, 40.7163 ], [ -3.94956, 40.71722 ], [ -3.94838, 40.71813 ], [ -3.94719, 40.71724 ], [ -3.94481, 40.71636 ], [ -3.94243, 40.71548 ], [ -3.94123, 40.71458 ], [ -3.94122, 40.71368 ], [ -3.94121, 40.71278 ], [ -3.94119, 40.71188 ], [ -3.94236, 40.71097 ], [ -3.94352, 40.70916 ], [ -3.94588, 40.70824 ], [ -3.94586, 40.70734 ], [ -3.94705, 40.70733 ], [ -3.94819, 40.70462 ], [ -3.95053, 40.7028 ], [ -3.95171, 40.70189 ], [ -3.95286, 40.70008 ], [ -3.95284, 40.69827 ], [ -3.95282, 40.69737 ], [ -3.95281, 40.69647 ], [ -3.9528, 40.69557 ], [ -3.95279, 40.69467 ], [ -3.95277, 40.69377 ], [ -3.95276, 40.69287 ], [ -3.95156, 40.69198 ], [ -3.95155, 40.69108 ], [ -3.95037, 40.69109 ], [ -3.95036, 40.69019 ], [ -3.95034, 40.68929 ], [ -3.94916, 40.6893 ], [ -3.94796, 40.6884 ], [ -3.94677, 40.68751 ], [ -3.94439, 40.68663 ], [ -3.94081, 40.68486 ], [ -3.93962, 40.68397 ], [ -3.93724, 40.68309 ], [ -3.93604, 40.6822 ], [ -3.93366, 40.68131 ], [ -3.93128, 40.68043 ], [ -3.9301, 40.68044 ], [ -3.92892, 40.68045 ], [ -3.92654, 40.67957 ], [ -3.92534, 40.67868 ], [ -3.92415, 40.67779 ], [ -3.92059, 40.67692 ], [ -3.91941, 40.67783 ], [ -3.91706, 40.67875 ], [ -3.91473, 40.68147 ], [ -3.91356, 40.68238 ], [ -3.90885, 40.68422 ], [ -3.90766, 40.68332 ], [ -3.90646, 40.68243 ], [ -3.90645, 40.68153 ], [ -3.9088, 40.68061 ], [ -3.91115, 40.67879 ], [ -3.91347, 40.67607 ], [ -3.91466, 40.67606 ], [ -3.91583, 40.67515 ], [ -3.91701, 40.67514 ], [ -3.91934, 40.67242 ], [ -3.91933, 40.67152 ], [ -3.91932, 40.67062 ], [ -3.9181, 40.66793 ], [ -3.91685, 40.66343 ], [ -3.91805, 40.66432 ], [ -3.92041, 40.6643 ], [ -3.92278, 40.66429 ], [ -3.92751, 40.66425 ], [ -3.92868, 40.66334 ], [ -3.92983, 40.66063 ], [ -3.92981, 40.65973 ], [ -3.9298, 40.65882 ], [ -3.92861, 40.65793 ], [ -3.92859, 40.65703 ], [ -3.92737, 40.65434 ], [ -3.92734, 40.65164 ], [ -3.92258, 40.64987 ], [ -3.91902, 40.649 ], [ -3.91784, 40.64901 ], [ -3.91665, 40.64902 ], [ -3.91311, 40.64905 ], [ -3.90958, 40.65088 ], [ -3.90489, 40.65362 ], [ -3.90374, 40.65633 ], [ -3.90496, 40.65902 ], [ -3.90619, 40.66262 ], [ -3.90623, 40.66532 ], [ -3.90625, 40.66712 ], [ -3.90627, 40.66802 ], [ -3.90392, 40.66984 ], [ -3.90038, 40.66987 ], [ -3.89801, 40.66989 ], [ -3.89683, 40.6699 ], [ -3.89444, 40.66811 ], [ -3.89206, 40.66723 ], [ -3.88968, 40.66635 ], [ -3.88729, 40.66456 ], [ -3.88491, 40.66368 ], [ -3.88372, 40.66279 ], [ -3.88134, 40.66191 ], [ -3.88133, 40.66101 ], [ -3.87538, 40.65835 ], [ -3.87418, 40.65746 ], [ -3.87531, 40.65294 ], [ -3.87766, 40.65203 ], [ -3.88003, 40.65201 ], [ -3.88239, 40.65199 ], [ -3.88358, 40.65198 ], [ -3.88595, 40.65286 ], [ -3.88831, 40.65194 ], [ -3.88949, 40.65193 ], [ -3.89067, 40.65193 ], [ -3.89184, 40.65102 ], [ -3.89303, 40.65101 ], [ -3.8942, 40.6501 ], [ -3.89655, 40.64918 ], [ -3.8989, 40.64826 ], [ -3.90124, 40.64644 ], [ -3.9036, 40.64552 ], [ -3.90829, 40.64278 ], [ -3.91064, 40.64186 ], [ -3.91301, 40.64184 ], [ -3.91418, 40.64093 ], [ -3.91535, 40.64002 ], [ -3.91771, 40.64 ], [ -3.91888, 40.63909 ], [ -3.92007, 40.63908 ], [ -3.92124, 40.63817 ], [ -3.92241, 40.63726 ], [ -3.92239, 40.63636 ], [ -3.92356, 40.63545 ], [ -3.92473, 40.63454 ], [ -3.92472, 40.63364 ], [ -3.9259, 40.63363 ], [ -3.92706, 40.63182 ], [ -3.92823, 40.63091 ], [ -3.92822, 40.63001 ], [ -3.9294, 40.63 ], [ -3.93057, 40.62909 ], [ -3.93174, 40.62818 ], [ -3.93291, 40.62727 ], [ -3.93407, 40.62546 ], [ -3.93524, 40.62455 ], [ -3.93759, 40.62363 ], [ -3.93758, 40.62273 ], [ -3.93993, 40.62181 ], [ -3.93991, 40.62091 ], [ -3.94108, 40.62 ], [ -3.94225, 40.61909 ], [ -3.94223, 40.61728 ], [ -3.9434, 40.61637 ], [ -3.94455, 40.61456 ], [ -3.94454, 40.61366 ], [ -3.94453, 40.61276 ], [ -3.9457, 40.61185 ], [ -3.94687, 40.61094 ], [ -3.94684, 40.60914 ], [ -3.94683, 40.60824 ], [ -3.94799, 40.60643 ], [ -3.94914, 40.60462 ], [ -3.94913, 40.60371 ], [ -3.95029, 40.6019 ], [ -3.95026, 40.6001 ], [ -3.95143, 40.59919 ], [ -3.9526, 40.59828 ], [ -3.95259, 40.59738 ], [ -3.95377, 40.59737 ], [ -3.95378, 40.59827 ], [ -3.95497, 40.59916 ], [ -3.95617, 40.60005 ], [ -3.95736, 40.60094 ], [ -3.95855, 40.60093 ], [ -3.95856, 40.60183 ], [ -3.95857, 40.60274 ], [ -3.9586, 40.60454 ], [ -3.95862, 40.60634 ], [ -3.95864, 40.60724 ], [ -3.95865, 40.60814 ], [ -3.95866, 40.60904 ], [ -3.95867, 40.60994 ], [ -3.9587, 40.61174 ], [ -3.95871, 40.61264 ], [ -3.95874, 40.61445 ], [ -3.95876, 40.61625 ], [ -3.95878, 40.61715 ], [ -3.95999, 40.61894 ], [ -3.96001, 40.62074 ], [ -3.95885, 40.62255 ], [ -3.95888, 40.62435 ], [ -3.95889, 40.62525 ], [ -3.95892, 40.62706 ], [ -3.95776, 40.62887 ], [ -3.9578, 40.63157 ], [ -3.95781, 40.63247 ], [ -3.95667, 40.63518 ], [ -3.9555, 40.63609 ], [ -3.95316, 40.63791 ], [ -3.952, 40.63973 ], [ -3.94967, 40.64155 ], [ -3.94733, 40.64337 ], [ -3.94616, 40.64428 ], [ -3.94738, 40.64697 ], [ -3.9474, 40.64877 ], [ -3.94862, 40.65146 ], [ -3.94745, 40.65237 ], [ -3.94747, 40.65328 ], [ -3.94867, 40.65507 ], [ -3.9487, 40.65687 ], [ -3.9499, 40.65776 ], [ -3.95108, 40.65775 ], [ -3.95226, 40.65774 ], [ -3.95344, 40.65773 ], [ -3.95463, 40.65772 ], [ -3.95581, 40.65771 ], [ -3.957, 40.6586 ], [ -3.95937, 40.65858 ], [ -3.96291, 40.65765 ], [ -3.96647, 40.65852 ], [ -3.96886, 40.6603 ], [ -3.97004, 40.66029 ], [ -3.97124, 40.66119 ], [ -3.97242, 40.66118 ], [ -3.9736, 40.66117 ], [ -3.97479, 40.66116 ], [ -3.97597, 40.66115 ], [ -3.97715, 40.66114 ], [ -3.97716, 40.66204 ], [ -3.97835, 40.66203 ], [ -3.97953, 40.66202 ], [ -3.98073, 40.66291 ], [ -3.98191, 40.6629 ], [ -3.98309, 40.66289 ], [ -3.98311, 40.66379 ], [ -3.98429, 40.66378 ], [ -3.98548, 40.66467 ], [ -3.98667, 40.66466 ], [ -3.98786, 40.66555 ], [ -3.98905, 40.66554 ], [ -3.99023, 40.66553 ], [ -3.99024, 40.66643 ], [ -3.99143, 40.66642 ], [ -3.99261, 40.66641 ], [ -3.99379, 40.6664 ], [ -3.9938, 40.6673 ], [ -3.99382, 40.6682 ], [ -3.99383, 40.6691 ], [ -3.99384, 40.67 ], [ -3.99386, 40.6709 ], [ -3.99505, 40.67179 ], [ -3.99507, 40.67269 ], [ -3.99508, 40.67359 ], [ -3.99509, 40.6745 ], [ -3.99511, 40.6754 ], [ -3.99512, 40.6763 ], [ -3.99513, 40.6772 ], [ -3.99515, 40.6781 ], [ -3.99516, 40.679 ], [ -3.99518, 40.6799 ], [ -3.99519, 40.6808 ], [ -3.99522, 40.6826 ], [ -3.99524, 40.6844 ], [ -3.99526, 40.6853 ], [ -3.9953, 40.68801 ], [ -3.9977, 40.69069 ], [ -3.99535, 40.69161 ], [ -3.993, 40.69253 ] ] ] } },
{ "type": "Feature", "properties": { "ine_code": "28091", "name": "Morata de Tajuña" }, "geometry": { "type": "Polygon", "coordinates": [ [ [ -3.49831, 40.21825 ], [ -3.49714, 40.21915 ], [ -3.49715, 40.22005 ], [ -3.49834, 40.22185 ], [ -3.49951, 40.22185 ], [ -3.49952, 40.22275 ], [ -3.49953, 40.22455 ], [ -3.50071, 40.22454 ], [ -3.50071, 40.22544 ], [ -3.50072, 40.22634 ], [ -3.50073, 40.22815 ], [ -3.50192, 40.22904 ], [ -3.5031, 40.23084 ], [ -3.50311, 40.23174 ], [ -3.5043, 40.23354 ], [ -3.50431, 40.23534 ], [ -3.50432, 40.23624 ], [ -3.50433, 40.23714 ], [ -3.50551, 40.23804 ], [ -3.50552, 40.23894 ], [ -3.50435, 40.24074 ], [ -3.50437, 40.24255 ], [ -3.50319, 40.24255 ], [ -3.50202, 40.24346 ], [ -3.50086, 40.24526 ], [ -3.49969, 40.24617 ], [ -3.4997, 40.24707 ], [ -3.4997, 40.24797 ], [ -3.50206, 40.24886 ], [ -3.50208, 40.25066 ], [ -3.50325, 40.25066 ], [ -3.50326, 40.25246 ], [ -3.50209, 40.25247 ], [ -3.5021, 40.25427 ], [ -3.50093, 40.25517 ], [ -3.50094, 40.25607 ], [ -3.4974, 40.25429 ], [ -3.49622, 40.25339 ], [ -3.49503, 40.2516 ], [ -3.49268, 40.25161 ], [ -3.49149, 40.25071 ], [ -3.49151, 40.25251 ], [ -3.49034, 40.25342 ], [ -3.48681, 40.25343 ], [ -3.48563, 40.25344 ], [ -3.48446, 40.25434 ], [ -3.4833, 40.25615 ], [ -3.48213, 40.25706 ], [ -3.48095, 40.25616 ], [ -3.4786, 40.25617 ], [ -3.47742, 40.25617 ], [ -3.47271, 40.25529 ], [ -3.47036, 40.2553 ], [ -3.46801, 40.25531 ], [ -3.46684, 40.25622 ], [ -3.46566, 40.25622 ], [ -3.46214, 40.25714 ], [ -3.4598, 40.25805 ], [ -3.45862, 40.25805 ], [ -3.45627, 40.25806 ], [ -3.45273, 40.25717 ], [ -3.44921, 40.25719 ], [ -3.44686, 40.2572 ], [ -3.44098, 40.25812 ], [ -3.43981, 40.25813 ], [ -3.4351, 40.25814 ], [ -3.43274, 40.25725 ], [ -3.42921, 40.25636 ], [ -3.42685, 40.25547 ], [ -3.42568, 40.25548 ], [ -3.42332, 40.25458 ], [ -3.41508, 40.25281 ], [ -3.41155, 40.25192 ], [ -3.40918, 40.24923 ], [ -3.40563, 40.24564 ], [ -3.40562, 40.24474 ], [ -3.40326, 40.24294 ], [ -3.40207, 40.24114 ], [ -3.40089, 40.24025 ], [ -3.3997, 40.23755 ], [ -3.39851, 40.23395 ], [ -3.39731, 40.23125 ], [ -3.39493, 40.22495 ], [ -3.39492, 40.22405 ], [ -3.39489, 40.21865 ], [ -3.39605, 40.21684 ], [ -3.39839, 40.21503 ], [ -3.40423, 40.2078 ], [ -3.40775, 40.20689 ], [ -3.41243, 40.20417 ], [ -3.41595, 40.20326 ], [ -3.41946, 40.20144 ], [ -3.42064, 40.20144 ], [ -3.42296, 40.19692 ], [ -3.42769, 40.20141 ], [ -3.43004, 40.2014 ], [ -3.43356, 40.20139 ], [ -3.43826, 40.20047 ], [ -3.44649, 40.20134 ], [ -3.45119, 40.20222 ], [ -3.45354, 40.20221 ], [ -3.45355, 40.20311 ], [ -3.45356, 40.20402 ], [ -3.45238, 40.20402 ], [ -3.45239, 40.20492 ], [ -3.45239, 40.20582 ], [ -3.45122, 40.20583 ], [ -3.45122, 40.20673 ], [ -3.45123, 40.20763 ], [ -3.45124, 40.20853 ], [ -3.45241, 40.20853 ], [ -3.45242, 40.20943 ], [ -3.45242, 40.21033 ], [ -3.4536, 40.21032 ], [ -3.45831, 40.21211 ], [ -3.46184, 40.21299 ], [ -3.46419, 40.21298 ], [ -3.47242, 40.21295 ], [ -3.47594, 40.21294 ], [ -3.47948, 40.21382 ], [ -3.48066, 40.21472 ], [ -3.48301, 40.21561 ], [ -3.48654, 40.21559 ], [ -3.4889, 40.21649 ], [ -3.49125, 40.21648 ], [ -3.49361, 40.21827 ], [ -3.49596, 40.21826 ], [ -3.4983, 40.21735 ], [ -3.49831, 40.21825 ] ] ] } },
{ "type": "Feature", "properties": { "ine_code": "28092", "name": "Móstoles" }, "geometry": { "type": "Polygon", "coordinates": [ [ [ -3.94131, 40.29838 ], [ -3.94133, 40.29928 ], [ -3.94134, 40.30018 ], [ -3.94135, 40.30108 ], [ -3.94138, 40.30288 ], [ -3.94139, 40.30378 ], [ -3.9414, 40.30468 ], [ -3.94141, 40.30558 ], [ -3.9426, 40.30647 ], [ -3.94262, 40.30738 ], [ -3.94379, 40.30737 ], [ -3.9438, 40.30827 ], [ -3.94498, 40.30826 ], [ -3.94499, 40.30916 ], [ -3.94501, 40.31006 ], [ -3.94502, 40.31096 ], [ -3.94503, 40.31186 ], [ -3.94504, 40.31276 ], [ -3.94387, 40.31277 ], [ -3.94388, 40.31367 ], [ -3.94389, 40.31457 ], [ -3.9439, 40.31547 ], [ -3.94273, 40.31548 ], [ -3.94274, 40.31638 ], [ -3.94275, 40.31728 ], [ -3.94277, 40.31818 ], [ -3.94278, 40.31909 ], [ -3.94397, 40.31998 ], [ -3.94398, 40.32088 ], [ -3.94399, 40.32178 ], [ -3.944, 40.32268 ], [ -3.94518, 40.32267 ], [ -3.94519, 40.32357 ], [ -3.94403, 40.32448 ], [ -3.94169, 40.3254 ], [ -3.9417, 40.3263 ], [ -3.94052, 40.32631 ], [ -3.94054, 40.32721 ], [ -3.93936, 40.32722 ], [ -3.93937, 40.32812 ], [ -3.9382, 40.32813 ], [ -3.93821, 40.32903 ], [ -3.93703, 40.32904 ], [ -3.93587, 40.32995 ], [ -3.93469, 40.32996 ], [ -3.9347, 40.33086 ], [ -3.93354, 40.33177 ], [ -3.93355, 40.33267 ], [ -3.93237, 40.33268 ], [ -3.93238, 40.33358 ], [ -3.9348, 40.33807 ], [ -3.9301, 40.33901 ], [ -3.92305, 40.33997 ], [ -3.91833, 40.3391 ], [ -3.91716, 40.33911 ], [ -3.91717, 40.34001 ], [ -3.91599, 40.34002 ], [ -3.916, 40.34092 ], [ -3.91484, 40.34183 ], [ -3.91367, 40.34274 ], [ -3.90546, 40.34461 ], [ -3.90312, 40.34643 ], [ -3.89963, 40.34916 ], [ -3.89845, 40.34917 ], [ -3.8961, 40.34919 ], [ -3.89375, 40.35011 ], [ -3.88906, 40.35104 ], [ -3.88555, 40.35287 ], [ -3.88085, 40.35381 ], [ -3.87967, 40.35382 ], [ -3.87849, 40.35383 ], [ -3.87732, 40.35384 ], [ -3.87614, 40.35384 ], [ -3.87377, 40.35296 ], [ -3.8726, 40.35297 ], [ -3.87142, 40.35298 ], [ -3.8679, 40.35391 ], [ -3.86668, 40.35121 ], [ -3.86666, 40.34941 ], [ -3.86663, 40.34671 ], [ -3.86425, 40.34492 ], [ -3.86188, 40.34404 ], [ -3.85952, 40.34316 ], [ -3.85951, 40.34226 ], [ -3.85832, 40.34136 ], [ -3.85831, 40.34046 ], [ -3.85946, 40.33865 ], [ -3.85945, 40.33775 ], [ -3.85943, 40.33595 ], [ -3.8606, 40.33594 ], [ -3.85821, 40.33326 ], [ -3.85587, 40.33418 ], [ -3.85588, 40.33508 ], [ -3.85471, 40.33509 ], [ -3.85469, 40.33418 ], [ -3.85468, 40.33328 ], [ -3.85467, 40.33238 ], [ -3.85349, 40.33239 ], [ -3.85231, 40.3315 ], [ -3.85229, 40.3306 ], [ -3.85112, 40.33061 ], [ -3.85111, 40.32971 ], [ -3.8511, 40.32881 ], [ -3.84992, 40.32881 ], [ -3.84991, 40.32791 ], [ -3.84873, 40.32792 ], [ -3.84872, 40.32702 ], [ -3.84871, 40.32612 ], [ -3.84751, 40.32433 ], [ -3.84633, 40.32434 ], [ -3.84515, 40.32434 ], [ -3.84398, 40.32435 ], [ -3.84397, 40.32345 ], [ -3.84395, 40.32255 ], [ -3.84394, 40.32165 ], [ -3.84393, 40.32075 ], [ -3.84392, 40.31985 ], [ -3.84274, 40.31986 ], [ -3.84273, 40.31896 ], [ -3.84272, 40.31806 ], [ -3.84153, 40.31716 ], [ -3.84152, 40.31626 ], [ -3.84151, 40.31536 ], [ -3.8415, 40.31446 ], [ -3.84268, 40.31445 ], [ -3.84267, 40.31355 ], [ -3.84265, 40.31265 ], [ -3.84264, 40.31175 ], [ -3.84263, 40.31085 ], [ -3.84262, 40.30995 ], [ -3.84144, 40.30996 ], [ -3.84143, 40.30906 ], [ -3.84142, 40.30816 ], [ -3.8426, 40.30815 ], [ -3.84377, 40.30814 ], [ -3.84376, 40.30724 ], [ -3.84259, 40.30725 ], [ -3.84258, 40.30635 ], [ -3.84374, 40.30544 ], [ -3.84373, 40.30453 ], [ -3.84372, 40.30363 ], [ -3.84371, 40.30273 ], [ -3.84488, 40.30272 ], [ -3.84607, 40.30362 ], [ -3.84724, 40.30271 ], [ -3.8484, 40.3018 ], [ -3.84839, 40.3009 ], [ -3.84957, 40.30089 ], [ -3.84956, 40.29999 ], [ -3.84838, 40.3 ], [ -3.84837, 40.2991 ], [ -3.84719, 40.2991 ], [ -3.84718, 40.2982 ], [ -3.84717, 40.2973 ], [ -3.84599, 40.29731 ], [ -3.84598, 40.29641 ], [ -3.84481, 40.29642 ], [ -3.84479, 40.29552 ], [ -3.84362, 40.29553 ], [ -3.84361, 40.29463 ], [ -3.8436, 40.29372 ], [ -3.84357, 40.29192 ], [ -3.84356, 40.29102 ], [ -3.84355, 40.29012 ], [ -3.84236, 40.28923 ], [ -3.84235, 40.28833 ], [ -3.84234, 40.28743 ], [ -3.84115, 40.28654 ], [ -3.84114, 40.28563 ], [ -3.84232, 40.28563 ], [ -3.84349, 40.28562 ], [ -3.84351, 40.28652 ], [ -3.84468, 40.28651 ], [ -3.84586, 40.2865 ], [ -3.84703, 40.28649 ], [ -3.84705, 40.28739 ], [ -3.84941, 40.28828 ], [ -3.85059, 40.28827 ], [ -3.85175, 40.28736 ], [ -3.85293, 40.28735 ], [ -3.85647, 40.28822 ], [ -3.85764, 40.28822 ], [ -3.85882, 40.28821 ], [ -3.86, 40.2882 ], [ -3.86117, 40.28819 ], [ -3.86235, 40.28818 ], [ -3.86353, 40.28817 ], [ -3.8647, 40.28816 ], [ -3.86588, 40.28815 ], [ -3.86706, 40.28815 ], [ -3.86823, 40.28814 ], [ -3.86941, 40.28813 ], [ -3.87058, 40.28812 ], [ -3.87176, 40.28811 ], [ -3.87295, 40.289 ], [ -3.87412, 40.28899 ], [ -3.8753, 40.28898 ], [ -3.87647, 40.28807 ], [ -3.87767, 40.28987 ], [ -3.87885, 40.29076 ], [ -3.88123, 40.29254 ], [ -3.88357, 40.29162 ], [ -3.8871, 40.2916 ], [ -3.88831, 40.29429 ], [ -3.88949, 40.29428 ], [ -3.8895, 40.29518 ], [ -3.88951, 40.29608 ], [ -3.88952, 40.29698 ], [ -3.8907, 40.29698 ], [ -3.89191, 40.29967 ], [ -3.89195, 40.30237 ], [ -3.89429, 40.30145 ], [ -3.89549, 40.30324 ], [ -3.8955, 40.30415 ], [ -3.89668, 40.30414 ], [ -3.89785, 40.30413 ], [ -3.89787, 40.30503 ], [ -3.89904, 40.30502 ], [ -3.90021, 40.30411 ], [ -3.90138, 40.3041 ], [ -3.9014, 40.305 ], [ -3.90257, 40.30499 ], [ -3.90256, 40.30409 ], [ -3.90374, 40.30408 ], [ -3.90491, 40.30407 ], [ -3.9049, 40.30317 ], [ -3.90608, 40.30316 ], [ -3.90607, 40.30226 ], [ -3.90724, 40.30225 ], [ -3.90723, 40.30135 ], [ -3.90841, 40.30134 ], [ -3.9084, 40.30044 ], [ -3.90838, 40.29954 ], [ -3.90956, 40.29953 ], [ -3.90955, 40.29863 ], [ -3.91071, 40.29772 ], [ -3.9107, 40.29682 ], [ -3.91188, 40.29681 ], [ -3.91186, 40.29591 ], [ -3.91185, 40.29501 ], [ -3.91303, 40.295 ], [ -3.91302, 40.2941 ], [ -3.91419, 40.29409 ], [ -3.91536, 40.29318 ], [ -3.91537, 40.29408 ], [ -3.91541, 40.29678 ], [ -3.91542, 40.29768 ], [ -3.91543, 40.29858 ], [ -3.91544, 40.29949 ], [ -3.91662, 40.29948 ], [ -3.91663, 40.30038 ], [ -3.91781, 40.30037 ], [ -3.91782, 40.30127 ], [ -3.91783, 40.30217 ], [ -3.91901, 40.30216 ], [ -3.91902, 40.30306 ], [ -3.9202, 40.30305 ], [ -3.92137, 40.30304 ], [ -3.92136, 40.30214 ], [ -3.92254, 40.30213 ], [ -3.92255, 40.30303 ], [ -3.92373, 40.30302 ], [ -3.92489, 40.30211 ], [ -3.92607, 40.3021 ], [ -3.92606, 40.3012 ], [ -3.92723, 40.30119 ], [ -3.92841, 40.30118 ], [ -3.92959, 40.30117 ], [ -3.93076, 40.30116 ], [ -3.93075, 40.30026 ], [ -3.93193, 40.30025 ], [ -3.93191, 40.29935 ], [ -3.93309, 40.29934 ], [ -3.93427, 40.29933 ], [ -3.93425, 40.29843 ], [ -3.93543, 40.29842 ], [ -3.93542, 40.29752 ], [ -3.93659, 40.29751 ], [ -3.93777, 40.2975 ], [ -3.93776, 40.2966 ], [ -3.93894, 40.29659 ], [ -3.93895, 40.29749 ], [ -3.94012, 40.29749 ], [ -3.9413, 40.29748 ], [ -3.94131, 40.29838 ] ] ] } },
{ "type": "Feature", "properties": { "ine_code": "28093", "name": "Navacerrada" }, "geometry": { "type": "MultiPolygon", "coordinates": [ [ [ [ -4.04195, 40.72003 ], [ -4.04196, 40.72093 ], [ -4.04198, 40.72183 ], [ -4.04199, 40.72273 ], [ -4.04081, 40.72274 ], [ -4.03962, 40.72275 ], [ -4.03964, 40.72365 ], [ -4.03845, 40.72366 ], [ -4.03847, 40.72456 ], [ -4.03848, 40.72546 ], [ -4.0373, 40.72547 ], [ -4.03731, 40.72637 ], [ -4.03733, 40.72727 ], [ -4.03734, 40.72817 ], [ -4.03735, 40.72908 ], [ -4.03737, 40.72998 ], [ -4.03618, 40.72999 ], [ -4.0362, 40.73089 ], [ -4.03501, 40.7309 ], [ -4.03503, 40.7318 ], [ -4.03386, 40.73271 ], [ -4.03269, 40.73362 ], [ -4.0327, 40.73452 ], [ -4.03152, 40.73453 ], [ -4.03153, 40.73543 ], [ -4.03154, 40.73633 ], [ -4.03273, 40.73632 ], [ -4.03274, 40.73722 ], [ -4.03276, 40.73812 ], [ -4.03277, 40.73903 ], [ -4.03395, 40.73901 ], [ -4.03397, 40.73992 ], [ -4.03515, 40.73991 ], [ -4.03634, 40.73989 ], [ -4.03639, 40.7435 ], [ -4.03407, 40.74622 ], [ -4.03411, 40.74892 ], [ -4.03057, 40.74986 ], [ -4.02349, 40.75172 ], [ -4.01758, 40.75267 ], [ -4.01171, 40.75633 ], [ -4.00936, 40.75725 ], [ -4.00819, 40.75816 ], [ -4.00585, 40.75998 ], [ -4.00587, 40.76178 ], [ -4.00476, 40.7663 ], [ -4.00246, 40.77082 ], [ -4.00131, 40.77353 ], [ -4.00015, 40.77535 ], [ -3.99548, 40.77989 ], [ -3.99668, 40.78078 ], [ -3.99669, 40.78168 ], [ -3.99671, 40.78258 ], [ -3.99672, 40.78348 ], [ -3.99673, 40.78438 ], [ -3.99675, 40.78529 ], [ -3.99676, 40.78619 ], [ -3.99677, 40.78709 ], [ -3.98964, 40.78535 ], [ -3.98372, 40.7863 ], [ -3.98014, 40.78453 ], [ -3.97539, 40.78367 ], [ -3.97417, 40.78097 ], [ -3.97414, 40.77917 ], [ -3.97173, 40.77649 ], [ -3.97289, 40.77468 ], [ -3.97282, 40.77018 ], [ -3.97044, 40.76929 ], [ -3.96924, 40.7684 ], [ -3.96804, 40.76751 ], [ -3.97274, 40.76477 ], [ -3.97744, 40.76203 ], [ -3.98208, 40.75478 ], [ -3.98318, 40.74937 ], [ -3.98311, 40.74486 ], [ -3.9831, 40.74396 ], [ -3.98307, 40.74216 ], [ -3.98423, 40.74035 ], [ -3.98651, 40.73403 ], [ -3.98768, 40.73311 ], [ -3.99233, 40.72767 ], [ -3.99585, 40.72494 ], [ -3.99816, 40.72131 ], [ -3.99932, 40.7195 ], [ -4.00284, 40.71767 ], [ -4.00277, 40.71317 ], [ -4.00393, 40.71135 ], [ -4.0051, 40.71044 ], [ -4.00748, 40.71132 ], [ -4.00868, 40.71221 ], [ -4.01106, 40.71309 ], [ -4.01343, 40.71307 ], [ -4.01462, 40.71396 ], [ -4.01701, 40.71484 ], [ -4.01819, 40.71483 ], [ -4.01939, 40.71572 ], [ -4.02295, 40.71659 ], [ -4.02414, 40.71658 ], [ -4.02652, 40.71746 ], [ -4.02772, 40.71835 ], [ -4.03008, 40.71833 ], [ -4.03244, 40.71741 ], [ -4.0348, 40.71739 ], [ -4.03599, 40.71738 ], [ -4.03836, 40.71736 ], [ -4.04074, 40.71823 ], [ -4.04075, 40.71914 ], [ -4.04077, 40.72004 ], [ -4.04195, 40.72003 ] ] ], [ [ [ -3.99796, 40.78708 ], [ -3.99914, 40.78707 ], [ -3.99916, 40.78797 ], [ -3.99796, 40.78708 ] ] ], [ [ [ -4.00153, 40.78795 ], [ -4.00271, 40.78794 ], [ -4.00273, 40.78884 ], [ -4.00153, 40.78795 ] ] ] ] } },
{ "type": "Feature", "properties": { "ine_code": "28094", "name": "Navalafuente" }, "geometry": { "type": "Polygon", "coordinates": [ [ [ -3.70069, 40.80818 ], [ -3.70195, 40.81538 ], [ -3.70079, 40.81719 ], [ -3.70084, 40.82259 ], [ -3.70086, 40.8244 ], [ -3.69969, 40.8253 ], [ -3.6985, 40.82531 ], [ -3.69731, 40.82532 ], [ -3.69613, 40.82533 ], [ -3.69495, 40.82623 ], [ -3.69377, 40.82624 ], [ -3.69258, 40.82625 ], [ -3.69259, 40.82715 ], [ -3.6914, 40.82716 ], [ -3.69022, 40.82716 ], [ -3.69023, 40.82806 ], [ -3.68904, 40.82807 ], [ -3.68787, 40.82898 ], [ -3.68668, 40.82899 ], [ -3.6855, 40.82989 ], [ -3.68432, 40.8299 ], [ -3.68313, 40.82991 ], [ -3.68314, 40.83081 ], [ -3.68195, 40.83082 ], [ -3.68077, 40.83082 ], [ -3.67958, 40.83083 ], [ -3.67959, 40.83173 ], [ -3.6796, 40.83263 ], [ -3.67841, 40.83264 ], [ -3.67131, 40.83358 ], [ -3.66894, 40.83359 ], [ -3.66537, 40.83271 ], [ -3.663, 40.83273 ], [ -3.66063, 40.83274 ], [ -3.65944, 40.83275 ], [ -3.6547, 40.83368 ], [ -3.65352, 40.83368 ], [ -3.65351, 40.83278 ], [ -3.6535, 40.83188 ], [ -3.65349, 40.83098 ], [ -3.65347, 40.82918 ], [ -3.65347, 40.82828 ], [ -3.65345, 40.82648 ], [ -3.65107, 40.82559 ], [ -3.65224, 40.82378 ], [ -3.65223, 40.82288 ], [ -3.65222, 40.82198 ], [ -3.65339, 40.82107 ], [ -3.65339, 40.82017 ], [ -3.65338, 40.81927 ], [ -3.65455, 40.81836 ], [ -3.65454, 40.81746 ], [ -3.65453, 40.81566 ], [ -3.65452, 40.81476 ], [ -3.65451, 40.81386 ], [ -3.6545, 40.81296 ], [ -3.65449, 40.81206 ], [ -3.65448, 40.81116 ], [ -3.65566, 40.81025 ], [ -3.65565, 40.80935 ], [ -3.65564, 40.80845 ], [ -3.65682, 40.80754 ], [ -3.658, 40.80663 ], [ -3.65917, 40.80572 ], [ -3.65916, 40.80482 ], [ -3.66271, 40.8039 ], [ -3.6639, 40.8039 ], [ -3.66508, 40.80389 ], [ -3.66627, 40.80388 ], [ -3.66626, 40.80298 ], [ -3.66744, 40.80297 ], [ -3.66863, 40.80297 ], [ -3.66981, 40.80296 ], [ -3.671, 40.80295 ], [ -3.67337, 40.80294 ], [ -3.67455, 40.80203 ], [ -3.67456, 40.80293 ], [ -3.67574, 40.80293 ], [ -3.67693, 40.80292 ], [ -3.67811, 40.80291 ], [ -3.6793, 40.80291 ], [ -3.67931, 40.80381 ], [ -3.68049, 40.8038 ], [ -3.68168, 40.80379 ], [ -3.68286, 40.80378 ], [ -3.68405, 40.80378 ], [ -3.68522, 40.80287 ], [ -3.68641, 40.80286 ], [ -3.6876, 40.80286 ], [ -3.68878, 40.80285 ], [ -3.68997, 40.80284 ], [ -3.69115, 40.80283 ], [ -3.69114, 40.80193 ], [ -3.69233, 40.80193 ], [ -3.69351, 40.80192 ], [ -3.6947, 40.80191 ], [ -3.69706, 40.801 ], [ -3.69825, 40.80099 ], [ -3.70061, 40.80008 ], [ -3.70179, 40.80007 ], [ -3.70069, 40.80818 ] ] ] } },
{ "type": "Feature", "properties": { "ine_code": "28095", "name": "Navalagamella" }, "geometry": { "type": "Polygon", "coordinates": [ [ [ -4.16963, 40.43773 ], [ -4.16965, 40.43863 ], [ -4.16966, 40.43953 ], [ -4.16968, 40.44044 ], [ -4.17208, 40.44311 ], [ -4.17211, 40.44492 ], [ -4.17332, 40.4467 ], [ -4.17689, 40.44847 ], [ -4.17691, 40.44937 ], [ -4.17692, 40.45027 ], [ -4.17578, 40.45209 ], [ -4.17581, 40.45389 ], [ -4.17464, 40.4548 ], [ -4.17466, 40.4557 ], [ -4.17584, 40.45569 ], [ -4.17585, 40.45659 ], [ -4.17587, 40.45749 ], [ -4.17589, 40.45839 ], [ -4.17471, 40.4584 ], [ -4.17472, 40.4593 ], [ -4.17474, 40.4602 ], [ -4.17475, 40.4611 ], [ -4.17357, 40.46112 ], [ -4.17359, 40.46202 ], [ -4.17241, 40.46203 ], [ -4.17243, 40.46293 ], [ -4.17244, 40.46383 ], [ -4.17126, 40.46384 ], [ -4.1701, 40.46476 ], [ -4.16892, 40.46477 ], [ -4.16774, 40.46478 ], [ -4.16656, 40.46479 ], [ -4.16538, 40.4648 ], [ -4.1654, 40.4657 ], [ -4.16422, 40.46572 ], [ -4.16423, 40.46662 ], [ -4.16305, 40.46663 ], [ -4.16307, 40.46753 ], [ -4.16189, 40.46754 ], [ -4.16191, 40.46844 ], [ -4.16192, 40.46934 ], [ -4.16194, 40.47024 ], [ -4.16195, 40.47114 ], [ -4.16197, 40.47204 ], [ -4.1608, 40.47296 ], [ -4.16082, 40.47386 ], [ -4.16084, 40.47476 ], [ -4.15966, 40.47477 ], [ -4.15967, 40.47567 ], [ -4.15969, 40.47657 ], [ -4.1597, 40.47747 ], [ -4.15852, 40.47748 ], [ -4.15854, 40.47838 ], [ -4.15736, 40.4784 ], [ -4.15737, 40.4793 ], [ -4.15621, 40.48021 ], [ -4.15623, 40.48111 ], [ -4.15624, 40.48201 ], [ -4.15626, 40.48291 ], [ -4.15508, 40.48292 ], [ -4.15509, 40.48382 ], [ -4.15391, 40.48384 ], [ -4.15393, 40.48474 ], [ -4.15276, 40.48565 ], [ -4.15278, 40.48655 ], [ -4.15396, 40.48654 ], [ -4.15397, 40.48744 ], [ -4.15399, 40.48834 ], [ -4.15401, 40.48924 ], [ -4.15283, 40.48925 ], [ -4.15284, 40.49015 ], [ -4.15286, 40.49105 ], [ -4.15168, 40.49107 ], [ -4.15169, 40.49197 ], [ -4.15171, 40.49287 ], [ -4.14942, 40.49739 ], [ -4.14711, 40.50012 ], [ -4.14596, 40.50193 ], [ -4.14598, 40.50283 ], [ -4.1448, 40.50285 ], [ -4.14481, 40.50375 ], [ -4.14363, 40.50376 ], [ -4.14365, 40.50466 ], [ -4.14247, 40.50467 ], [ -4.14248, 40.50557 ], [ -4.1413, 40.50558 ], [ -4.14132, 40.50648 ], [ -4.13207, 40.51829 ], [ -4.13209, 40.51919 ], [ -4.13091, 40.5192 ], [ -4.13092, 40.5201 ], [ -4.12974, 40.52011 ], [ -4.12976, 40.52101 ], [ -4.12859, 40.52192 ], [ -4.12741, 40.52193 ], [ -4.1274, 40.52103 ], [ -4.12738, 40.52013 ], [ -4.1262, 40.52014 ], [ -4.12619, 40.51924 ], [ -4.12617, 40.51834 ], [ -4.12499, 40.51835 ], [ -4.12498, 40.51745 ], [ -4.12496, 40.51655 ], [ -4.12495, 40.51565 ], [ -4.12493, 40.51475 ], [ -4.12375, 40.51476 ], [ -4.12374, 40.51386 ], [ -4.12372, 40.51296 ], [ -4.12371, 40.51206 ], [ -4.12251, 40.51117 ], [ -4.1225, 40.51027 ], [ -4.12248, 40.50937 ], [ -4.12247, 40.50847 ], [ -4.12245, 40.50757 ], [ -4.12363, 40.50756 ], [ -4.12362, 40.50666 ], [ -4.1248, 40.50665 ], [ -4.12478, 40.50574 ], [ -4.12596, 40.50573 ], [ -4.12595, 40.50483 ], [ -4.12477, 40.50484 ], [ -4.12475, 40.50394 ], [ -4.12357, 40.50395 ], [ -4.12356, 40.50305 ], [ -4.12238, 40.50307 ], [ -4.12236, 40.50216 ], [ -4.12118, 40.50218 ], [ -4.12117, 40.50128 ], [ -4.11999, 40.50129 ], [ -4.11997, 40.50039 ], [ -4.11996, 40.49949 ], [ -4.11878, 40.4995 ], [ -4.11876, 40.4986 ], [ -4.11875, 40.4977 ], [ -4.11873, 40.49679 ], [ -4.11872, 40.49589 ], [ -4.1187, 40.49499 ], [ -4.11988, 40.49498 ], [ -4.11987, 40.49408 ], [ -4.11985, 40.49318 ], [ -4.11867, 40.49319 ], [ -4.11866, 40.49229 ], [ -4.11748, 40.4923 ], [ -4.11746, 40.4914 ], [ -4.11745, 40.4905 ], [ -4.11627, 40.49051 ], [ -4.11509, 40.49052 ], [ -4.1151, 40.49142 ], [ -4.11392, 40.49144 ], [ -4.11391, 40.49054 ], [ -4.11389, 40.48963 ], [ -4.11507, 40.48962 ], [ -4.11506, 40.48872 ], [ -4.11504, 40.48782 ], [ -4.11386, 40.48783 ], [ -4.11268, 40.48784 ], [ -4.1115, 40.48786 ], [ -4.11149, 40.48695 ], [ -4.11031, 40.48697 ], [ -4.10913, 40.48698 ], [ -4.10912, 40.48608 ], [ -4.1091, 40.48518 ], [ -4.10909, 40.48428 ], [ -4.11027, 40.48426 ], [ -4.11025, 40.48336 ], [ -4.11024, 40.48246 ], [ -4.11142, 40.48245 ], [ -4.1114, 40.48155 ], [ -4.11139, 40.48065 ], [ -4.11021, 40.48066 ], [ -4.11022, 40.48156 ], [ -4.10904, 40.48157 ], [ -4.10785, 40.48068 ], [ -4.10783, 40.47978 ], [ -4.10782, 40.47888 ], [ -4.10664, 40.47889 ], [ -4.10546, 40.4789 ], [ -4.10544, 40.478 ], [ -4.10426, 40.47802 ], [ -4.10425, 40.47711 ], [ -4.10543, 40.4771 ], [ -4.10541, 40.4762 ], [ -4.1054, 40.4753 ], [ -4.10538, 40.4744 ], [ -4.10656, 40.47439 ], [ -4.10655, 40.47349 ], [ -4.10653, 40.47259 ], [ -4.10535, 40.4726 ], [ -4.10534, 40.4717 ], [ -4.10533, 40.4708 ], [ -4.10415, 40.47081 ], [ -4.10413, 40.46991 ], [ -4.10295, 40.46992 ], [ -4.10177, 40.46993 ], [ -4.10176, 40.46903 ], [ -4.10058, 40.46904 ], [ -4.10056, 40.46814 ], [ -4.09938, 40.46815 ], [ -4.09937, 40.46725 ], [ -4.09819, 40.46726 ], [ -4.09818, 40.46636 ], [ -4.097, 40.46637 ], [ -4.09582, 40.46638 ], [ -4.0958, 40.46548 ], [ -4.09462, 40.46549 ], [ -4.09461, 40.46459 ], [ -4.09577, 40.46368 ], [ -4.09576, 40.46278 ], [ -4.09574, 40.46188 ], [ -4.09573, 40.46098 ], [ -4.09571, 40.46008 ], [ -4.0957, 40.45918 ], [ -4.09568, 40.45828 ], [ -4.09567, 40.45738 ], [ -4.09449, 40.45739 ], [ -4.09448, 40.45649 ], [ -4.09445, 40.45469 ], [ -4.09324, 40.4529 ], [ -4.09203, 40.45111 ], [ -4.09081, 40.44841 ], [ -4.08961, 40.44752 ], [ -4.08842, 40.44663 ], [ -4.08605, 40.44576 ], [ -4.08603, 40.44486 ], [ -4.0813, 40.444 ], [ -4.0789, 40.44132 ], [ -4.07771, 40.44043 ], [ -4.07769, 40.43953 ], [ -4.07768, 40.43863 ], [ -4.07767, 40.43773 ], [ -4.07649, 40.43774 ], [ -4.07647, 40.43684 ], [ -4.07646, 40.43594 ], [ -4.07644, 40.43504 ], [ -4.07526, 40.43505 ], [ -4.07525, 40.43415 ], [ -4.07407, 40.43416 ], [ -4.07406, 40.43326 ], [ -4.07404, 40.43236 ], [ -4.07403, 40.43145 ], [ -4.07285, 40.43147 ], [ -4.07284, 40.43056 ], [ -4.07401, 40.43055 ], [ -4.074, 40.42965 ], [ -4.07282, 40.42966 ], [ -4.07281, 40.42876 ], [ -4.07279, 40.42786 ], [ -4.07278, 40.42696 ], [ -4.0716, 40.42697 ], [ -4.07159, 40.42607 ], [ -4.07157, 40.42517 ], [ -4.07156, 40.42427 ], [ -4.07154, 40.42337 ], [ -4.07272, 40.42336 ], [ -4.07271, 40.42246 ], [ -4.07389, 40.42245 ], [ -4.07506, 40.42244 ], [ -4.07624, 40.42242 ], [ -4.07742, 40.42241 ], [ -4.07741, 40.42151 ], [ -4.07859, 40.4215 ], [ -4.07976, 40.42149 ], [ -4.07975, 40.42059 ], [ -4.07974, 40.41969 ], [ -4.08091, 40.41968 ], [ -4.0809, 40.41878 ], [ -4.08209, 40.41967 ], [ -4.08327, 40.41966 ], [ -4.08445, 40.41965 ], [ -4.08563, 40.41963 ], [ -4.08561, 40.41873 ], [ -4.08679, 40.41872 ], [ -4.08797, 40.41871 ], [ -4.08915, 40.4187 ], [ -4.09033, 40.41869 ], [ -4.09151, 40.41868 ], [ -4.09149, 40.41778 ], [ -4.09266, 40.41687 ], [ -4.09264, 40.41596 ], [ -4.09382, 40.41595 ], [ -4.095, 40.41594 ], [ -4.09501, 40.41684 ], [ -4.09619, 40.41683 ], [ -4.09737, 40.41682 ], [ -4.09735, 40.41592 ], [ -4.09734, 40.41502 ], [ -4.09733, 40.41412 ], [ -4.09849, 40.41321 ], [ -4.10437, 40.41225 ], [ -4.10553, 40.41134 ], [ -4.10902, 40.4086 ], [ -4.11135, 40.40678 ], [ -4.1125, 40.40496 ], [ -4.11245, 40.40226 ], [ -4.1136, 40.40045 ], [ -4.11354, 40.39685 ], [ -4.11108, 40.39056 ], [ -4.11107, 40.38966 ], [ -4.11224, 40.38965 ], [ -4.11223, 40.38875 ], [ -4.11341, 40.38874 ], [ -4.11339, 40.38784 ], [ -4.11457, 40.38783 ], [ -4.11456, 40.38693 ], [ -4.11573, 40.38692 ], [ -4.11572, 40.38601 ], [ -4.1157, 40.38511 ], [ -4.11688, 40.3851 ], [ -4.11687, 40.3842 ], [ -4.11685, 40.3833 ], [ -4.11802, 40.38239 ], [ -4.118, 40.38149 ], [ -4.11916, 40.38058 ], [ -4.11915, 40.37968 ], [ -4.11913, 40.37877 ], [ -4.12031, 40.37876 ], [ -4.1203, 40.37786 ], [ -4.12147, 40.37785 ], [ -4.12265, 40.37784 ], [ -4.12267, 40.37874 ], [ -4.12385, 40.37873 ], [ -4.12383, 40.37783 ], [ -4.12501, 40.37782 ], [ -4.12619, 40.37781 ], [ -4.12617, 40.3769 ], [ -4.12735, 40.37689 ], [ -4.12733, 40.37599 ], [ -4.12851, 40.37598 ], [ -4.1285, 40.37508 ], [ -4.12967, 40.37507 ], [ -4.13084, 40.37416 ], [ -4.13082, 40.37326 ], [ -4.132, 40.37324 ], [ -4.13318, 40.37323 ], [ -4.13316, 40.37233 ], [ -4.13434, 40.37232 ], [ -4.13432, 40.37142 ], [ -4.1355, 40.37141 ], [ -4.13549, 40.37051 ], [ -4.13666, 40.3705 ], [ -4.13665, 40.3696 ], [ -4.13781, 40.36868 ], [ -4.1378, 40.36778 ], [ -4.13897, 40.36777 ], [ -4.14015, 40.36776 ], [ -4.14014, 40.36686 ], [ -4.14131, 40.36685 ], [ -4.14248, 40.36593 ], [ -4.14365, 40.36592 ], [ -4.14364, 40.36502 ], [ -4.14482, 40.36501 ], [ -4.14599, 40.365 ], [ -4.14717, 40.36499 ], [ -4.14719, 40.36589 ], [ -4.1472, 40.36679 ], [ -4.14603, 40.3668 ], [ -4.14604, 40.3677 ], [ -4.14606, 40.3686 ], [ -4.14723, 40.36859 ], [ -4.14725, 40.36949 ], [ -4.14726, 40.37039 ], [ -4.14846, 40.37128 ], [ -4.14963, 40.37127 ], [ -4.14965, 40.37217 ], [ -4.14967, 40.37307 ], [ -4.14968, 40.37397 ], [ -4.1497, 40.37487 ], [ -4.15087, 40.37486 ], [ -4.15089, 40.37576 ], [ -4.1509, 40.37666 ], [ -4.15208, 40.37665 ], [ -4.1521, 40.37755 ], [ -4.15328, 40.37754 ], [ -4.15329, 40.37844 ], [ -4.15331, 40.37934 ], [ -4.15448, 40.37933 ], [ -4.1545, 40.38023 ], [ -4.15334, 40.38114 ], [ -4.15451, 40.38113 ], [ -4.15453, 40.38203 ], [ -4.15572, 40.38292 ], [ -4.15574, 40.38382 ], [ -4.15692, 40.38381 ], [ -4.15693, 40.38471 ], [ -4.15811, 40.3847 ], [ -4.15813, 40.3856 ], [ -4.1593, 40.38559 ], [ -4.15932, 40.38649 ], [ -4.15933, 40.38739 ], [ -4.15935, 40.38829 ], [ -4.15936, 40.38919 ], [ -4.15938, 40.39009 ], [ -4.1594, 40.39099 ], [ -4.15941, 40.39189 ], [ -4.1606, 40.39278 ], [ -4.16178, 40.39277 ], [ -4.1618, 40.39367 ], [ -4.16298, 40.39366 ], [ -4.16299, 40.39456 ], [ -4.16417, 40.39455 ], [ -4.16419, 40.39545 ], [ -4.1642, 40.39635 ], [ -4.16302, 40.39636 ], [ -4.16184, 40.39637 ], [ -4.16186, 40.39727 ], [ -4.16068, 40.39728 ], [ -4.1607, 40.39818 ], [ -4.16071, 40.39909 ], [ -4.16073, 40.39999 ], [ -4.16191, 40.39997 ], [ -4.16192, 40.40088 ], [ -4.16074, 40.40089 ], [ -4.15957, 40.4009 ], [ -4.15958, 40.4018 ], [ -4.15842, 40.40271 ], [ -4.15843, 40.40361 ], [ -4.15963, 40.4045 ], [ -4.15964, 40.4054 ], [ -4.15846, 40.40541 ], [ -4.15845, 40.40451 ], [ -4.15727, 40.40453 ], [ -4.15729, 40.40543 ], [ -4.15611, 40.40544 ], [ -4.15612, 40.40634 ], [ -4.1573, 40.40633 ], [ -4.15732, 40.40723 ], [ -4.15614, 40.40724 ], [ -4.15615, 40.40814 ], [ -4.15498, 40.40815 ], [ -4.15499, 40.40905 ], [ -4.15501, 40.40995 ], [ -4.15619, 40.40994 ], [ -4.1562, 40.41084 ], [ -4.15622, 40.41174 ], [ -4.15504, 40.41175 ], [ -4.15505, 40.41266 ], [ -4.15507, 40.41356 ], [ -4.15625, 40.41354 ], [ -4.15626, 40.41445 ], [ -4.15744, 40.41443 ], [ -4.15862, 40.41442 ], [ -4.15863, 40.41532 ], [ -4.15981, 40.41531 ], [ -4.15983, 40.41621 ], [ -4.16101, 40.4162 ], [ -4.16102, 40.4171 ], [ -4.16104, 40.418 ], [ -4.16105, 40.4189 ], [ -4.16107, 40.4198 ], [ -4.15989, 40.41981 ], [ -4.15871, 40.41983 ], [ -4.15873, 40.42073 ], [ -4.15755, 40.42074 ], [ -4.15756, 40.42164 ], [ -4.15874, 40.42163 ], [ -4.15876, 40.42253 ], [ -4.15995, 40.42342 ], [ -4.16113, 40.42341 ], [ -4.16115, 40.42431 ], [ -4.16233, 40.42429 ], [ -4.16234, 40.42519 ], [ -4.16352, 40.42518 ], [ -4.1647, 40.42517 ], [ -4.16471, 40.42607 ], [ -4.16353, 40.42608 ], [ -4.16355, 40.42698 ], [ -4.16237, 40.427 ], [ -4.16239, 40.4279 ], [ -4.16122, 40.42881 ], [ -4.1624, 40.4288 ], [ -4.1636, 40.42969 ], [ -4.16478, 40.42967 ], [ -4.16479, 40.43058 ], [ -4.16481, 40.43148 ], [ -4.16482, 40.43238 ], [ -4.166, 40.43236 ], [ -4.16602, 40.43327 ], [ -4.1672, 40.43325 ], [ -4.16721, 40.43415 ], [ -4.16723, 40.43506 ], [ -4.16841, 40.43504 ], [ -4.16958, 40.43503 ], [ -4.1696, 40.43593 ], [ -4.16962, 40.43683 ], [ -4.16963, 40.43773 ] ] ] } },
{ "type": "Feature", "properties": { "ine_code": "28096", "name": "Navalcarnero" }, "geometry": { "type": "MultiPolygon", "coordinates": [ [ [ [ -4.08085, 40.26833 ], [ -4.08087, 40.26923 ], [ -4.08088, 40.27013 ], [ -4.08206, 40.27012 ], [ -4.08207, 40.27102 ], [ -4.08326, 40.27191 ], [ -4.08328, 40.27281 ], [ -4.08329, 40.27371 ], [ -4.08448, 40.2746 ], [ -4.08452, 40.2773 ], [ -4.08454, 40.2782 ], [ -4.08455, 40.2791 ], [ -4.08574, 40.27999 ], [ -4.08693, 40.28088 ], [ -4.08696, 40.28269 ], [ -4.08815, 40.28357 ], [ -4.08817, 40.28448 ], [ -4.08821, 40.28718 ], [ -4.08706, 40.28899 ], [ -4.08709, 40.29079 ], [ -4.08593, 40.2917 ], [ -4.08595, 40.2926 ], [ -4.08596, 40.29351 ], [ -4.08715, 40.2944 ], [ -4.08716, 40.2953 ], [ -4.08718, 40.2962 ], [ -4.08721, 40.298 ], [ -4.08722, 40.2989 ], [ -4.08606, 40.29981 ], [ -4.08607, 40.30071 ], [ -4.0861, 40.30251 ], [ -4.08493, 40.30252 ], [ -4.08496, 40.30433 ], [ -4.08497, 40.30523 ], [ -4.08381, 40.30614 ], [ -4.08382, 40.30704 ], [ -4.08269, 40.30975 ], [ -4.08272, 40.31155 ], [ -4.08273, 40.31245 ], [ -4.08276, 40.31426 ], [ -4.08278, 40.31516 ], [ -4.08163, 40.31697 ], [ -4.08047, 40.31788 ], [ -4.07929, 40.31789 ], [ -4.0793, 40.31879 ], [ -4.07932, 40.31969 ], [ -4.07814, 40.3197 ], [ -4.07815, 40.32061 ], [ -4.07698, 40.32062 ], [ -4.07699, 40.32152 ], [ -4.07701, 40.32242 ], [ -4.07702, 40.32332 ], [ -4.07586, 40.32423 ], [ -4.07587, 40.32513 ], [ -4.07589, 40.32603 ], [ -4.0759, 40.32693 ], [ -4.07474, 40.32784 ], [ -4.07475, 40.32875 ], [ -4.07594, 40.32964 ], [ -4.07596, 40.33054 ], [ -4.07478, 40.33055 ], [ -4.0748, 40.33145 ], [ -4.07362, 40.33146 ], [ -4.07363, 40.33236 ], [ -4.07246, 40.33237 ], [ -4.07247, 40.33327 ], [ -4.07131, 40.33418 ], [ -4.07132, 40.33508 ], [ -4.07014, 40.33509 ], [ -4.06897, 40.33511 ], [ -4.06779, 40.33512 ], [ -4.06661, 40.33513 ], [ -4.06308, 40.33516 ], [ -4.06189, 40.33427 ], [ -4.05836, 40.3343 ], [ -4.05718, 40.33431 ], [ -4.05483, 40.33433 ], [ -4.05249, 40.33526 ], [ -4.05131, 40.33527 ], [ -4.05012, 40.33438 ], [ -4.04894, 40.33439 ], [ -4.04777, 40.3344 ], [ -4.04775, 40.3335 ], [ -4.04657, 40.33351 ], [ -4.0454, 40.33352 ], [ -4.04538, 40.33262 ], [ -4.04303, 40.33264 ], [ -4.04185, 40.33265 ], [ -4.04068, 40.33266 ], [ -4.03832, 40.33268 ], [ -4.03714, 40.33269 ], [ -4.03479, 40.33271 ], [ -4.03361, 40.33272 ], [ -4.03244, 40.33273 ], [ -4.0301, 40.33366 ], [ -4.02892, 40.33367 ], [ -4.02655, 40.33279 ], [ -4.02421, 40.33371 ], [ -4.02303, 40.33372 ], [ -4.02069, 40.33464 ], [ -4.01835, 40.33556 ], [ -4.01718, 40.33557 ], [ -4.016, 40.33558 ], [ -4.01483, 40.33649 ], [ -4.01366, 40.3365 ], [ -4.01248, 40.33651 ], [ -4.0113, 40.33652 ], [ -4.01132, 40.33743 ], [ -4.00896, 40.33745 ], [ -4.00898, 40.33835 ], [ -4.0078, 40.33836 ], [ -4.00781, 40.33926 ], [ -4.00663, 40.33927 ], [ -4.00661, 40.33747 ], [ -4.00423, 40.33569 ], [ -4.00421, 40.33478 ], [ -4.00301, 40.33299 ], [ -3.99947, 40.33212 ], [ -3.99829, 40.33213 ], [ -3.99711, 40.33214 ], [ -3.9971, 40.33124 ], [ -3.99236, 40.32948 ], [ -3.99116, 40.32769 ], [ -3.9876, 40.32592 ], [ -3.98406, 40.32505 ], [ -3.98169, 40.32417 ], [ -3.97816, 40.3242 ], [ -3.97341, 40.32153 ], [ -3.97105, 40.32065 ], [ -3.96864, 40.31707 ], [ -3.96745, 40.31618 ], [ -3.96624, 40.31349 ], [ -3.96385, 40.3108 ], [ -3.96147, 40.30902 ], [ -3.95908, 40.30634 ], [ -3.95787, 40.30455 ], [ -3.95315, 40.30369 ], [ -3.94959, 40.30101 ], [ -3.94723, 40.30103 ], [ -3.9437, 40.30106 ], [ -3.94134, 40.30018 ], [ -3.94133, 40.29928 ], [ -3.94131, 40.29838 ], [ -3.9413, 40.29748 ], [ -3.94129, 40.29657 ], [ -3.94128, 40.29567 ], [ -3.94126, 40.29477 ], [ -3.94125, 40.29387 ], [ -3.94124, 40.29297 ], [ -3.94123, 40.29207 ], [ -3.9424, 40.29206 ], [ -3.94239, 40.29116 ], [ -3.94238, 40.29026 ], [ -3.94236, 40.28936 ], [ -3.94235, 40.28846 ], [ -3.94234, 40.28756 ], [ -3.94233, 40.28666 ], [ -3.94231, 40.28576 ], [ -3.9423, 40.28485 ], [ -3.94229, 40.28395 ], [ -3.94228, 40.28305 ], [ -3.94345, 40.28304 ], [ -3.94344, 40.28214 ], [ -3.94343, 40.28124 ], [ -3.94342, 40.28034 ], [ -3.94459, 40.28033 ], [ -3.94458, 40.27943 ], [ -3.94576, 40.27942 ], [ -3.94574, 40.27852 ], [ -3.94691, 40.27761 ], [ -3.94807, 40.2767 ], [ -3.94806, 40.2758 ], [ -3.94804, 40.2749 ], [ -3.94921, 40.27399 ], [ -3.9492, 40.27309 ], [ -3.94918, 40.27219 ], [ -3.94801, 40.2722 ], [ -3.94799, 40.27129 ], [ -3.94798, 40.27039 ], [ -3.94797, 40.26949 ], [ -3.94678, 40.2686 ], [ -3.94677, 40.2677 ], [ -3.94676, 40.2668 ], [ -3.94674, 40.2659 ], [ -3.94792, 40.26589 ], [ -3.94791, 40.26499 ], [ -3.94789, 40.26409 ], [ -3.94788, 40.26319 ], [ -3.94787, 40.26229 ], [ -3.94669, 40.2623 ], [ -3.94668, 40.2614 ], [ -3.9455, 40.2614 ], [ -3.94549, 40.2605 ], [ -3.94432, 40.26051 ], [ -3.94433, 40.26141 ], [ -3.94315, 40.26142 ], [ -3.94079, 40.26054 ], [ -3.94078, 40.25964 ], [ -3.9396, 40.25965 ], [ -3.93959, 40.25875 ], [ -3.9384, 40.25786 ], [ -3.93839, 40.25696 ], [ -3.93837, 40.25606 ], [ -3.93836, 40.25516 ], [ -3.93833, 40.25245 ], [ -3.93714, 40.25156 ], [ -3.93711, 40.24976 ], [ -3.93946, 40.24974 ], [ -3.94065, 40.25063 ], [ -3.94183, 40.25062 ], [ -3.943, 40.25061 ], [ -3.94418, 40.2506 ], [ -3.94537, 40.2515 ], [ -3.94654, 40.25149 ], [ -3.94772, 40.25148 ], [ -3.94889, 40.25147 ], [ -3.95125, 40.25145 ], [ -3.95123, 40.25055 ], [ -3.95122, 40.24965 ], [ -3.95121, 40.24875 ], [ -3.95119, 40.24784 ], [ -3.95118, 40.24694 ], [ -3.95001, 40.24695 ], [ -3.94999, 40.24605 ], [ -3.94882, 40.24606 ], [ -3.94881, 40.24516 ], [ -3.94879, 40.24426 ], [ -3.94996, 40.24335 ], [ -3.95113, 40.24334 ], [ -3.95112, 40.24244 ], [ -3.95111, 40.24154 ], [ -3.95109, 40.24064 ], [ -3.95108, 40.23974 ], [ -3.95107, 40.23884 ], [ -3.95106, 40.23794 ], [ -3.95104, 40.23703 ], [ -3.94987, 40.23704 ], [ -3.94986, 40.23614 ], [ -3.94984, 40.23524 ], [ -3.94983, 40.23434 ], [ -3.94865, 40.23435 ], [ -3.94864, 40.23345 ], [ -3.94863, 40.23255 ], [ -3.94745, 40.23256 ], [ -3.94744, 40.23166 ], [ -3.94743, 40.23076 ], [ -3.94742, 40.22986 ], [ -3.9474, 40.22896 ], [ -3.94739, 40.22806 ], [ -3.94738, 40.22715 ], [ -3.94737, 40.22625 ], [ -3.94735, 40.22535 ], [ -3.95088, 40.22532 ], [ -3.95089, 40.22622 ], [ -3.95442, 40.2262 ], [ -3.95678, 40.22708 ], [ -3.95797, 40.22797 ], [ -3.96152, 40.22974 ], [ -3.96272, 40.23153 ], [ -3.96746, 40.2342 ], [ -3.96866, 40.23599 ], [ -3.96871, 40.23959 ], [ -3.96991, 40.24138 ], [ -3.96997, 40.24499 ], [ -3.97117, 40.24678 ], [ -3.97236, 40.24767 ], [ -3.97239, 40.25037 ], [ -3.97358, 40.25126 ], [ -3.97595, 40.25214 ], [ -3.97712, 40.25213 ], [ -3.98066, 40.253 ], [ -3.98301, 40.25298 ], [ -3.98537, 40.25296 ], [ -3.98891, 40.25383 ], [ -3.99362, 40.2547 ], [ -3.99716, 40.25557 ], [ -4.0007, 40.25644 ], [ -4.00305, 40.25642 ], [ -4.00655, 40.25458 ], [ -4.01005, 40.25275 ], [ -4.01239, 40.25183 ], [ -4.01473, 40.25091 ], [ -4.01824, 40.24998 ], [ -4.01942, 40.24997 ], [ -4.02411, 40.24902 ], [ -4.02647, 40.2499 ], [ -4.0347, 40.24983 ], [ -4.04176, 40.24977 ], [ -4.05236, 40.25147 ], [ -4.05238, 40.25237 ], [ -4.05473, 40.25235 ], [ -4.05474, 40.25325 ], [ -4.05592, 40.25324 ], [ -4.05711, 40.25413 ], [ -4.06304, 40.25768 ], [ -4.06663, 40.26125 ], [ -4.07258, 40.2657 ], [ -4.07492, 40.26478 ], [ -4.08082, 40.26653 ], [ -4.08084, 40.26743 ], [ -4.08085, 40.26833 ] ] ] ] } },
{ "type": "Feature", "properties": { "ine_code": "28097", "name": "Navarredonda y San Mamés" }, "geometry": { "type": "Polygon", "coordinates": [ [ [ -3.76947, 41.01403 ], [ -3.76711, 41.01585 ], [ -3.76714, 41.01855 ], [ -3.76715, 41.01945 ], [ -3.76598, 41.02126 ], [ -3.76479, 41.02127 ], [ -3.75891, 41.02671 ], [ -3.75535, 41.02764 ], [ -3.74831, 41.03579 ], [ -3.73159, 41.03049 ], [ -3.71133, 41.02702 ], [ -3.71129, 41.02342 ], [ -3.71128, 41.02161 ], [ -3.71009, 41.02162 ], [ -3.70768, 41.01893 ], [ -3.70648, 41.01804 ], [ -3.70288, 41.01536 ], [ -3.70166, 41.01266 ], [ -3.70046, 41.01087 ], [ -3.69686, 41.00819 ], [ -3.69087, 41.00372 ], [ -3.68964, 41.00013 ], [ -3.68843, 40.99833 ], [ -3.68724, 40.99834 ], [ -3.68606, 40.99835 ], [ -3.68605, 40.99744 ], [ -3.68604, 40.99654 ], [ -3.68485, 40.99655 ], [ -3.68484, 40.99565 ], [ -3.68365, 40.99566 ], [ -3.68364, 40.99476 ], [ -3.68244, 40.99386 ], [ -3.68124, 40.99297 ], [ -3.68006, 40.99298 ], [ -3.68005, 40.99208 ], [ -3.68717, 40.99113 ], [ -3.69783, 40.98746 ], [ -3.7002, 40.98655 ], [ -3.70967, 40.98289 ], [ -3.71202, 40.98017 ], [ -3.71439, 40.97926 ], [ -3.71796, 40.98013 ], [ -3.72033, 40.97922 ], [ -3.72152, 40.97921 ], [ -3.72508, 40.97919 ], [ -3.72628, 40.98008 ], [ -3.72864, 40.97827 ], [ -3.73456, 40.97643 ], [ -3.73812, 40.9755 ], [ -3.73931, 40.9755 ], [ -3.73932, 40.9764 ], [ -3.73933, 40.9773 ], [ -3.73934, 40.9782 ], [ -3.73935, 40.9791 ], [ -3.74053, 40.97909 ], [ -3.74054, 40.97999 ], [ -3.74055, 40.98089 ], [ -3.74175, 40.98179 ], [ -3.74176, 40.98269 ], [ -3.74296, 40.98358 ], [ -3.74297, 40.98448 ], [ -3.74416, 40.98447 ], [ -3.74417, 40.98537 ], [ -3.74537, 40.98627 ], [ -3.74538, 40.98717 ], [ -3.74657, 40.98716 ], [ -3.74658, 40.98806 ], [ -3.74777, 40.98805 ], [ -3.74896, 40.98804 ], [ -3.74897, 40.98895 ], [ -3.75017, 40.98984 ], [ -3.75018, 40.99074 ], [ -3.75136, 40.99073 ], [ -3.75256, 40.99162 ], [ -3.75375, 40.99162 ], [ -3.75376, 40.99252 ], [ -3.75495, 40.99251 ], [ -3.75496, 40.99341 ], [ -3.75616, 40.9943 ], [ -3.75617, 40.9952 ], [ -3.75618, 40.9961 ], [ -3.75619, 40.99701 ], [ -3.75738, 40.997 ], [ -3.75739, 40.9979 ], [ -3.7574, 40.9988 ], [ -3.75741, 40.9997 ], [ -3.75742, 41.0006 ], [ -3.75861, 41.00059 ], [ -3.75862, 41.00149 ], [ -3.75863, 41.00239 ], [ -3.75982, 41.00239 ], [ -3.75983, 41.00329 ], [ -3.75984, 41.00419 ], [ -3.76103, 41.00418 ], [ -3.76104, 41.00508 ], [ -3.76105, 41.00598 ], [ -3.76224, 41.00597 ], [ -3.76343, 41.00597 ], [ -3.76344, 41.00687 ], [ -3.76463, 41.00686 ], [ -3.76582, 41.00685 ], [ -3.76583, 41.00775 ], [ -3.76702, 41.00774 ], [ -3.76703, 41.00864 ], [ -3.76822, 41.00864 ], [ -3.76823, 41.00954 ], [ -3.76942, 41.00953 ], [ -3.76943, 41.01043 ], [ -3.77063, 41.01132 ], [ -3.77064, 41.01222 ], [ -3.76947, 41.01403 ] ] ] } },
{ "type": "Feature", "properties": { "ine_code": "28099", "name": "Navas del Rey" }, "geometry": { "type": "Polygon", "coordinates": [ [ [ -4.31902, 40.41991 ], [ -4.3155, 40.42085 ], [ -4.31082, 40.42271 ], [ -4.30377, 40.42369 ], [ -4.29909, 40.42554 ], [ -4.29673, 40.42557 ], [ -4.28968, 40.42655 ], [ -4.28262, 40.42753 ], [ -4.27793, 40.42848 ], [ -4.27321, 40.42853 ], [ -4.26607, 40.42501 ], [ -4.2637, 40.42413 ], [ -4.26252, 40.42414 ], [ -4.26244, 40.41964 ], [ -4.26119, 40.41605 ], [ -4.25998, 40.41426 ], [ -4.25878, 40.41337 ], [ -4.25638, 40.4107 ], [ -4.25515, 40.40801 ], [ -4.25274, 40.40533 ], [ -4.2503, 40.40085 ], [ -4.24909, 40.39907 ], [ -4.24788, 40.39728 ], [ -4.24667, 40.39549 ], [ -4.24313, 40.39553 ], [ -4.24078, 40.39555 ], [ -4.23601, 40.3929 ], [ -4.23364, 40.39202 ], [ -4.23246, 40.39204 ], [ -4.23127, 40.39115 ], [ -4.22769, 40.38848 ], [ -4.22878, 40.38397 ], [ -4.22993, 40.38215 ], [ -4.2299, 40.38035 ], [ -4.23104, 40.37854 ], [ -4.2322, 40.37763 ], [ -4.23335, 40.37581 ], [ -4.23565, 40.37308 ], [ -4.23562, 40.37128 ], [ -4.23676, 40.36947 ], [ -4.23675, 40.36857 ], [ -4.23673, 40.36767 ], [ -4.23672, 40.36677 ], [ -4.23784, 40.36405 ], [ -4.23663, 40.36226 ], [ -4.23542, 40.36047 ], [ -4.23541, 40.35957 ], [ -4.2342, 40.35778 ], [ -4.23299, 40.356 ], [ -4.23178, 40.35421 ], [ -4.23176, 40.35331 ], [ -4.23174, 40.35241 ], [ -4.23173, 40.3515 ], [ -4.23287, 40.34969 ], [ -4.23168, 40.3488 ], [ -4.23284, 40.34789 ], [ -4.23282, 40.34699 ], [ -4.23279, 40.34519 ], [ -4.23274, 40.34248 ], [ -4.23271, 40.34068 ], [ -4.23266, 40.33798 ], [ -4.23146, 40.33709 ], [ -4.23145, 40.33619 ], [ -4.23141, 40.33439 ], [ -4.2314, 40.33349 ], [ -4.23256, 40.33258 ], [ -4.23253, 40.33078 ], [ -4.23367, 40.32896 ], [ -4.23481, 40.32715 ], [ -4.23599, 40.32713 ], [ -4.23597, 40.32623 ], [ -4.23835, 40.32711 ], [ -4.23836, 40.32801 ], [ -4.23955, 40.3289 ], [ -4.24073, 40.32889 ], [ -4.24075, 40.32979 ], [ -4.24193, 40.32977 ], [ -4.24312, 40.33066 ], [ -4.24314, 40.33156 ], [ -4.24431, 40.33155 ], [ -4.2443, 40.33065 ], [ -4.24547, 40.33064 ], [ -4.24663, 40.32972 ], [ -4.24781, 40.32971 ], [ -4.24783, 40.33061 ], [ -4.249, 40.3306 ], [ -4.24902, 40.3315 ], [ -4.24904, 40.3324 ], [ -4.24905, 40.3333 ], [ -4.24907, 40.3342 ], [ -4.24909, 40.3351 ], [ -4.25026, 40.33509 ], [ -4.25028, 40.33599 ], [ -4.25146, 40.33598 ], [ -4.25263, 40.33596 ], [ -4.25265, 40.33687 ], [ -4.25383, 40.33685 ], [ -4.25502, 40.33774 ], [ -4.2562, 40.33773 ], [ -4.25738, 40.33772 ], [ -4.25739, 40.33862 ], [ -4.25857, 40.3386 ], [ -4.25855, 40.3377 ], [ -4.25975, 40.33859 ], [ -4.26092, 40.33858 ], [ -4.26212, 40.33947 ], [ -4.26213, 40.34037 ], [ -4.26331, 40.34035 ], [ -4.26333, 40.34125 ], [ -4.26334, 40.34215 ], [ -4.26452, 40.34214 ], [ -4.26454, 40.34304 ], [ -4.26572, 40.34303 ], [ -4.26691, 40.34392 ], [ -4.26809, 40.3439 ], [ -4.2681, 40.34481 ], [ -4.26928, 40.34479 ], [ -4.2693, 40.34569 ], [ -4.27048, 40.34568 ], [ -4.27049, 40.34658 ], [ -4.27167, 40.34657 ], [ -4.27286, 40.34746 ], [ -4.27404, 40.34744 ], [ -4.27406, 40.34834 ], [ -4.27523, 40.34833 ], [ -4.27525, 40.34923 ], [ -4.27643, 40.34922 ], [ -4.27645, 40.35012 ], [ -4.27762, 40.35011 ], [ -4.2788, 40.35009 ], [ -4.27998, 40.35008 ], [ -4.28116, 40.35007 ], [ -4.28117, 40.35097 ], [ -4.28235, 40.35095 ], [ -4.28237, 40.35185 ], [ -4.28238, 40.35276 ], [ -4.2824, 40.35366 ], [ -4.28242, 40.35456 ], [ -4.28243, 40.35546 ], [ -4.28245, 40.35636 ], [ -4.28363, 40.35635 ], [ -4.28365, 40.35725 ], [ -4.28482, 40.35723 ], [ -4.286, 40.35722 ], [ -4.2872, 40.35811 ], [ -4.28839, 40.359 ], [ -4.28957, 40.35898 ], [ -4.29076, 40.35987 ], [ -4.29194, 40.35986 ], [ -4.29312, 40.35984 ], [ -4.29429, 40.35983 ], [ -4.29547, 40.35982 ], [ -4.29549, 40.36072 ], [ -4.29668, 40.36161 ], [ -4.2967, 40.36251 ], [ -4.29672, 40.36341 ], [ -4.2979, 40.36339 ], [ -4.29791, 40.36429 ], [ -4.29793, 40.36519 ], [ -4.29912, 40.36608 ], [ -4.3003, 40.36607 ], [ -4.30148, 40.36606 ], [ -4.30266, 40.36604 ], [ -4.30267, 40.36694 ], [ -4.30385, 40.36693 ], [ -4.30505, 40.36782 ], [ -4.30387, 40.36783 ], [ -4.30389, 40.36873 ], [ -4.30271, 40.36874 ], [ -4.30273, 40.36965 ], [ -4.3039, 40.36963 ], [ -4.30392, 40.37053 ], [ -4.30274, 40.37055 ], [ -4.30276, 40.37145 ], [ -4.30158, 40.37146 ], [ -4.3016, 40.37236 ], [ -4.30042, 40.37237 ], [ -4.30044, 40.37327 ], [ -4.29926, 40.37329 ], [ -4.29928, 40.37419 ], [ -4.2993, 40.37509 ], [ -4.29814, 40.376 ], [ -4.29696, 40.37602 ], [ -4.29698, 40.37692 ], [ -4.29815, 40.3769 ], [ -4.29817, 40.3778 ], [ -4.29819, 40.3787 ], [ -4.29937, 40.37869 ], [ -4.30054, 40.37868 ], [ -4.30056, 40.37958 ], [ -4.30174, 40.37957 ], [ -4.30176, 40.38047 ], [ -4.30177, 40.38137 ], [ -4.30179, 40.38227 ], [ -4.30534, 40.38313 ], [ -4.30536, 40.38403 ], [ -4.30538, 40.38493 ], [ -4.30539, 40.38583 ], [ -4.30541, 40.38673 ], [ -4.30543, 40.38763 ], [ -4.30425, 40.38765 ], [ -4.30427, 40.38855 ], [ -4.30429, 40.38945 ], [ -4.3043, 40.39035 ], [ -4.30313, 40.39036 ], [ -4.30432, 40.39125 ], [ -4.30434, 40.39215 ], [ -4.30436, 40.39305 ], [ -4.30318, 40.39306 ], [ -4.3032, 40.39396 ], [ -4.30321, 40.39486 ], [ -4.30323, 40.39576 ], [ -4.30325, 40.39667 ], [ -4.30209, 40.39758 ], [ -4.3021, 40.39848 ], [ -4.30212, 40.39938 ], [ -4.30214, 40.40028 ], [ -4.30216, 40.40118 ], [ -4.30333, 40.40117 ], [ -4.30335, 40.40207 ], [ -4.30453, 40.40206 ], [ -4.30571, 40.40204 ], [ -4.30689, 40.40203 ], [ -4.30806, 40.40202 ], [ -4.30924, 40.402 ], [ -4.31042, 40.40199 ], [ -4.3116, 40.40198 ], [ -4.31278, 40.40196 ], [ -4.31276, 40.40106 ], [ -4.31394, 40.40105 ], [ -4.31396, 40.40195 ], [ -4.31513, 40.40194 ], [ -4.31512, 40.40104 ], [ -4.31629, 40.40102 ], [ -4.31745, 40.40011 ], [ -4.31865, 40.401 ], [ -4.31985, 40.40188 ], [ -4.31986, 40.40278 ], [ -4.32106, 40.40367 ], [ -4.32108, 40.40457 ], [ -4.32225, 40.40456 ], [ -4.32227, 40.40546 ], [ -4.32229, 40.40636 ], [ -4.32347, 40.40635 ], [ -4.32231, 40.40726 ], [ -4.32233, 40.40816 ], [ -4.32115, 40.40817 ], [ -4.32116, 40.40907 ], [ -4.32118, 40.40998 ], [ -4.3212, 40.41088 ], [ -4.32238, 40.41086 ], [ -4.32357, 40.41175 ], [ -4.32359, 40.41265 ], [ -4.32477, 40.41264 ], [ -4.32595, 40.41262 ], [ -4.32597, 40.41352 ], [ -4.32714, 40.41351 ], [ -4.32716, 40.41441 ], [ -4.32718, 40.41531 ], [ -4.326, 40.41533 ], [ -4.32602, 40.41623 ], [ -4.32484, 40.41624 ], [ -4.32486, 40.41714 ], [ -4.3237, 40.41805 ], [ -4.31902, 40.41991 ] ] ] } },
{ "type": "Feature", "properties": { "ine_code": "28100", "name": "Nuevo Baztán" }, "geometry": { "type": "Polygon", "coordinates": [ [ [ -3.27573, 40.39557 ], [ -3.27338, 40.39738 ], [ -3.27103, 40.39829 ], [ -3.26749, 40.39649 ], [ -3.26395, 40.3956 ], [ -3.26041, 40.39381 ], [ -3.25687, 40.39291 ], [ -3.24628, 40.39654 ], [ -3.24157, 40.39745 ], [ -3.23686, 40.39926 ], [ -3.23097, 40.40018 ], [ -3.22744, 40.40198 ], [ -3.22391, 40.40199 ], [ -3.22037, 40.4029 ], [ -3.2192, 40.4029 ], [ -3.22037, 40.402 ], [ -3.22037, 40.4011 ], [ -3.22036, 40.4002 ], [ -3.22154, 40.40019 ], [ -3.22272, 40.39929 ], [ -3.22389, 40.39839 ], [ -3.22389, 40.39749 ], [ -3.22389, 40.39659 ], [ -3.22389, 40.39569 ], [ -3.22506, 40.39568 ], [ -3.22624, 40.39568 ], [ -3.22624, 40.39478 ], [ -3.22742, 40.39478 ], [ -3.22741, 40.39388 ], [ -3.22859, 40.39387 ], [ -3.22859, 40.39297 ], [ -3.22859, 40.39207 ], [ -3.22976, 40.39207 ], [ -3.22976, 40.39117 ], [ -3.22976, 40.39027 ], [ -3.22976, 40.38937 ], [ -3.22975, 40.38847 ], [ -3.22857, 40.38847 ], [ -3.22857, 40.38757 ], [ -3.22857, 40.38667 ], [ -3.22739, 40.38667 ], [ -3.22739, 40.38577 ], [ -3.22738, 40.38487 ], [ -3.22738, 40.38397 ], [ -3.22738, 40.38307 ], [ -3.22856, 40.38306 ], [ -3.22855, 40.38216 ], [ -3.22855, 40.38126 ], [ -3.22855, 40.38036 ], [ -3.22854, 40.37946 ], [ -3.22854, 40.37856 ], [ -3.22854, 40.37766 ], [ -3.22972, 40.37766 ], [ -3.22971, 40.37675 ], [ -3.22971, 40.37585 ], [ -3.23088, 40.37495 ], [ -3.23088, 40.37405 ], [ -3.23206, 40.37315 ], [ -3.23205, 40.37225 ], [ -3.23205, 40.37134 ], [ -3.23205, 40.37044 ], [ -3.23204, 40.36954 ], [ -3.23087, 40.36955 ], [ -3.23086, 40.36774 ], [ -3.23086, 40.36684 ], [ -3.23085, 40.36594 ], [ -3.23085, 40.36504 ], [ -3.23085, 40.36414 ], [ -3.23084, 40.36324 ], [ -3.23084, 40.36234 ], [ -3.23202, 40.36234 ], [ -3.23202, 40.36143 ], [ -3.23201, 40.36053 ], [ -3.23319, 40.36053 ], [ -3.23319, 40.35963 ], [ -3.23437, 40.35963 ], [ -3.23436, 40.35873 ], [ -3.23436, 40.35783 ], [ -3.23671, 40.35602 ], [ -3.23907, 40.35692 ], [ -3.24025, 40.35781 ], [ -3.24142, 40.35781 ], [ -3.24142, 40.35691 ], [ -3.24142, 40.35511 ], [ -3.24259, 40.35511 ], [ -3.24377, 40.3542 ], [ -3.24494, 40.3542 ], [ -3.24612, 40.3533 ], [ -3.2473, 40.35329 ], [ -3.24729, 40.35239 ], [ -3.24847, 40.35149 ], [ -3.25435, 40.35058 ], [ -3.25906, 40.34876 ], [ -3.26847, 40.34694 ], [ -3.26965, 40.34694 ], [ -3.27082, 40.34694 ], [ -3.272, 40.34693 ], [ -3.27317, 40.34603 ], [ -3.27435, 40.34603 ], [ -3.27553, 40.34602 ], [ -3.27671, 40.34602 ], [ -3.27788, 40.34602 ], [ -3.27906, 40.34601 ], [ -3.28024, 40.34601 ], [ -3.27907, 40.34872 ], [ -3.27791, 40.35142 ], [ -3.27674, 40.35323 ], [ -3.27557, 40.35503 ], [ -3.27205, 40.35864 ], [ -3.27088, 40.36045 ], [ -3.27088, 40.36135 ], [ -3.27444, 40.36675 ], [ -3.27562, 40.36765 ], [ -3.2768, 40.36854 ], [ -3.27681, 40.37035 ], [ -3.27918, 40.37394 ], [ -3.27918, 40.37574 ], [ -3.27684, 40.37755 ], [ -3.27331, 40.38026 ], [ -3.27569, 40.38476 ], [ -3.27806, 40.38836 ], [ -3.27807, 40.39106 ], [ -3.27926, 40.39376 ], [ -3.27808, 40.39467 ], [ -3.27573, 40.39557 ] ] ] } },
{ "type": "Feature", "properties": { "ine_code": "28101", "name": "Olmeda de las Fuentes" }, "geometry": { "type": "Polygon", "coordinates": [ [ [ -3.23437, 40.35963 ], [ -3.23319, 40.35963 ], [ -3.23319, 40.36053 ], [ -3.23201, 40.36053 ], [ -3.23202, 40.36143 ], [ -3.23202, 40.36234 ], [ -3.23084, 40.36234 ], [ -3.23084, 40.36324 ], [ -3.23085, 40.36414 ], [ -3.23085, 40.36504 ], [ -3.23085, 40.36594 ], [ -3.23086, 40.36684 ], [ -3.23086, 40.36774 ], [ -3.23087, 40.36955 ], [ -3.23204, 40.36954 ], [ -3.23205, 40.37044 ], [ -3.23205, 40.37134 ], [ -3.23205, 40.37225 ], [ -3.23206, 40.37315 ], [ -3.23088, 40.37405 ], [ -3.23088, 40.37495 ], [ -3.22971, 40.37585 ], [ -3.22971, 40.37675 ], [ -3.22972, 40.37766 ], [ -3.22854, 40.37766 ], [ -3.22854, 40.37856 ], [ -3.22854, 40.37946 ], [ -3.22855, 40.38036 ], [ -3.22855, 40.38126 ], [ -3.22855, 40.38216 ], [ -3.22856, 40.38306 ], [ -3.22738, 40.38307 ], [ -3.22738, 40.38397 ], [ -3.22738, 40.38487 ], [ -3.22739, 40.38577 ], [ -3.22621, 40.38577 ], [ -3.22503, 40.38487 ], [ -3.22267, 40.38488 ], [ -3.2215, 40.38578 ], [ -3.21914, 40.38669 ], [ -3.21796, 40.38669 ], [ -3.21797, 40.38759 ], [ -3.21679, 40.38849 ], [ -3.21561, 40.38849 ], [ -3.21444, 40.3885 ], [ -3.21444, 40.3894 ], [ -3.21208, 40.3894 ], [ -3.21091, 40.3903 ], [ -3.20855, 40.39031 ], [ -3.2062, 40.39121 ], [ -3.20502, 40.39122 ], [ -3.20384, 40.39122 ], [ -3.20148, 40.39122 ], [ -3.20148, 40.39032 ], [ -3.19912, 40.38942 ], [ -3.19912, 40.38852 ], [ -3.19794, 40.38853 ], [ -3.19794, 40.38762 ], [ -3.19676, 40.38763 ], [ -3.19676, 40.38673 ], [ -3.1944, 40.38583 ], [ -3.19322, 40.38493 ], [ -3.19204, 40.38403 ], [ -3.19086, 40.38313 ], [ -3.18968, 40.38223 ], [ -3.18849, 40.38133 ], [ -3.18731, 40.38043 ], [ -3.18496, 40.37954 ], [ -3.18378, 40.37864 ], [ -3.18377, 40.37594 ], [ -3.18376, 40.37413 ], [ -3.18258, 40.37414 ], [ -3.18141, 40.37414 ], [ -3.18023, 40.37414 ], [ -3.17787, 40.37414 ], [ -3.1767, 40.37415 ], [ -3.17787, 40.37324 ], [ -3.17669, 40.37054 ], [ -3.1755, 40.36874 ], [ -3.1755, 40.36784 ], [ -3.1755, 40.36694 ], [ -3.17667, 40.36424 ], [ -3.17666, 40.36243 ], [ -3.17666, 40.36153 ], [ -3.17666, 40.35973 ], [ -3.17784, 40.35973 ], [ -3.17901, 40.35883 ], [ -3.18372, 40.35792 ], [ -3.18607, 40.35701 ], [ -3.18842, 40.35611 ], [ -3.1896, 40.35521 ], [ -3.19195, 40.3543 ], [ -3.19666, 40.35249 ], [ -3.19901, 40.35068 ], [ -3.20018, 40.34888 ], [ -3.20488, 40.34437 ], [ -3.20723, 40.34526 ], [ -3.21195, 40.34706 ], [ -3.21549, 40.34885 ], [ -3.21785, 40.34975 ], [ -3.21903, 40.35065 ], [ -3.22256, 40.35244 ], [ -3.22374, 40.35334 ], [ -3.22375, 40.35424 ], [ -3.22493, 40.35424 ], [ -3.22493, 40.35514 ], [ -3.22611, 40.35604 ], [ -3.22729, 40.35604 ], [ -3.22729, 40.35694 ], [ -3.22847, 40.35694 ], [ -3.22965, 40.35693 ], [ -3.22965, 40.35784 ], [ -3.23083, 40.35783 ], [ -3.23083, 40.35873 ], [ -3.23201, 40.35873 ], [ -3.23318, 40.35873 ], [ -3.23436, 40.35873 ], [ -3.23437, 40.35963 ] ] ] } },
{ "type": "Feature", "properties": { "ine_code": "28102", "name": "Orusco de Tajuña" }, "geometry": { "type": "Polygon", "coordinates": [ [ [ -3.24948, 40.30644 ], [ -3.24478, 40.30825 ], [ -3.24008, 40.31007 ], [ -3.23538, 40.31188 ], [ -3.23185, 40.31188 ], [ -3.22714, 40.3137 ], [ -3.22597, 40.3146 ], [ -3.22244, 40.3137 ], [ -3.21773, 40.31281 ], [ -3.21655, 40.31281 ], [ -3.21183, 40.31012 ], [ -3.21065, 40.30922 ], [ -3.20712, 40.30653 ], [ -3.20594, 40.30653 ], [ -3.20241, 40.30653 ], [ -3.1977, 40.30564 ], [ -3.19299, 40.30475 ], [ -3.18946, 40.30475 ], [ -3.18475, 40.30476 ], [ -3.18122, 40.30387 ], [ -3.18122, 40.30296 ], [ -3.18004, 40.30207 ], [ -3.18003, 40.30116 ], [ -3.1812, 40.29756 ], [ -3.18119, 40.29486 ], [ -3.18001, 40.29216 ], [ -3.18118, 40.28855 ], [ -3.18352, 40.28494 ], [ -3.18469, 40.28224 ], [ -3.18586, 40.28043 ], [ -3.18703, 40.27863 ], [ -3.18702, 40.27503 ], [ -3.18584, 40.27233 ], [ -3.18466, 40.26962 ], [ -3.187, 40.26602 ], [ -3.18934, 40.26331 ], [ -3.19286, 40.2597 ], [ -3.19403, 40.2579 ], [ -3.19756, 40.25789 ], [ -3.19874, 40.25879 ], [ -3.20109, 40.25969 ], [ -3.20698, 40.26238 ], [ -3.20699, 40.26418 ], [ -3.21052, 40.26688 ], [ -3.21406, 40.26957 ], [ -3.21406, 40.27048 ], [ -3.21642, 40.27227 ], [ -3.21878, 40.27317 ], [ -3.22232, 40.27677 ], [ -3.2235, 40.27766 ], [ -3.22822, 40.28306 ], [ -3.2294, 40.28396 ], [ -3.23176, 40.28666 ], [ -3.23412, 40.28936 ], [ -3.23648, 40.29115 ], [ -3.23884, 40.29205 ], [ -3.24002, 40.29295 ], [ -3.24355, 40.29474 ], [ -3.24473, 40.29564 ], [ -3.24827, 40.29834 ], [ -3.25064, 40.30103 ], [ -3.25182, 40.30193 ], [ -3.25182, 40.30373 ], [ -3.24948, 40.30644 ] ] ] } },
{ "type": "Feature", "properties": { "ine_code": "28104", "name": "Paracuellos de Jarama" }, "geometry": { "type": "Polygon", "coordinates": [ [ [ -3.5524, 40.5108 ], [ -3.55241, 40.5117 ], [ -3.55242, 40.5126 ], [ -3.5536, 40.5126 ], [ -3.55361, 40.5135 ], [ -3.55361, 40.5144 ], [ -3.5548, 40.51439 ], [ -3.5548, 40.51529 ], [ -3.55598, 40.51529 ], [ -3.55599, 40.51619 ], [ -3.556, 40.51709 ], [ -3.55482, 40.51709 ], [ -3.55482, 40.51799 ], [ -3.55364, 40.518 ], [ -3.55365, 40.5189 ], [ -3.55247, 40.51891 ], [ -3.55248, 40.51981 ], [ -3.5513, 40.51981 ], [ -3.55131, 40.52071 ], [ -3.55013, 40.52072 ], [ -3.55013, 40.52162 ], [ -3.55014, 40.52252 ], [ -3.55015, 40.52342 ], [ -3.55134, 40.52432 ], [ -3.55134, 40.52522 ], [ -3.55252, 40.52521 ], [ -3.55253, 40.52611 ], [ -3.55371, 40.52611 ], [ -3.5549, 40.527 ], [ -3.55608, 40.527 ], [ -3.55609, 40.5279 ], [ -3.55727, 40.52789 ], [ -3.55728, 40.52879 ], [ -3.55728, 40.52969 ], [ -3.5561, 40.5297 ], [ -3.55611, 40.5306 ], [ -3.55612, 40.5315 ], [ -3.55494, 40.53151 ], [ -3.55376, 40.53241 ], [ -3.55258, 40.53242 ], [ -3.5514, 40.53243 ], [ -3.55022, 40.53243 ], [ -3.55023, 40.53333 ], [ -3.54905, 40.53334 ], [ -3.54906, 40.53424 ], [ -3.54787, 40.53424 ], [ -3.54788, 40.53514 ], [ -3.54789, 40.53605 ], [ -3.5479, 40.53695 ], [ -3.5479, 40.53785 ], [ -3.54909, 40.53874 ], [ -3.5491, 40.53964 ], [ -3.54911, 40.54054 ], [ -3.55029, 40.54144 ], [ -3.5503, 40.54234 ], [ -3.55148, 40.54233 ], [ -3.55266, 40.54143 ], [ -3.55384, 40.54142 ], [ -3.55502, 40.54142 ], [ -3.5562, 40.54141 ], [ -3.55738, 40.54141 ], [ -3.55739, 40.54231 ], [ -3.55739, 40.54321 ], [ -3.5574, 40.54411 ], [ -3.55622, 40.54411 ], [ -3.55623, 40.54501 ], [ -3.55624, 40.54592 ], [ -3.55742, 40.54591 ], [ -3.55742, 40.54681 ], [ -3.55979, 40.5477 ], [ -3.5598, 40.5486 ], [ -3.56099, 40.5495 ], [ -3.56218, 40.55039 ], [ -3.56336, 40.55039 ], [ -3.56337, 40.55129 ], [ -3.56456, 40.55218 ], [ -3.56456, 40.55308 ], [ -3.56574, 40.55308 ], [ -3.56575, 40.55398 ], [ -3.56576, 40.55488 ], [ -3.56577, 40.55578 ], [ -3.56577, 40.55668 ], [ -3.56578, 40.55758 ], [ -3.56579, 40.55848 ], [ -3.56461, 40.55849 ], [ -3.56343, 40.55939 ], [ -3.56225, 40.5594 ], [ -3.56107, 40.55941 ], [ -3.56108, 40.56031 ], [ -3.56109, 40.56121 ], [ -3.5611, 40.56211 ], [ -3.5611, 40.56301 ], [ -3.56111, 40.56391 ], [ -3.55993, 40.56392 ], [ -3.55876, 40.56482 ], [ -3.55876, 40.56572 ], [ -3.55877, 40.56662 ], [ -3.55878, 40.56752 ], [ -3.55997, 40.56842 ], [ -3.56234, 40.57021 ], [ -3.56353, 40.57111 ], [ -3.56472, 40.572 ], [ -3.56236, 40.57201 ], [ -3.56, 40.57292 ], [ -3.55884, 40.57473 ], [ -3.55766, 40.57564 ], [ -3.55412, 40.57566 ], [ -3.55293, 40.57476 ], [ -3.55174, 40.57386 ], [ -3.55055, 40.57297 ], [ -3.54818, 40.57208 ], [ -3.54699, 40.57118 ], [ -3.54462, 40.57029 ], [ -3.54462, 40.56939 ], [ -3.54343, 40.5685 ], [ -3.5446, 40.56759 ], [ -3.54578, 40.56669 ], [ -3.54577, 40.56579 ], [ -3.55049, 40.56486 ], [ -3.5493, 40.56397 ], [ -3.54812, 40.56397 ], [ -3.54693, 40.56308 ], [ -3.54575, 40.56308 ], [ -3.54574, 40.56218 ], [ -3.54337, 40.56129 ], [ -3.54219, 40.5613 ], [ -3.541, 40.5604 ], [ -3.53982, 40.56041 ], [ -3.53981, 40.55951 ], [ -3.53862, 40.55861 ], [ -3.53744, 40.55772 ], [ -3.53625, 40.55772 ], [ -3.53388, 40.55683 ], [ -3.53388, 40.55593 ], [ -3.53151, 40.55504 ], [ -3.52914, 40.55415 ], [ -3.52795, 40.55326 ], [ -3.52794, 40.55235 ], [ -3.52676, 40.55146 ], [ -3.52556, 40.54966 ], [ -3.52437, 40.54877 ], [ -3.52199, 40.54608 ], [ -3.51962, 40.54519 ], [ -3.51843, 40.54429 ], [ -3.51606, 40.5425 ], [ -3.51487, 40.5416 ], [ -3.51368, 40.54071 ], [ -3.51249, 40.53891 ], [ -3.5113, 40.53802 ], [ -3.5101, 40.53532 ], [ -3.51008, 40.53262 ], [ -3.5077, 40.53082 ], [ -3.5077, 40.52992 ], [ -3.5065, 40.52813 ], [ -3.50532, 40.52813 ], [ -3.50531, 40.52723 ], [ -3.50413, 40.52724 ], [ -3.50413, 40.52634 ], [ -3.50295, 40.52634 ], [ -3.50294, 40.52544 ], [ -3.50293, 40.52454 ], [ -3.50293, 40.52364 ], [ -3.50175, 40.52364 ], [ -3.50174, 40.52274 ], [ -3.50173, 40.52184 ], [ -3.50055, 40.52185 ], [ -3.50055, 40.52095 ], [ -3.50054, 40.52004 ], [ -3.49936, 40.52005 ], [ -3.49935, 40.51915 ], [ -3.49817, 40.51915 ], [ -3.49816, 40.51825 ], [ -3.49698, 40.51826 ], [ -3.4958, 40.51736 ], [ -3.49579, 40.51646 ], [ -3.49461, 40.51647 ], [ -3.4946, 40.51557 ], [ -3.4946, 40.51466 ], [ -3.49341, 40.51377 ], [ -3.4934, 40.51287 ], [ -3.4934, 40.51197 ], [ -3.49222, 40.51197 ], [ -3.49221, 40.51107 ], [ -3.49103, 40.51108 ], [ -3.49102, 40.51018 ], [ -3.48984, 40.51018 ], [ -3.48984, 40.50928 ], [ -3.48983, 40.50838 ], [ -3.48865, 40.50838 ], [ -3.48864, 40.50748 ], [ -3.48864, 40.50658 ], [ -3.48746, 40.50659 ], [ -3.48745, 40.50569 ], [ -3.48744, 40.50479 ], [ -3.48744, 40.50388 ], [ -3.48626, 40.50389 ], [ -3.48625, 40.50299 ], [ -3.48624, 40.50209 ], [ -3.48624, 40.50119 ], [ -3.48506, 40.50119 ], [ -3.48505, 40.50029 ], [ -3.48504, 40.49939 ], [ -3.48386, 40.49939 ], [ -3.48386, 40.49849 ], [ -3.48268, 40.4985 ], [ -3.48267, 40.4976 ], [ -3.48149, 40.4976 ], [ -3.48148, 40.4967 ], [ -3.48029, 40.49491 ], [ -3.47911, 40.49491 ], [ -3.47909, 40.49221 ], [ -3.4767, 40.48771 ], [ -3.47787, 40.48681 ], [ -3.47905, 40.4868 ], [ -3.48023, 40.4859 ], [ -3.48257, 40.48409 ], [ -3.48375, 40.48318 ], [ -3.48493, 40.48317 ], [ -3.48492, 40.48227 ], [ -3.4861, 40.48227 ], [ -3.48727, 40.48136 ], [ -3.48845, 40.48046 ], [ -3.48844, 40.47956 ], [ -3.49079, 40.47774 ], [ -3.49196, 40.47684 ], [ -3.49314, 40.47683 ], [ -3.49313, 40.47593 ], [ -3.49431, 40.47503 ], [ -3.49548, 40.47412 ], [ -3.49665, 40.47321 ], [ -3.49783, 40.47321 ], [ -3.499, 40.4714 ], [ -3.50724, 40.46956 ], [ -3.51077, 40.46865 ], [ -3.51313, 40.46864 ], [ -3.5155, 40.46953 ], [ -3.52849, 40.47217 ], [ -3.53085, 40.47126 ], [ -3.53203, 40.47126 ], [ -3.53321, 40.47125 ], [ -3.53321, 40.47215 ], [ -3.53439, 40.47215 ], [ -3.5344, 40.47305 ], [ -3.53441, 40.47395 ], [ -3.53441, 40.47485 ], [ -3.53442, 40.47575 ], [ -3.53443, 40.47665 ], [ -3.53444, 40.47755 ], [ -3.53444, 40.47845 ], [ -3.53445, 40.47935 ], [ -3.53446, 40.48025 ], [ -3.53564, 40.48025 ], [ -3.53564, 40.48115 ], [ -3.53565, 40.48205 ], [ -3.53685, 40.48385 ], [ -3.53685, 40.48475 ], [ -3.53686, 40.48565 ], [ -3.53687, 40.48655 ], [ -3.53805, 40.48654 ], [ -3.53805, 40.48744 ], [ -3.53923, 40.48744 ], [ -3.54042, 40.48833 ], [ -3.5416, 40.48833 ], [ -3.54161, 40.48923 ], [ -3.54162, 40.49013 ], [ -3.54162, 40.49103 ], [ -3.54163, 40.49193 ], [ -3.54164, 40.49283 ], [ -3.54164, 40.49373 ], [ -3.54165, 40.49463 ], [ -3.54283, 40.49463 ], [ -3.54284, 40.49553 ], [ -3.54402, 40.49552 ], [ -3.5452, 40.49552 ], [ -3.54521, 40.49642 ], [ -3.54639, 40.49641 ], [ -3.54757, 40.49641 ], [ -3.54757, 40.49731 ], [ -3.54993, 40.4973 ], [ -3.54994, 40.4982 ], [ -3.55112, 40.49819 ], [ -3.5523, 40.49819 ], [ -3.55231, 40.49909 ], [ -3.55349, 40.49908 ], [ -3.5535, 40.49998 ], [ -3.5535, 40.50088 ], [ -3.55351, 40.50178 ], [ -3.55352, 40.50269 ], [ -3.55471, 40.50358 ], [ -3.55472, 40.50538 ], [ -3.55475, 40.50899 ], [ -3.55477, 40.51169 ], [ -3.5524, 40.5108 ] ] ] } },
{ "type": "Feature", "properties": { "ine_code": "28106", "name": "Parla" }, "geometry": { "type": "Polygon", "coordinates": [ [ [ -3.80638, 40.23093 ], [ -3.80521, 40.23183 ], [ -3.80406, 40.23364 ], [ -3.80407, 40.23455 ], [ -3.8029, 40.23545 ], [ -3.80291, 40.23636 ], [ -3.80175, 40.23726 ], [ -3.80176, 40.23817 ], [ -3.79823, 40.23819 ], [ -3.79589, 40.23911 ], [ -3.79709, 40.2409 ], [ -3.7983, 40.24359 ], [ -3.7995, 40.24629 ], [ -3.8007, 40.24808 ], [ -3.80072, 40.24988 ], [ -3.79956, 40.25079 ], [ -3.79838, 40.2508 ], [ -3.79603, 40.25082 ], [ -3.79249, 40.24994 ], [ -3.78897, 40.24997 ], [ -3.78544, 40.24999 ], [ -3.7831, 40.25091 ], [ -3.78075, 40.25092 ], [ -3.77957, 40.25093 ], [ -3.77604, 40.25095 ], [ -3.77486, 40.25006 ], [ -3.77368, 40.25007 ], [ -3.77369, 40.25097 ], [ -3.77252, 40.25098 ], [ -3.77134, 40.25098 ], [ -3.77135, 40.25189 ], [ -3.76782, 40.25191 ], [ -3.76783, 40.25281 ], [ -3.76666, 40.25282 ], [ -3.76548, 40.25283 ], [ -3.76549, 40.25373 ], [ -3.76432, 40.25373 ], [ -3.76433, 40.25464 ], [ -3.76434, 40.25554 ], [ -3.76316, 40.25554 ], [ -3.76198, 40.25555 ], [ -3.76081, 40.25556 ], [ -3.75963, 40.25557 ], [ -3.75962, 40.25467 ], [ -3.75845, 40.25467 ], [ -3.75844, 40.25377 ], [ -3.75726, 40.25378 ], [ -3.75725, 40.25288 ], [ -3.75724, 40.25198 ], [ -3.75607, 40.25199 ], [ -3.75606, 40.25109 ], [ -3.75605, 40.25018 ], [ -3.75487, 40.25019 ], [ -3.75488, 40.25109 ], [ -3.7537, 40.2511 ], [ -3.75253, 40.25111 ], [ -3.75254, 40.25201 ], [ -3.75136, 40.25202 ], [ -3.75018, 40.25112 ], [ -3.74784, 40.25204 ], [ -3.74669, 40.25475 ], [ -3.74315, 40.25387 ], [ -3.7408, 40.25389 ], [ -3.73609, 40.25302 ], [ -3.73607, 40.25121 ], [ -3.73724, 40.25121 ], [ -3.73723, 40.25031 ], [ -3.73722, 40.24941 ], [ -3.73721, 40.2485 ], [ -3.7372, 40.2476 ], [ -3.7372, 40.2467 ], [ -3.73719, 40.2458 ], [ -3.73718, 40.2449 ], [ -3.73835, 40.24489 ], [ -3.73832, 40.24219 ], [ -3.73829, 40.23949 ], [ -3.73826, 40.23679 ], [ -3.73937, 40.23047 ], [ -3.73817, 40.22778 ], [ -3.73815, 40.22598 ], [ -3.73813, 40.22417 ], [ -3.73692, 40.22148 ], [ -3.73922, 40.21696 ], [ -3.73921, 40.21606 ], [ -3.73328, 40.21069 ], [ -3.73564, 40.21158 ], [ -3.73681, 40.21157 ], [ -3.73679, 40.20977 ], [ -3.73793, 40.20616 ], [ -3.7391, 40.20525 ], [ -3.74026, 40.20434 ], [ -3.74144, 40.20433 ], [ -3.74143, 40.20343 ], [ -3.7426, 40.20342 ], [ -3.74259, 40.20252 ], [ -3.74377, 40.20251 ], [ -3.74376, 40.20161 ], [ -3.74493, 40.20161 ], [ -3.74611, 40.2016 ], [ -3.74612, 40.2025 ], [ -3.74729, 40.20249 ], [ -3.7473, 40.20339 ], [ -3.74848, 40.20339 ], [ -3.74849, 40.20429 ], [ -3.74966, 40.20428 ], [ -3.74967, 40.20518 ], [ -3.75086, 40.20607 ], [ -3.75087, 40.20697 ], [ -3.75204, 40.20697 ], [ -3.75205, 40.20787 ], [ -3.75324, 40.20876 ], [ -3.75441, 40.20875 ], [ -3.75442, 40.20965 ], [ -3.7556, 40.20965 ], [ -3.75561, 40.21055 ], [ -3.75678, 40.21054 ], [ -3.75677, 40.20964 ], [ -3.75795, 40.20963 ], [ -3.75794, 40.20873 ], [ -3.7591, 40.20782 ], [ -3.76145, 40.20781 ], [ -3.76496, 40.20688 ], [ -3.76967, 40.20775 ], [ -3.77085, 40.20774 ], [ -3.7744, 40.20952 ], [ -3.77556, 40.20861 ], [ -3.77792, 40.2095 ], [ -3.7791, 40.20949 ], [ -3.78027, 40.20948 ], [ -3.78028, 40.21038 ], [ -3.78029, 40.21128 ], [ -3.7803, 40.21218 ], [ -3.78031, 40.21309 ], [ -3.78266, 40.21307 ], [ -3.78385, 40.21396 ], [ -3.78504, 40.21576 ], [ -3.7874, 40.21664 ], [ -3.78975, 40.21663 ], [ -3.79094, 40.21752 ], [ -3.79095, 40.21842 ], [ -3.79096, 40.21932 ], [ -3.78979, 40.21933 ], [ -3.7898, 40.22023 ], [ -3.78981, 40.22113 ], [ -3.78982, 40.22203 ], [ -3.79099, 40.22202 ], [ -3.79217, 40.22201 ], [ -3.79218, 40.22292 ], [ -3.79335, 40.22291 ], [ -3.79334, 40.22201 ], [ -3.79452, 40.222 ], [ -3.79569, 40.22199 ], [ -3.79687, 40.22198 ], [ -3.79804, 40.22197 ], [ -3.79805, 40.22287 ], [ -3.79923, 40.22287 ], [ -3.8004, 40.22286 ], [ -3.80039, 40.22196 ], [ -3.80157, 40.22195 ], [ -3.80156, 40.22105 ], [ -3.80273, 40.22104 ], [ -3.80272, 40.22014 ], [ -3.8039, 40.22013 ], [ -3.80391, 40.22103 ], [ -3.80392, 40.22193 ], [ -3.80509, 40.22193 ], [ -3.80511, 40.22283 ], [ -3.80512, 40.22373 ], [ -3.80629, 40.22372 ], [ -3.8063, 40.22462 ], [ -3.80631, 40.22552 ], [ -3.80632, 40.22642 ], [ -3.8075, 40.22641 ], [ -3.80751, 40.22731 ], [ -3.80752, 40.22821 ], [ -3.80753, 40.22912 ], [ -3.80638, 40.23093 ] ] ] } },
{ "type": "Feature", "properties": { "ine_code": "28107", "name": "Patones" }, "geometry": { "type": "Polygon", "coordinates": [ [ [ -3.5234, 40.87759 ], [ -3.52341, 40.87939 ], [ -3.52105, 40.8812 ], [ -3.51987, 40.88211 ], [ -3.51871, 40.88572 ], [ -3.51755, 40.88842 ], [ -3.51638, 40.89113 ], [ -3.51639, 40.89203 ], [ -3.51521, 40.89294 ], [ -3.51285, 40.89475 ], [ -3.51767, 40.90464 ], [ -3.51768, 40.90554 ], [ -3.51887, 40.90553 ], [ -3.51888, 40.90643 ], [ -3.51888, 40.90733 ], [ -3.51889, 40.90824 ], [ -3.5177, 40.90824 ], [ -3.51652, 40.90825 ], [ -3.51533, 40.90825 ], [ -3.51413, 40.90736 ], [ -3.51295, 40.90736 ], [ -3.51294, 40.90646 ], [ -3.51175, 40.90647 ], [ -3.51056, 40.90647 ], [ -3.50938, 40.90648 ], [ -3.50819, 40.90648 ], [ -3.50818, 40.90558 ], [ -3.507, 40.90559 ], [ -3.5058, 40.90469 ], [ -3.50461, 40.9047 ], [ -3.50343, 40.9047 ], [ -3.50224, 40.90471 ], [ -3.50105, 40.90471 ], [ -3.49987, 40.90472 ], [ -3.49986, 40.90382 ], [ -3.49867, 40.90382 ], [ -3.49748, 40.90383 ], [ -3.4963, 40.90383 ], [ -3.4963, 40.90473 ], [ -3.49631, 40.90563 ], [ -3.49512, 40.90564 ], [ -3.49394, 40.90564 ], [ -3.49393, 40.90474 ], [ -3.49274, 40.90475 ], [ -3.49155, 40.90385 ], [ -3.49036, 40.90386 ], [ -3.49037, 40.90476 ], [ -3.48918, 40.90476 ], [ -3.48919, 40.90566 ], [ -3.49037, 40.90566 ], [ -3.49156, 40.90565 ], [ -3.49275, 40.90655 ], [ -3.49394, 40.90654 ], [ -3.49513, 40.90654 ], [ -3.49514, 40.90744 ], [ -3.49633, 40.90833 ], [ -3.49634, 40.90924 ], [ -3.49752, 40.90923 ], [ -3.49753, 40.91013 ], [ -3.49634, 40.91014 ], [ -3.49516, 40.91014 ], [ -3.49397, 40.91015 ], [ -3.49278, 40.91015 ], [ -3.49159, 40.91016 ], [ -3.49041, 40.91016 ], [ -3.4904, 40.90926 ], [ -3.48921, 40.90927 ], [ -3.48922, 40.91017 ], [ -3.48803, 40.91017 ], [ -3.48804, 40.91107 ], [ -3.48685, 40.91108 ], [ -3.48566, 40.91108 ], [ -3.48566, 40.91018 ], [ -3.48447, 40.91019 ], [ -3.48446, 40.90929 ], [ -3.48328, 40.90929 ], [ -3.48327, 40.90839 ], [ -3.48208, 40.9084 ], [ -3.48089, 40.9084 ], [ -3.4809, 40.9093 ], [ -3.48091, 40.9102 ], [ -3.4821, 40.9102 ], [ -3.4821, 40.9111 ], [ -3.48211, 40.912 ], [ -3.48211, 40.9129 ], [ -3.48093, 40.9129 ], [ -3.47974, 40.91291 ], [ -3.47855, 40.91291 ], [ -3.47737, 40.91292 ], [ -3.47618, 40.91292 ], [ -3.47617, 40.91202 ], [ -3.47736, 40.91202 ], [ -3.47735, 40.91112 ], [ -3.47854, 40.91111 ], [ -3.47853, 40.91021 ], [ -3.47734, 40.90932 ], [ -3.47615, 40.90932 ], [ -3.47616, 40.91022 ], [ -3.47616, 40.91112 ], [ -3.47498, 40.91113 ], [ -3.47379, 40.91113 ], [ -3.4738, 40.91203 ], [ -3.47261, 40.91204 ], [ -3.47142, 40.91204 ], [ -3.47023, 40.91205 ], [ -3.47024, 40.91295 ], [ -3.46905, 40.91295 ], [ -3.46906, 40.91385 ], [ -3.46788, 40.91476 ], [ -3.46788, 40.91566 ], [ -3.46789, 40.91656 ], [ -3.46908, 40.91656 ], [ -3.46908, 40.91746 ], [ -3.46909, 40.91836 ], [ -3.4679, 40.91836 ], [ -3.46672, 40.91837 ], [ -3.46553, 40.91837 ], [ -3.46434, 40.91838 ], [ -3.46315, 40.91838 ], [ -3.46197, 40.91839 ], [ -3.46196, 40.91749 ], [ -3.46077, 40.91749 ], [ -3.46077, 40.91659 ], [ -3.46195, 40.91659 ], [ -3.46195, 40.91568 ], [ -3.46313, 40.91568 ], [ -3.46313, 40.91478 ], [ -3.46432, 40.91477 ], [ -3.46431, 40.91387 ], [ -3.46312, 40.91388 ], [ -3.46193, 40.91388 ], [ -3.46075, 40.91389 ], [ -3.45957, 40.91479 ], [ -3.45838, 40.9148 ], [ -3.45719, 40.9148 ], [ -3.456, 40.91481 ], [ -3.456, 40.91391 ], [ -3.45481, 40.91391 ], [ -3.45362, 40.91392 ], [ -3.45244, 40.91392 ], [ -3.45243, 40.91302 ], [ -3.45124, 40.91302 ], [ -3.45005, 40.91213 ], [ -3.44886, 40.91213 ], [ -3.44885, 40.91123 ], [ -3.44767, 40.91124 ], [ -3.44648, 40.91124 ], [ -3.44647, 40.91034 ], [ -3.44529, 40.91034 ], [ -3.44528, 40.90944 ], [ -3.44409, 40.90945 ], [ -3.44409, 40.90855 ], [ -3.44408, 40.90765 ], [ -3.44407, 40.90675 ], [ -3.44526, 40.90584 ], [ -3.44644, 40.90584 ], [ -3.44763, 40.90583 ], [ -3.44882, 40.90583 ], [ -3.45001, 40.90582 ], [ -3.45, 40.90492 ], [ -3.45119, 40.90582 ], [ -3.45238, 40.90581 ], [ -3.45357, 40.90581 ], [ -3.45357, 40.90671 ], [ -3.45476, 40.9067 ], [ -3.45477, 40.90761 ], [ -3.45595, 40.9076 ], [ -3.45715, 40.9085 ], [ -3.45834, 40.90849 ], [ -3.45952, 40.90849 ], [ -3.45952, 40.90759 ], [ -3.4607, 40.90668 ], [ -3.46069, 40.90578 ], [ -3.46068, 40.90488 ], [ -3.45949, 40.90398 ], [ -3.45948, 40.90308 ], [ -3.4583, 40.90309 ], [ -3.45829, 40.90219 ], [ -3.45829, 40.90129 ], [ -3.45828, 40.90038 ], [ -3.45947, 40.90038 ], [ -3.46065, 40.90038 ], [ -3.46065, 40.89947 ], [ -3.46064, 40.89857 ], [ -3.45945, 40.89768 ], [ -3.45826, 40.89768 ], [ -3.45708, 40.89859 ], [ -3.4559, 40.89949 ], [ -3.45471, 40.8995 ], [ -3.45352, 40.8995 ], [ -3.45352, 40.8986 ], [ -3.45233, 40.89861 ], [ -3.45232, 40.89771 ], [ -3.45232, 40.8968 ], [ -3.45231, 40.8959 ], [ -3.45113, 40.89591 ], [ -3.44993, 40.89501 ], [ -3.44874, 40.89502 ], [ -3.44756, 40.89502 ], [ -3.44756, 40.89592 ], [ -3.44638, 40.89593 ], [ -3.44519, 40.89593 ], [ -3.44518, 40.89503 ], [ -3.44518, 40.89413 ], [ -3.44399, 40.89413 ], [ -3.44398, 40.89323 ], [ -3.4428, 40.89324 ], [ -3.44279, 40.89234 ], [ -3.4416, 40.89234 ], [ -3.44041, 40.89145 ], [ -3.43922, 40.89145 ], [ -3.43922, 40.89055 ], [ -3.44041, 40.89055 ], [ -3.4404, 40.88964 ], [ -3.44159, 40.88964 ], [ -3.44158, 40.88874 ], [ -3.44277, 40.88873 ], [ -3.44395, 40.88873 ], [ -3.44395, 40.88783 ], [ -3.44514, 40.88782 ], [ -3.44513, 40.88692 ], [ -3.44394, 40.88603 ], [ -3.44274, 40.88513 ], [ -3.44274, 40.88423 ], [ -3.44273, 40.88333 ], [ -3.44154, 40.88333 ], [ -3.44154, 40.88243 ], [ -3.44153, 40.88153 ], [ -3.44153, 40.88063 ], [ -3.44152, 40.87973 ], [ -3.44033, 40.87974 ], [ -3.44033, 40.87883 ], [ -3.44032, 40.87793 ], [ -3.44032, 40.87703 ], [ -3.44031, 40.87613 ], [ -3.4403, 40.87523 ], [ -3.44149, 40.87523 ], [ -3.44268, 40.87522 ], [ -3.44387, 40.87612 ], [ -3.44506, 40.87611 ], [ -3.44506, 40.87701 ], [ -3.44625, 40.87701 ], [ -3.44744, 40.87701 ], [ -3.44862, 40.8761 ], [ -3.4498, 40.8761 ], [ -3.4498, 40.87519 ], [ -3.45098, 40.87519 ], [ -3.45098, 40.87429 ], [ -3.45217, 40.87428 ], [ -3.45216, 40.87338 ], [ -3.45335, 40.87338 ], [ -3.45453, 40.87337 ], [ -3.45572, 40.87337 ], [ -3.4569, 40.87246 ], [ -3.45809, 40.87246 ], [ -3.45808, 40.87156 ], [ -3.45927, 40.87155 ], [ -3.46045, 40.87155 ], [ -3.46045, 40.87065 ], [ -3.46163, 40.87064 ], [ -3.46281, 40.86974 ], [ -3.464, 40.86973 ], [ -3.46399, 40.86883 ], [ -3.46518, 40.86883 ], [ -3.46636, 40.86792 ], [ -3.46755, 40.86792 ], [ -3.46873, 40.86701 ], [ -3.46991, 40.86611 ], [ -3.47109, 40.8652 ], [ -3.47227, 40.86429 ], [ -3.47226, 40.86339 ], [ -3.47226, 40.86249 ], [ -3.47225, 40.86159 ], [ -3.47106, 40.8607 ], [ -3.47105, 40.8598 ], [ -3.46986, 40.8598 ], [ -3.46867, 40.8589 ], [ -3.46748, 40.85801 ], [ -3.46629, 40.85711 ], [ -3.46628, 40.85621 ], [ -3.46627, 40.85531 ], [ -3.46746, 40.85531 ], [ -3.46745, 40.85441 ], [ -3.46864, 40.8544 ], [ -3.46863, 40.8535 ], [ -3.46982, 40.85349 ], [ -3.46981, 40.85259 ], [ -3.46981, 40.85169 ], [ -3.471, 40.85259 ], [ -3.47219, 40.85258 ], [ -3.47219, 40.85349 ], [ -3.47338, 40.85348 ], [ -3.47339, 40.85438 ], [ -3.47457, 40.85438 ], [ -3.47576, 40.85437 ], [ -3.47576, 40.85527 ], [ -3.47695, 40.85527 ], [ -3.47814, 40.85526 ], [ -3.47932, 40.85526 ], [ -3.47932, 40.85436 ], [ -3.4805, 40.85435 ], [ -3.4805, 40.85345 ], [ -3.48168, 40.85345 ], [ -3.48168, 40.85254 ], [ -3.48286, 40.85254 ], [ -3.48404, 40.85163 ], [ -3.48523, 40.85163 ], [ -3.48641, 40.85072 ], [ -3.48997, 40.85071 ], [ -3.49235, 40.8516 ], [ -3.49828, 40.85157 ], [ -3.49947, 40.85157 ], [ -3.49946, 40.85067 ], [ -3.50065, 40.85066 ], [ -3.50064, 40.84976 ], [ -3.50182, 40.84976 ], [ -3.503, 40.84885 ], [ -3.50419, 40.84885 ], [ -3.50418, 40.84794 ], [ -3.50537, 40.84794 ], [ -3.50655, 40.84703 ], [ -3.50654, 40.84613 ], [ -3.50773, 40.84613 ], [ -3.50774, 40.84703 ], [ -3.50892, 40.84702 ], [ -3.50893, 40.84792 ], [ -3.50894, 40.84882 ], [ -3.51012, 40.84882 ], [ -3.51013, 40.84972 ], [ -3.51014, 40.85062 ], [ -3.51132, 40.85062 ], [ -3.51133, 40.85152 ], [ -3.51252, 40.85151 ], [ -3.5137, 40.85151 ], [ -3.51371, 40.85241 ], [ -3.5149, 40.8524 ], [ -3.5149, 40.8533 ], [ -3.51491, 40.8542 ], [ -3.51492, 40.8551 ], [ -3.51492, 40.856 ], [ -3.51611, 40.856 ], [ -3.51612, 40.8569 ], [ -3.51612, 40.8578 ], [ -3.51613, 40.8587 ], [ -3.51494, 40.85871 ], [ -3.51495, 40.85961 ], [ -3.51614, 40.8596 ], [ -3.51614, 40.8605 ], [ -3.51615, 40.8614 ], [ -3.51734, 40.8614 ], [ -3.51734, 40.8623 ], [ -3.51853, 40.86229 ], [ -3.51972, 40.86229 ], [ -3.51972, 40.86319 ], [ -3.51973, 40.86409 ], [ -3.51974, 40.86499 ], [ -3.51975, 40.86589 ], [ -3.52093, 40.86589 ], [ -3.52094, 40.86679 ], [ -3.52095, 40.86769 ], [ -3.52453, 40.87037 ], [ -3.52573, 40.87217 ], [ -3.52456, 40.87398 ], [ -3.52457, 40.87578 ], [ -3.5234, 40.87759 ] ] ] } },
{ "type": "Feature", "properties": { "ine_code": "28108", "name": "Pedrezuela" }, "geometry": { "type": "Polygon", "coordinates": [ [ [ -3.67617, 40.72815 ], [ -3.67499, 40.72906 ], [ -3.67382, 40.72997 ], [ -3.67385, 40.73267 ], [ -3.67267, 40.73358 ], [ -3.67032, 40.73539 ], [ -3.66914, 40.7363 ], [ -3.66679, 40.73812 ], [ -3.66325, 40.73904 ], [ -3.66089, 40.73995 ], [ -3.6609, 40.74085 ], [ -3.65736, 40.74268 ], [ -3.65266, 40.74631 ], [ -3.65267, 40.74721 ], [ -3.64796, 40.74994 ], [ -3.64562, 40.75265 ], [ -3.64326, 40.75447 ], [ -3.64209, 40.75537 ], [ -3.63973, 40.75629 ], [ -3.63619, 40.75811 ], [ -3.63739, 40.7599 ], [ -3.63504, 40.76172 ], [ -3.63387, 40.76263 ], [ -3.63151, 40.76444 ], [ -3.63271, 40.76624 ], [ -3.63155, 40.76804 ], [ -3.63156, 40.76894 ], [ -3.62803, 40.77167 ], [ -3.62566, 40.77168 ], [ -3.6233, 40.77259 ], [ -3.62093, 40.77351 ], [ -3.61975, 40.77351 ], [ -3.61857, 40.77442 ], [ -3.6162, 40.77443 ], [ -3.61266, 40.77535 ], [ -3.61031, 40.77807 ], [ -3.60913, 40.77897 ], [ -3.60914, 40.77987 ], [ -3.60437, 40.7763 ], [ -3.60436, 40.7754 ], [ -3.60434, 40.77269 ], [ -3.60314, 40.7718 ], [ -3.60193, 40.7691 ], [ -3.60072, 40.76551 ], [ -3.59828, 40.75831 ], [ -3.59708, 40.75652 ], [ -3.59468, 40.75292 ], [ -3.59347, 40.75023 ], [ -3.59346, 40.74933 ], [ -3.59346, 40.74843 ], [ -3.59344, 40.74662 ], [ -3.59343, 40.74572 ], [ -3.59342, 40.74482 ], [ -3.59342, 40.74392 ], [ -3.59341, 40.74302 ], [ -3.59339, 40.74122 ], [ -3.59338, 40.73942 ], [ -3.59336, 40.73762 ], [ -3.59217, 40.73672 ], [ -3.59215, 40.73492 ], [ -3.59214, 40.73312 ], [ -3.59211, 40.73042 ], [ -3.59092, 40.72952 ], [ -3.59091, 40.72862 ], [ -3.59209, 40.72771 ], [ -3.59326, 40.72681 ], [ -3.59326, 40.72591 ], [ -3.59444, 40.7259 ], [ -3.59443, 40.725 ], [ -3.59562, 40.72499 ], [ -3.5968, 40.72499 ], [ -3.59679, 40.72409 ], [ -3.59798, 40.72408 ], [ -3.59916, 40.72407 ], [ -3.59915, 40.72317 ], [ -3.60034, 40.72317 ], [ -3.60152, 40.72316 ], [ -3.60151, 40.72226 ], [ -3.6027, 40.72225 ], [ -3.60269, 40.72135 ], [ -3.60387, 40.72135 ], [ -3.60505, 40.72044 ], [ -3.60623, 40.72043 ], [ -3.60622, 40.71953 ], [ -3.60622, 40.71863 ], [ -3.6074, 40.71863 ], [ -3.60739, 40.71772 ], [ -3.60738, 40.71682 ], [ -3.60738, 40.71592 ], [ -3.60737, 40.71502 ], [ -3.60736, 40.71412 ], [ -3.60854, 40.71412 ], [ -3.60853, 40.71321 ], [ -3.60972, 40.71321 ], [ -3.60971, 40.71231 ], [ -3.61089, 40.7123 ], [ -3.61089, 40.7114 ], [ -3.61207, 40.71139 ], [ -3.61206, 40.71049 ], [ -3.61324, 40.71049 ], [ -3.61324, 40.70959 ], [ -3.61441, 40.70868 ], [ -3.61559, 40.70777 ], [ -3.61677, 40.70777 ], [ -3.61796, 40.70776 ], [ -3.61914, 40.70775 ], [ -3.61915, 40.70865 ], [ -3.61916, 40.70955 ], [ -3.61916, 40.71046 ], [ -3.61799, 40.71136 ], [ -3.618, 40.71226 ], [ -3.61801, 40.71316 ], [ -3.61801, 40.71407 ], [ -3.61802, 40.71497 ], [ -3.61685, 40.71587 ], [ -3.61803, 40.71587 ], [ -3.61804, 40.71677 ], [ -3.61922, 40.71676 ], [ -3.61923, 40.71766 ], [ -3.61924, 40.71856 ], [ -3.62042, 40.71856 ], [ -3.62161, 40.71855 ], [ -3.6216, 40.71765 ], [ -3.62278, 40.71764 ], [ -3.62279, 40.71854 ], [ -3.62397, 40.71854 ], [ -3.62516, 40.71853 ], [ -3.62634, 40.71852 ], [ -3.62753, 40.71852 ], [ -3.62872, 40.71941 ], [ -3.6299, 40.71941 ], [ -3.63109, 40.7194 ], [ -3.6311, 40.7203 ], [ -3.63228, 40.72029 ], [ -3.63346, 40.72029 ], [ -3.63465, 40.72028 ], [ -3.63466, 40.72118 ], [ -3.63584, 40.72118 ], [ -3.63702, 40.72117 ], [ -3.63821, 40.72116 ], [ -3.63939, 40.72116 ], [ -3.6394, 40.72206 ], [ -3.64058, 40.72205 ], [ -3.64177, 40.72204 ], [ -3.64295, 40.72204 ], [ -3.64414, 40.72203 ], [ -3.64532, 40.72202 ], [ -3.64533, 40.72292 ], [ -3.64651, 40.72292 ], [ -3.6477, 40.72291 ], [ -3.64889, 40.72381 ], [ -3.65007, 40.7238 ], [ -3.65126, 40.72379 ], [ -3.65244, 40.72379 ], [ -3.65245, 40.72469 ], [ -3.65364, 40.72468 ], [ -3.65482, 40.72467 ], [ -3.65601, 40.72557 ], [ -3.6572, 40.72556 ], [ -3.65838, 40.72555 ], [ -3.65956, 40.72555 ], [ -3.66076, 40.72644 ], [ -3.66194, 40.72643 ], [ -3.66313, 40.72643 ], [ -3.66431, 40.72642 ], [ -3.6643, 40.72552 ], [ -3.66548, 40.72551 ], [ -3.66667, 40.72551 ], [ -3.66785, 40.7255 ], [ -3.66904, 40.72549 ], [ -3.67022, 40.72548 ], [ -3.6714, 40.72458 ], [ -3.67258, 40.72457 ], [ -3.67376, 40.72456 ], [ -3.67494, 40.72366 ], [ -3.67612, 40.72365 ], [ -3.67731, 40.72364 ], [ -3.67617, 40.72815 ] ] ] } },
{ "type": "Feature", "properties": { "ine_code": "28109", "name": "Pelayos de la Presa" }, "geometry": { "type": "Polygon", "coordinates": [ [ [ -4.30853, 40.36508 ], [ -4.3108, 40.36055 ], [ -4.31196, 40.35963 ], [ -4.31305, 40.35511 ], [ -4.31537, 40.35329 ], [ -4.31531, 40.35058 ], [ -4.31645, 40.34877 ], [ -4.32111, 40.34601 ], [ -4.32343, 40.34419 ], [ -4.32461, 40.34417 ], [ -4.32578, 40.34416 ], [ -4.32696, 40.34414 ], [ -4.32814, 40.34413 ], [ -4.33288, 40.34588 ], [ -4.33527, 40.34765 ], [ -4.33643, 40.34674 ], [ -4.33645, 40.34764 ], [ -4.33886, 40.35031 ], [ -4.34125, 40.35209 ], [ -4.34364, 40.35386 ], [ -4.34601, 40.35474 ], [ -4.34606, 40.35744 ], [ -4.34614, 40.36104 ], [ -4.34735, 40.36283 ], [ -4.34503, 40.36466 ], [ -4.34273, 40.36739 ], [ -4.33925, 40.37013 ], [ -4.33927, 40.37103 ], [ -4.33809, 40.37104 ], [ -4.33811, 40.37194 ], [ -4.33813, 40.37284 ], [ -4.33582, 40.37557 ], [ -4.33465, 40.37559 ], [ -4.33347, 40.3756 ], [ -4.33111, 40.37563 ], [ -4.32751, 40.37207 ], [ -4.32514, 40.37119 ], [ -4.32276, 40.37032 ], [ -4.32159, 40.37033 ], [ -4.32039, 40.36944 ], [ -4.3157, 40.3704 ], [ -4.31215, 40.36954 ], [ -4.30858, 40.36778 ], [ -4.30505, 40.36782 ], [ -4.30853, 40.36508 ] ] ] } },
{ "type": "Feature", "properties": { "ine_code": "28110", "name": "Perales de Tajuña" }, "geometry": { "type": "Polygon", "coordinates": [ [ [ -3.41627, 40.25461 ], [ -3.41157, 40.25553 ], [ -3.40805, 40.25734 ], [ -3.40451, 40.25555 ], [ -3.40215, 40.25376 ], [ -3.39979, 40.25196 ], [ -3.39743, 40.25017 ], [ -3.39624, 40.24837 ], [ -3.39272, 40.24929 ], [ -3.39037, 40.25019 ], [ -3.38802, 40.2502 ], [ -3.38569, 40.25471 ], [ -3.381, 40.25743 ], [ -3.37866, 40.25924 ], [ -3.3775, 40.26195 ], [ -3.36929, 40.26558 ], [ -3.36811, 40.26558 ], [ -3.36812, 40.26648 ], [ -3.36694, 40.26649 ], [ -3.36577, 40.26649 ], [ -3.36459, 40.2665 ], [ -3.36459, 40.2674 ], [ -3.36342, 40.2674 ], [ -3.36225, 40.2683 ], [ -3.36107, 40.26831 ], [ -3.36108, 40.26921 ], [ -3.3599, 40.26921 ], [ -3.35872, 40.26922 ], [ -3.35873, 40.27012 ], [ -3.35756, 40.27102 ], [ -3.35286, 40.27194 ], [ -3.34816, 40.27375 ], [ -3.34226, 40.26927 ], [ -3.334, 40.26388 ], [ -3.33399, 40.26298 ], [ -3.33399, 40.26118 ], [ -3.33516, 40.26028 ], [ -3.33515, 40.25848 ], [ -3.33632, 40.25667 ], [ -3.33631, 40.25487 ], [ -3.33512, 40.25307 ], [ -3.33629, 40.25126 ], [ -3.3351, 40.24857 ], [ -3.33627, 40.24676 ], [ -3.33507, 40.24316 ], [ -3.33624, 40.24226 ], [ -3.33506, 40.24046 ], [ -3.33387, 40.23866 ], [ -3.33269, 40.23776 ], [ -3.33151, 40.23686 ], [ -3.33033, 40.23507 ], [ -3.32915, 40.23417 ], [ -3.32797, 40.23417 ], [ -3.32679, 40.23237 ], [ -3.32561, 40.23147 ], [ -3.32444, 40.23148 ], [ -3.32325, 40.22968 ], [ -3.32325, 40.22878 ], [ -3.32207, 40.22878 ], [ -3.32207, 40.22788 ], [ -3.32206, 40.22698 ], [ -3.32088, 40.22608 ], [ -3.32088, 40.22518 ], [ -3.3197, 40.22518 ], [ -3.31853, 40.22519 ], [ -3.31735, 40.22429 ], [ -3.31734, 40.22339 ], [ -3.31499, 40.22159 ], [ -3.31381, 40.2216 ], [ -3.31264, 40.2216 ], [ -3.31263, 40.2207 ], [ -3.31263, 40.2198 ], [ -3.31145, 40.2198 ], [ -3.31145, 40.2189 ], [ -3.31027, 40.2189 ], [ -3.31027, 40.218 ], [ -3.31026, 40.2171 ], [ -3.31026, 40.2162 ], [ -3.31026, 40.2153 ], [ -3.31025, 40.2144 ], [ -3.30908, 40.2144 ], [ -3.30907, 40.2135 ], [ -3.30789, 40.2126 ], [ -3.30671, 40.21171 ], [ -3.3067, 40.209 ], [ -3.30786, 40.2063 ], [ -3.30902, 40.20269 ], [ -3.30784, 40.19999 ], [ -3.30548, 40.19819 ], [ -3.30312, 40.1955 ], [ -3.30194, 40.1946 ], [ -3.30075, 40.1928 ], [ -3.29958, 40.1919 ], [ -3.29839, 40.1901 ], [ -3.29956, 40.1883 ], [ -3.3066, 40.18558 ], [ -3.31363, 40.18286 ], [ -3.31949, 40.17924 ], [ -3.32066, 40.17833 ], [ -3.32066, 40.17923 ], [ -3.32184, 40.17923 ], [ -3.32184, 40.18013 ], [ -3.32302, 40.18013 ], [ -3.32302, 40.18103 ], [ -3.3242, 40.18103 ], [ -3.32537, 40.18192 ], [ -3.32655, 40.18192 ], [ -3.32772, 40.18192 ], [ -3.32773, 40.18282 ], [ -3.3289, 40.18281 ], [ -3.33008, 40.18371 ], [ -3.33126, 40.18371 ], [ -3.33126, 40.18461 ], [ -3.33243, 40.18461 ], [ -3.33244, 40.18551 ], [ -3.33479, 40.1864 ], [ -3.33597, 40.1873 ], [ -3.33715, 40.1873 ], [ -3.33715, 40.1882 ], [ -3.33833, 40.18819 ], [ -3.33833, 40.18909 ], [ -3.33951, 40.18999 ], [ -3.34069, 40.19179 ], [ -3.34188, 40.19359 ], [ -3.34423, 40.19448 ], [ -3.34541, 40.19538 ], [ -3.3513, 40.19806 ], [ -3.35365, 40.19806 ], [ -3.35717, 40.19805 ], [ -3.3607, 40.19894 ], [ -3.36305, 40.19893 ], [ -3.36423, 40.19893 ], [ -3.36658, 40.19892 ], [ -3.36893, 40.19891 ], [ -3.3701, 40.19891 ], [ -3.37011, 40.19981 ], [ -3.37128, 40.1998 ], [ -3.37129, 40.20071 ], [ -3.37365, 40.2025 ], [ -3.37601, 40.20519 ], [ -3.37602, 40.2061 ], [ -3.37719, 40.20609 ], [ -3.3772, 40.20699 ], [ -3.37838, 40.20789 ], [ -3.37956, 40.20879 ], [ -3.38309, 40.21058 ], [ -3.3831, 40.21148 ], [ -3.38545, 40.21237 ], [ -3.38547, 40.21507 ], [ -3.38665, 40.21687 ], [ -3.39136, 40.21866 ], [ -3.39489, 40.21865 ], [ -3.39492, 40.22405 ], [ -3.39493, 40.22495 ], [ -3.39731, 40.23125 ], [ -3.39851, 40.23395 ], [ -3.3997, 40.23755 ], [ -3.40089, 40.24025 ], [ -3.40207, 40.24114 ], [ -3.40326, 40.24294 ], [ -3.40562, 40.24474 ], [ -3.40563, 40.24564 ], [ -3.40918, 40.24923 ], [ -3.41155, 40.25192 ], [ -3.41508, 40.25281 ], [ -3.42332, 40.25458 ], [ -3.41627, 40.25461 ] ] ] } },
{ "type": "Feature", "properties": { "ine_code": "28111", "name": "Pezuela de las Torres" }, "geometry": { "type": "Polygon", "coordinates": [ [ [ -3.22739, 40.38667 ], [ -3.22857, 40.38667 ], [ -3.22857, 40.38757 ], [ -3.22857, 40.38847 ], [ -3.22975, 40.38847 ], [ -3.22976, 40.38937 ], [ -3.22976, 40.39027 ], [ -3.22976, 40.39117 ], [ -3.22976, 40.39207 ], [ -3.22859, 40.39207 ], [ -3.22859, 40.39297 ], [ -3.22859, 40.39387 ], [ -3.22741, 40.39388 ], [ -3.22742, 40.39478 ], [ -3.22624, 40.39478 ], [ -3.22624, 40.39568 ], [ -3.22506, 40.39568 ], [ -3.22389, 40.39569 ], [ -3.22389, 40.39659 ], [ -3.22389, 40.39749 ], [ -3.22389, 40.39839 ], [ -3.22272, 40.39929 ], [ -3.22154, 40.40019 ], [ -3.22036, 40.4002 ], [ -3.22037, 40.4011 ], [ -3.22037, 40.402 ], [ -3.2192, 40.4029 ], [ -3.2192, 40.4047 ], [ -3.21803, 40.40651 ], [ -3.21685, 40.40741 ], [ -3.21568, 40.40921 ], [ -3.21569, 40.41192 ], [ -3.2157, 40.41642 ], [ -3.21571, 40.41822 ], [ -3.21453, 40.41913 ], [ -3.21454, 40.42093 ], [ -3.21454, 40.42273 ], [ -3.21455, 40.42453 ], [ -3.21456, 40.42633 ], [ -3.21338, 40.42814 ], [ -3.21221, 40.42994 ], [ -3.21222, 40.43264 ], [ -3.21222, 40.43355 ], [ -3.21104, 40.43445 ], [ -3.20987, 40.43445 ], [ -3.20752, 40.43716 ], [ -3.20634, 40.43806 ], [ -3.20516, 40.43806 ], [ -3.2028, 40.43897 ], [ -3.20163, 40.43987 ], [ -3.20045, 40.44077 ], [ -3.1981, 40.44258 ], [ -3.19574, 40.44168 ], [ -3.19456, 40.44169 ], [ -3.19338, 40.44169 ], [ -3.18984, 40.44169 ], [ -3.18748, 40.4399 ], [ -3.18512, 40.4399 ], [ -3.18394, 40.4399 ], [ -3.18276, 40.4399 ], [ -3.1804, 40.43991 ], [ -3.17923, 40.43991 ], [ -3.17686, 40.43901 ], [ -3.17569, 40.43901 ], [ -3.1745, 40.43811 ], [ -3.17332, 40.43721 ], [ -3.17214, 40.43632 ], [ -3.17214, 40.43722 ], [ -3.17096, 40.43722 ], [ -3.16979, 40.43902 ], [ -3.16861, 40.43902 ], [ -3.16743, 40.43902 ], [ -3.16625, 40.43903 ], [ -3.16507, 40.43903 ], [ -3.16389, 40.43813 ], [ -3.16271, 40.43813 ], [ -3.16154, 40.43903 ], [ -3.16036, 40.43903 ], [ -3.15918, 40.43904 ], [ -3.158, 40.43994 ], [ -3.15682, 40.43904 ], [ -3.15564, 40.43904 ], [ -3.15446, 40.43814 ], [ -3.15446, 40.43724 ], [ -3.15446, 40.43634 ], [ -3.15445, 40.43544 ], [ -3.15445, 40.43454 ], [ -3.15327, 40.43454 ], [ -3.15327, 40.43364 ], [ -3.15209, 40.43274 ], [ -3.15091, 40.43184 ], [ -3.15091, 40.43094 ], [ -3.1509, 40.43004 ], [ -3.1509, 40.42824 ], [ -3.1509, 40.42734 ], [ -3.1509, 40.42643 ], [ -3.14972, 40.42554 ], [ -3.14971, 40.42463 ], [ -3.14735, 40.42374 ], [ -3.14735, 40.42284 ], [ -3.14735, 40.42193 ], [ -3.14735, 40.42013 ], [ -3.14734, 40.41923 ], [ -3.14616, 40.41833 ], [ -3.1438, 40.41653 ], [ -3.1438, 40.41563 ], [ -3.1438, 40.41473 ], [ -3.14262, 40.41383 ], [ -3.14261, 40.41203 ], [ -3.14025, 40.41113 ], [ -3.13789, 40.40933 ], [ -3.13671, 40.40843 ], [ -3.13553, 40.40753 ], [ -3.13317, 40.40664 ], [ -3.13199, 40.40574 ], [ -3.13082, 40.40574 ], [ -3.13081, 40.40484 ], [ -3.13081, 40.40394 ], [ -3.13199, 40.40303 ], [ -3.13199, 40.40213 ], [ -3.13316, 40.40123 ], [ -3.13434, 40.39943 ], [ -3.13434, 40.39853 ], [ -3.13433, 40.39763 ], [ -3.13433, 40.39582 ], [ -3.13433, 40.39402 ], [ -3.13433, 40.39312 ], [ -3.13432, 40.39222 ], [ -3.1355, 40.39132 ], [ -3.1355, 40.39042 ], [ -3.13668, 40.38952 ], [ -3.13785, 40.38861 ], [ -3.13903, 40.38861 ], [ -3.14138, 40.38771 ], [ -3.14256, 40.38771 ], [ -3.14374, 40.3877 ], [ -3.14374, 40.3868 ], [ -3.14374, 40.3859 ], [ -3.14374, 40.385 ], [ -3.14256, 40.385 ], [ -3.14256, 40.3841 ], [ -3.14373, 40.3841 ], [ -3.14373, 40.3832 ], [ -3.14255, 40.3832 ], [ -3.14137, 40.3832 ], [ -3.14137, 40.3823 ], [ -3.14137, 40.3814 ], [ -3.14137, 40.3805 ], [ -3.14019, 40.3805 ], [ -3.14019, 40.3796 ], [ -3.14019, 40.3787 ], [ -3.14019, 40.3778 ], [ -3.14018, 40.3769 ], [ -3.139, 40.376 ], [ -3.13782, 40.3751 ], [ -3.14136, 40.37509 ], [ -3.14371, 40.37419 ], [ -3.14489, 40.37329 ], [ -3.14842, 40.37328 ], [ -3.1496, 40.37328 ], [ -3.15078, 40.37598 ], [ -3.15314, 40.37688 ], [ -3.1555, 40.37778 ], [ -3.15786, 40.37868 ], [ -3.16021, 40.37867 ], [ -3.16728, 40.37776 ], [ -3.16846, 40.37776 ], [ -3.16963, 40.37686 ], [ -3.17434, 40.37595 ], [ -3.1767, 40.37415 ], [ -3.17787, 40.37414 ], [ -3.18023, 40.37414 ], [ -3.18141, 40.37414 ], [ -3.18258, 40.37414 ], [ -3.18376, 40.37413 ], [ -3.18377, 40.37594 ], [ -3.18378, 40.37864 ], [ -3.18496, 40.37954 ], [ -3.18731, 40.38043 ], [ -3.18849, 40.38133 ], [ -3.18968, 40.38223 ], [ -3.19086, 40.38313 ], [ -3.19204, 40.38403 ], [ -3.19322, 40.38493 ], [ -3.1944, 40.38583 ], [ -3.19676, 40.38673 ], [ -3.19676, 40.38763 ], [ -3.19794, 40.38762 ], [ -3.19794, 40.38853 ], [ -3.19912, 40.38852 ], [ -3.19912, 40.38942 ], [ -3.20148, 40.39032 ], [ -3.20148, 40.39122 ], [ -3.20384, 40.39122 ], [ -3.20502, 40.39122 ], [ -3.2062, 40.39121 ], [ -3.20855, 40.39031 ], [ -3.21091, 40.3903 ], [ -3.21208, 40.3894 ], [ -3.21444, 40.3894 ], [ -3.21444, 40.3885 ], [ -3.21561, 40.38849 ], [ -3.21679, 40.38849 ], [ -3.21797, 40.38759 ], [ -3.21796, 40.38669 ], [ -3.21914, 40.38669 ], [ -3.2215, 40.38578 ], [ -3.22267, 40.38488 ], [ -3.22503, 40.38487 ], [ -3.22621, 40.38577 ], [ -3.22739, 40.38577 ], [ -3.22739, 40.38667 ] ] ] } },
{ "type": "Feature", "properties": { "ine_code": "28112", "name": "Pinilla del Valle" }, "geometry": { "type": "Polygon", "coordinates": [ [ [ -3.88073, 40.9745 ], [ -3.87956, 40.97541 ], [ -3.8736, 40.97456 ], [ -3.8724, 40.97366 ], [ -3.8712, 40.97277 ], [ -3.86999, 40.97098 ], [ -3.86528, 40.97462 ], [ -3.8641, 40.97463 ], [ -3.86175, 40.97735 ], [ -3.8594, 40.97917 ], [ -3.85583, 40.97919 ], [ -3.84989, 40.97924 ], [ -3.8487, 40.97925 ], [ -3.84751, 40.97925 ], [ -3.84635, 40.98107 ], [ -3.84398, 40.98198 ], [ -3.84278, 40.98109 ], [ -3.84158, 40.9802 ], [ -3.84157, 40.9793 ], [ -3.84036, 40.97751 ], [ -3.83914, 40.97481 ], [ -3.83795, 40.97482 ], [ -3.83675, 40.97393 ], [ -3.83674, 40.97303 ], [ -3.83554, 40.97214 ], [ -3.83553, 40.97124 ], [ -3.83433, 40.97034 ], [ -3.8331, 40.96765 ], [ -3.83308, 40.96585 ], [ -3.83307, 40.96495 ], [ -3.83421, 40.96134 ], [ -3.833, 40.95954 ], [ -3.83298, 40.95774 ], [ -3.83051, 40.95055 ], [ -3.82931, 40.94966 ], [ -3.8293, 40.94876 ], [ -3.8281, 40.94787 ], [ -3.82809, 40.94697 ], [ -3.82689, 40.94607 ], [ -3.82571, 40.94608 ], [ -3.82569, 40.94518 ], [ -3.82451, 40.94519 ], [ -3.8245, 40.94429 ], [ -3.82331, 40.9443 ], [ -3.8233, 40.9434 ], [ -3.82211, 40.94341 ], [ -3.8221, 40.94251 ], [ -3.82091, 40.94251 ], [ -3.8209, 40.94161 ], [ -3.81971, 40.94162 ], [ -3.8197, 40.94072 ], [ -3.8185, 40.93983 ], [ -3.81849, 40.93893 ], [ -3.8173, 40.93894 ], [ -3.81729, 40.93804 ], [ -3.8161, 40.93804 ], [ -3.81609, 40.93714 ], [ -3.81128, 40.93267 ], [ -3.81008, 40.93088 ], [ -3.80888, 40.92999 ], [ -3.80528, 40.92731 ], [ -3.80169, 40.92463 ], [ -3.80049, 40.92374 ], [ -3.80048, 40.92284 ], [ -3.79928, 40.92195 ], [ -3.79927, 40.92105 ], [ -3.79807, 40.92015 ], [ -3.79688, 40.92016 ], [ -3.79687, 40.91926 ], [ -3.79567, 40.91837 ], [ -3.79447, 40.91748 ], [ -3.79208, 40.91569 ], [ -3.78968, 40.91391 ], [ -3.7873, 40.91302 ], [ -3.78611, 40.91303 ], [ -3.7861, 40.91213 ], [ -3.78491, 40.91214 ], [ -3.7849, 40.91124 ], [ -3.78609, 40.91123 ], [ -3.78608, 40.91033 ], [ -3.78725, 40.90942 ], [ -3.78724, 40.90852 ], [ -3.78843, 40.90851 ], [ -3.78842, 40.90761 ], [ -3.78841, 40.90671 ], [ -3.78959, 40.9067 ], [ -3.78958, 40.9058 ], [ -3.79077, 40.90579 ], [ -3.79195, 40.90488 ], [ -3.79314, 40.90487 ], [ -3.79312, 40.90397 ], [ -3.79431, 40.90396 ], [ -3.7943, 40.90306 ], [ -3.79549, 40.90306 ], [ -3.79548, 40.90216 ], [ -3.79666, 40.90215 ], [ -3.79785, 40.90214 ], [ -3.79784, 40.90124 ], [ -3.79903, 40.90123 ], [ -3.79902, 40.90033 ], [ -3.79901, 40.89943 ], [ -3.799, 40.89853 ], [ -3.79898, 40.89763 ], [ -3.80017, 40.89762 ], [ -3.80016, 40.89672 ], [ -3.80135, 40.89671 ], [ -3.80134, 40.89581 ], [ -3.80133, 40.89491 ], [ -3.80251, 40.8949 ], [ -3.8025, 40.894 ], [ -3.80249, 40.8931 ], [ -3.80248, 40.8922 ], [ -3.80367, 40.89219 ], [ -3.80366, 40.89129 ], [ -3.80483, 40.89038 ], [ -3.80602, 40.89037 ], [ -3.80601, 40.88947 ], [ -3.8072, 40.88946 ], [ -3.80718, 40.88856 ], [ -3.80837, 40.88855 ], [ -3.80842, 40.89216 ], [ -3.80961, 40.89305 ], [ -3.81081, 40.89394 ], [ -3.81202, 40.89573 ], [ -3.81322, 40.89663 ], [ -3.81441, 40.89662 ], [ -3.81442, 40.89752 ], [ -3.81561, 40.89841 ], [ -3.81563, 40.89931 ], [ -3.82283, 40.90557 ], [ -3.82523, 40.90825 ], [ -3.82646, 40.91095 ], [ -3.82764, 40.91094 ], [ -3.82765, 40.91184 ], [ -3.82884, 40.91183 ], [ -3.82885, 40.91273 ], [ -3.82886, 40.91363 ], [ -3.82888, 40.91453 ], [ -3.83006, 40.91452 ], [ -3.83007, 40.91542 ], [ -3.83009, 40.91632 ], [ -3.8301, 40.91723 ], [ -3.82891, 40.91723 ], [ -3.82892, 40.91813 ], [ -3.82893, 40.91904 ], [ -3.83012, 40.91903 ], [ -3.83013, 40.91993 ], [ -3.83132, 40.91992 ], [ -3.83133, 40.92082 ], [ -3.83252, 40.92081 ], [ -3.83253, 40.92171 ], [ -3.83372, 40.9217 ], [ -3.8349, 40.92169 ], [ -3.83491, 40.9226 ], [ -3.8361, 40.92259 ], [ -3.83611, 40.92349 ], [ -3.8373, 40.92348 ], [ -3.83731, 40.92438 ], [ -3.8385, 40.92437 ], [ -3.8397, 40.92526 ], [ -3.83971, 40.92616 ], [ -3.8409, 40.92616 ], [ -3.84091, 40.92706 ], [ -3.84092, 40.92796 ], [ -3.84093, 40.92886 ], [ -3.84095, 40.93066 ], [ -3.84097, 40.93156 ], [ -3.84217, 40.93245 ], [ -3.84218, 40.93335 ], [ -3.84338, 40.93424 ], [ -3.84339, 40.93515 ], [ -3.84457, 40.93514 ], [ -3.84577, 40.93603 ], [ -3.84579, 40.93693 ], [ -3.84697, 40.93692 ], [ -3.84817, 40.93781 ], [ -3.84818, 40.93871 ], [ -3.84937, 40.9387 ], [ -3.84938, 40.93961 ], [ -3.8494, 40.94051 ], [ -3.85058, 40.9405 ], [ -3.85059, 40.9414 ], [ -3.85061, 40.9423 ], [ -3.85181, 40.94319 ], [ -3.85182, 40.94409 ], [ -3.85303, 40.94588 ], [ -3.85304, 40.94678 ], [ -3.85424, 40.94768 ], [ -3.85544, 40.94857 ], [ -3.85545, 40.94947 ], [ -3.85664, 40.94946 ], [ -3.85783, 40.94945 ], [ -3.85901, 40.94944 ], [ -3.85903, 40.95034 ], [ -3.86024, 40.95214 ], [ -3.86146, 40.95483 ], [ -3.88071, 40.9727 ], [ -3.88073, 40.9745 ] ] ] } },
{ "type": "Feature", "properties": { "ine_code": "28113", "name": "Pinto" }, "geometry": { "type": "Polygon", "coordinates": [ [ [ -3.73981, 40.27101 ], [ -3.73746, 40.27103 ], [ -3.73629, 40.27193 ], [ -3.73512, 40.27194 ], [ -3.73394, 40.27195 ], [ -3.73276, 40.27196 ], [ -3.73159, 40.27196 ], [ -3.7316, 40.27287 ], [ -3.73042, 40.27287 ], [ -3.73041, 40.27197 ], [ -3.72924, 40.27198 ], [ -3.72807, 40.27289 ], [ -3.72806, 40.27199 ], [ -3.72688, 40.27199 ], [ -3.72571, 40.272 ], [ -3.7257, 40.2711 ], [ -3.72452, 40.27111 ], [ -3.72451, 40.27021 ], [ -3.72334, 40.27021 ], [ -3.72333, 40.26931 ], [ -3.72215, 40.26932 ], [ -3.72216, 40.27022 ], [ -3.72098, 40.27023 ], [ -3.71981, 40.27024 ], [ -3.7198, 40.26934 ], [ -3.71861, 40.26844 ], [ -3.71744, 40.26845 ], [ -3.71626, 40.26846 ], [ -3.71625, 40.26756 ], [ -3.71508, 40.26756 ], [ -3.7139, 40.26757 ], [ -3.71272, 40.26758 ], [ -3.71271, 40.26668 ], [ -3.71154, 40.26668 ], [ -3.71036, 40.26669 ], [ -3.70919, 40.2667 ], [ -3.70801, 40.26671 ], [ -3.70802, 40.26761 ], [ -3.70684, 40.26761 ], [ -3.70567, 40.26762 ], [ -3.70449, 40.26763 ], [ -3.70332, 40.26763 ], [ -3.70214, 40.26764 ], [ -3.70096, 40.26765 ], [ -3.69979, 40.26766 ], [ -3.69862, 40.26856 ], [ -3.69744, 40.26857 ], [ -3.69745, 40.26947 ], [ -3.69628, 40.26948 ], [ -3.69627, 40.26858 ], [ -3.69509, 40.26859 ], [ -3.69392, 40.26859 ], [ -3.69393, 40.26949 ], [ -3.69275, 40.2695 ], [ -3.69158, 40.27041 ], [ -3.69041, 40.27042 ], [ -3.69042, 40.27132 ], [ -3.68924, 40.27132 ], [ -3.68925, 40.27222 ], [ -3.68807, 40.27223 ], [ -3.68808, 40.27313 ], [ -3.68691, 40.27314 ], [ -3.68573, 40.27315 ], [ -3.68455, 40.27315 ], [ -3.68456, 40.27405 ], [ -3.68339, 40.27406 ], [ -3.68221, 40.27407 ], [ -3.68103, 40.27407 ], [ -3.67986, 40.27408 ], [ -3.67987, 40.27498 ], [ -3.67869, 40.27499 ], [ -3.6787, 40.27589 ], [ -3.67752, 40.2759 ], [ -3.67635, 40.2759 ], [ -3.67636, 40.2768 ], [ -3.67518, 40.27681 ], [ -3.674, 40.27682 ], [ -3.67401, 40.27772 ], [ -3.67284, 40.27773 ], [ -3.67285, 40.27863 ], [ -3.67285, 40.27953 ], [ -3.67168, 40.27953 ], [ -3.67169, 40.28044 ], [ -3.67052, 40.28134 ], [ -3.66818, 40.28226 ], [ -3.66819, 40.28316 ], [ -3.66701, 40.28317 ], [ -3.66583, 40.28317 ], [ -3.66584, 40.28407 ], [ -3.66466, 40.28408 ], [ -3.6635, 40.28499 ], [ -3.66233, 40.2859 ], [ -3.66234, 40.2868 ], [ -3.66235, 40.2877 ], [ -3.66117, 40.2877 ], [ -3.65999, 40.28771 ], [ -3.66, 40.28861 ], [ -3.65883, 40.28862 ], [ -3.65765, 40.28862 ], [ -3.65647, 40.28863 ], [ -3.65531, 40.28954 ], [ -3.65414, 40.29045 ], [ -3.65296, 40.29045 ], [ -3.65297, 40.29135 ], [ -3.65179, 40.29136 ], [ -3.6518, 40.29226 ], [ -3.65063, 40.29227 ], [ -3.64945, 40.29227 ], [ -3.64827, 40.29228 ], [ -3.6471, 40.29229 ], [ -3.64711, 40.29319 ], [ -3.64593, 40.2932 ], [ -3.64592, 40.29229 ], [ -3.64474, 40.2923 ], [ -3.64357, 40.29231 ], [ -3.64356, 40.29141 ], [ -3.64238, 40.29141 ], [ -3.64121, 40.29142 ], [ -3.64003, 40.29143 ], [ -3.63885, 40.29143 ], [ -3.63768, 40.29144 ], [ -3.63766, 40.28964 ], [ -3.63645, 40.28604 ], [ -3.63525, 40.28334 ], [ -3.63168, 40.27886 ], [ -3.62931, 40.27707 ], [ -3.62696, 40.27708 ], [ -3.62575, 40.27349 ], [ -3.62337, 40.2708 ], [ -3.62336, 40.2699 ], [ -3.62218, 40.2699 ], [ -3.62218, 40.269 ], [ -3.62333, 40.26629 ], [ -3.62567, 40.26538 ], [ -3.62801, 40.26356 ], [ -3.62918, 40.26356 ], [ -3.62917, 40.26266 ], [ -3.62917, 40.26176 ], [ -3.63034, 40.26175 ], [ -3.63033, 40.26085 ], [ -3.63151, 40.26084 ], [ -3.6315, 40.25994 ], [ -3.63268, 40.25993 ], [ -3.63267, 40.25903 ], [ -3.63266, 40.25813 ], [ -3.63265, 40.25723 ], [ -3.63383, 40.25723 ], [ -3.63382, 40.25632 ], [ -3.63381, 40.25542 ], [ -3.6338, 40.25452 ], [ -3.63379, 40.25362 ], [ -3.63379, 40.25272 ], [ -3.63378, 40.25182 ], [ -3.63377, 40.25092 ], [ -3.63376, 40.25002 ], [ -3.63494, 40.25001 ], [ -3.63493, 40.24911 ], [ -3.63492, 40.24821 ], [ -3.63491, 40.24731 ], [ -3.6349, 40.24641 ], [ -3.63607, 40.2455 ], [ -3.63606, 40.2446 ], [ -3.63605, 40.2437 ], [ -3.63604, 40.2428 ], [ -3.63721, 40.24189 ], [ -3.6372, 40.24099 ], [ -3.6372, 40.24009 ], [ -3.63719, 40.23919 ], [ -3.63836, 40.23918 ], [ -3.63835, 40.23828 ], [ -3.63952, 40.23737 ], [ -3.63951, 40.23647 ], [ -3.6395, 40.23557 ], [ -3.64068, 40.23557 ], [ -3.64067, 40.23466 ], [ -3.64066, 40.23376 ], [ -3.64183, 40.23286 ], [ -3.64182, 40.23196 ], [ -3.64299, 40.23105 ], [ -3.64298, 40.23015 ], [ -3.64415, 40.22924 ], [ -3.64999, 40.2256 ], [ -3.65351, 40.22468 ], [ -3.65701, 40.22286 ], [ -3.65819, 40.22285 ], [ -3.66287, 40.22103 ], [ -3.66405, 40.22102 ], [ -3.66757, 40.2201 ], [ -3.67343, 40.21916 ], [ -3.67697, 40.22004 ], [ -3.68163, 40.21641 ], [ -3.68397, 40.2155 ], [ -3.68748, 40.21367 ], [ -3.69215, 40.21094 ], [ -3.69332, 40.21004 ], [ -3.69446, 40.20643 ], [ -3.69679, 40.20461 ], [ -3.69678, 40.20371 ], [ -3.69794, 40.2028 ], [ -3.6991, 40.20099 ], [ -3.70026, 40.19918 ], [ -3.70381, 40.20186 ], [ -3.70617, 40.20275 ], [ -3.70735, 40.20364 ], [ -3.70853, 40.20364 ], [ -3.7097, 40.20363 ], [ -3.71089, 40.20452 ], [ -3.71206, 40.20452 ], [ -3.71324, 40.20451 ], [ -3.71325, 40.20541 ], [ -3.71442, 40.2054 ], [ -3.7156, 40.2054 ], [ -3.71561, 40.2063 ], [ -3.71678, 40.20629 ], [ -3.71796, 40.20628 ], [ -3.71914, 40.20718 ], [ -3.72032, 40.20717 ], [ -3.72149, 40.20716 ], [ -3.7215, 40.20806 ], [ -3.72268, 40.20805 ], [ -3.72385, 40.20805 ], [ -3.72621, 40.20893 ], [ -3.72738, 40.20893 ], [ -3.72974, 40.20981 ], [ -3.73093, 40.21071 ], [ -3.7321, 40.2107 ], [ -3.73328, 40.21069 ], [ -3.73921, 40.21606 ], [ -3.73922, 40.21696 ], [ -3.73692, 40.22148 ], [ -3.73813, 40.22417 ], [ -3.73815, 40.22598 ], [ -3.73817, 40.22778 ], [ -3.73937, 40.23047 ], [ -3.73826, 40.23679 ], [ -3.73829, 40.23949 ], [ -3.73832, 40.24219 ], [ -3.73835, 40.24489 ], [ -3.73718, 40.2449 ], [ -3.73719, 40.2458 ], [ -3.7372, 40.2467 ], [ -3.7372, 40.2476 ], [ -3.73721, 40.2485 ], [ -3.73722, 40.24941 ], [ -3.73723, 40.25031 ], [ -3.73724, 40.25121 ], [ -3.73607, 40.25121 ], [ -3.73609, 40.25302 ], [ -3.7408, 40.25389 ], [ -3.73981, 40.27101 ] ] ] } },
{ "type": "Feature", "properties": { "ine_code": "28114", "name": "Piñuécar-Gandullas" }, "geometry": { "type": "Polygon", "coordinates": [ [ [ -3.61486, 41.01406 ], [ -3.61253, 41.01858 ], [ -3.61017, 41.02129 ], [ -3.60898, 41.0213 ], [ -3.60899, 41.0222 ], [ -3.609, 41.0231 ], [ -3.60901, 41.024 ], [ -3.6102, 41.02399 ], [ -3.61021, 41.0249 ], [ -3.61139, 41.02489 ], [ -3.61258, 41.02488 ], [ -3.6126, 41.02668 ], [ -3.61263, 41.02939 ], [ -3.61383, 41.03118 ], [ -3.61505, 41.03388 ], [ -3.61624, 41.03477 ], [ -3.61625, 41.03567 ], [ -3.61626, 41.03657 ], [ -3.61627, 41.03747 ], [ -3.61628, 41.03838 ], [ -3.61629, 41.03928 ], [ -3.61629, 41.04018 ], [ -3.6163, 41.04108 ], [ -3.61631, 41.04198 ], [ -3.61751, 41.04287 ], [ -3.6187, 41.04287 ], [ -3.61871, 41.04377 ], [ -3.6199, 41.04376 ], [ -3.61991, 41.04466 ], [ -3.61991, 41.04556 ], [ -3.61992, 41.04646 ], [ -3.61993, 41.04736 ], [ -3.62113, 41.04826 ], [ -3.62233, 41.04915 ], [ -3.62234, 41.05005 ], [ -3.62235, 41.05095 ], [ -3.62116, 41.05096 ], [ -3.62116, 41.05186 ], [ -3.61997, 41.05187 ], [ -3.61998, 41.05277 ], [ -3.61999, 41.05367 ], [ -3.62, 41.05457 ], [ -3.61881, 41.05458 ], [ -3.61882, 41.05548 ], [ -3.61763, 41.05548 ], [ -3.61764, 41.05638 ], [ -3.61764, 41.05728 ], [ -3.61765, 41.05819 ], [ -3.61766, 41.05909 ], [ -3.61767, 41.05999 ], [ -3.61768, 41.06089 ], [ -3.61769, 41.06179 ], [ -3.6177, 41.06269 ], [ -3.61889, 41.06268 ], [ -3.61889, 41.06358 ], [ -3.6189, 41.06448 ], [ -3.61891, 41.06539 ], [ -3.61892, 41.06629 ], [ -3.61893, 41.06719 ], [ -3.61774, 41.06719 ], [ -3.61775, 41.06809 ], [ -3.61656, 41.0681 ], [ -3.61656, 41.069 ], [ -3.61657, 41.0699 ], [ -3.61538, 41.06991 ], [ -3.61539, 41.07081 ], [ -3.6154, 41.07171 ], [ -3.61421, 41.07172 ], [ -3.61422, 41.07262 ], [ -3.61423, 41.07352 ], [ -3.61423, 41.07442 ], [ -3.61424, 41.07532 ], [ -3.61543, 41.07531 ], [ -3.61544, 41.07621 ], [ -3.61663, 41.07621 ], [ -3.61664, 41.07711 ], [ -3.61783, 41.0771 ], [ -3.61784, 41.078 ], [ -3.61785, 41.0789 ], [ -3.61428, 41.07982 ], [ -3.6119, 41.07893 ], [ -3.6107, 41.07894 ], [ -3.6107, 41.07804 ], [ -3.6095, 41.07715 ], [ -3.60949, 41.07625 ], [ -3.60947, 41.07444 ], [ -3.60941, 41.06724 ], [ -3.60699, 41.06365 ], [ -3.60693, 41.05644 ], [ -3.60453, 41.05465 ], [ -3.59974, 41.05107 ], [ -3.59615, 41.04929 ], [ -3.59257, 41.04841 ], [ -3.59257, 41.04751 ], [ -3.59135, 41.04481 ], [ -3.59016, 41.04482 ], [ -3.59015, 41.04392 ], [ -3.58896, 41.04392 ], [ -3.58777, 41.04393 ], [ -3.58777, 41.04303 ], [ -3.58658, 41.04303 ], [ -3.58657, 41.04213 ], [ -3.58656, 41.04123 ], [ -3.58775, 41.04123 ], [ -3.58774, 41.04033 ], [ -3.58655, 41.04033 ], [ -3.58654, 41.03943 ], [ -3.58654, 41.03853 ], [ -3.58653, 41.03763 ], [ -3.58534, 41.03764 ], [ -3.58533, 41.03673 ], [ -3.58414, 41.03674 ], [ -3.58413, 41.03584 ], [ -3.58294, 41.03585 ], [ -3.58294, 41.03495 ], [ -3.58175, 41.03495 ], [ -3.58174, 41.03405 ], [ -3.58293, 41.03404 ], [ -3.58412, 41.03404 ], [ -3.58531, 41.03403 ], [ -3.5853, 41.03313 ], [ -3.58411, 41.03314 ], [ -3.5841, 41.03224 ], [ -3.58291, 41.03224 ], [ -3.58172, 41.03225 ], [ -3.58171, 41.03135 ], [ -3.58052, 41.03135 ], [ -3.58052, 41.03045 ], [ -3.58051, 41.02955 ], [ -3.5805, 41.02865 ], [ -3.58049, 41.02775 ], [ -3.58049, 41.02685 ], [ -3.58048, 41.02595 ], [ -3.58167, 41.02594 ], [ -3.58286, 41.02594 ], [ -3.58285, 41.02504 ], [ -3.58404, 41.02503 ], [ -3.58403, 41.02413 ], [ -3.58522, 41.02412 ], [ -3.58641, 41.02412 ], [ -3.5864, 41.02322 ], [ -3.58639, 41.02232 ], [ -3.5852, 41.02232 ], [ -3.58401, 41.02233 ], [ -3.58401, 41.02143 ], [ -3.58282, 41.02143 ], [ -3.58163, 41.02144 ], [ -3.58044, 41.02145 ], [ -3.57925, 41.02145 ], [ -3.57926, 41.02235 ], [ -3.57926, 41.02325 ], [ -3.57807, 41.02326 ], [ -3.5757, 41.02417 ], [ -3.57448, 41.01967 ], [ -3.57327, 41.01788 ], [ -3.57325, 41.01518 ], [ -3.57441, 41.01247 ], [ -3.57676, 41.00885 ], [ -3.57912, 41.00704 ], [ -3.5803, 41.00523 ], [ -3.58144, 40.99982 ], [ -3.58141, 40.99622 ], [ -3.58018, 40.99262 ], [ -3.58017, 40.99082 ], [ -3.58136, 40.99081 ], [ -3.58255, 40.99081 ], [ -3.58255, 40.99171 ], [ -3.58256, 40.99261 ], [ -3.58376, 40.9935 ], [ -3.58495, 40.9935 ], [ -3.58615, 40.99439 ], [ -3.58733, 40.99439 ], [ -3.58853, 40.99528 ], [ -3.58972, 40.99528 ], [ -3.59091, 40.99527 ], [ -3.59092, 40.99617 ], [ -3.59092, 40.99707 ], [ -3.59093, 40.99797 ], [ -3.59212, 40.99797 ], [ -3.59331, 40.99796 ], [ -3.5945, 40.99795 ], [ -3.59569, 40.99795 ], [ -3.59689, 40.99884 ], [ -3.59807, 40.99884 ], [ -3.59926, 40.99883 ], [ -3.60046, 40.99972 ], [ -3.60047, 41.00062 ], [ -3.60166, 41.00062 ], [ -3.60167, 41.00152 ], [ -3.60286, 41.00241 ], [ -3.60287, 41.00331 ], [ -3.60406, 41.00331 ], [ -3.60407, 41.00421 ], [ -3.60408, 41.00511 ], [ -3.60409, 41.00601 ], [ -3.60527, 41.006 ], [ -3.60528, 41.00691 ], [ -3.60647, 41.0069 ], [ -3.60648, 41.0078 ], [ -3.60767, 41.00779 ], [ -3.60768, 41.00869 ], [ -3.60887, 41.00959 ], [ -3.61006, 41.00958 ], [ -3.61125, 41.00958 ], [ -3.61244, 41.00957 ], [ -3.61245, 41.01047 ], [ -3.61364, 41.01046 ], [ -3.61365, 41.01136 ], [ -3.61484, 41.01136 ], [ -3.61603, 41.01135 ], [ -3.61722, 41.01135 ], [ -3.6184, 41.01134 ], [ -3.61842, 41.01314 ], [ -3.61486, 41.01406 ] ] ] } },
{ "type": "Feature", "properties": { "ine_code": "28115", "name": "Pozuelo de Alarcón" }, "geometry": { "type": "Polygon", "coordinates": [ [ [ -3.86198, 40.44404 ], [ -3.85962, 40.44406 ], [ -3.85728, 40.44498 ], [ -3.8561, 40.44499 ], [ -3.85256, 40.44501 ], [ -3.85138, 40.44502 ], [ -3.8502, 40.44503 ], [ -3.84902, 40.44504 ], [ -3.84903, 40.44594 ], [ -3.84904, 40.44684 ], [ -3.84906, 40.44774 ], [ -3.85025, 40.44863 ], [ -3.85027, 40.45043 ], [ -3.84911, 40.45224 ], [ -3.84912, 40.45314 ], [ -3.84914, 40.45405 ], [ -3.84797, 40.45495 ], [ -3.84798, 40.45586 ], [ -3.84681, 40.45677 ], [ -3.84682, 40.45767 ], [ -3.84565, 40.45858 ], [ -3.84449, 40.45948 ], [ -3.84331, 40.45949 ], [ -3.84332, 40.46039 ], [ -3.84215, 40.4613 ], [ -3.84097, 40.46131 ], [ -3.83979, 40.46132 ], [ -3.8398, 40.46222 ], [ -3.83862, 40.46223 ], [ -3.83745, 40.46314 ], [ -3.83628, 40.46315 ], [ -3.83629, 40.46405 ], [ -3.83393, 40.46407 ], [ -3.83041, 40.46589 ], [ -3.82923, 40.4659 ], [ -3.82687, 40.46592 ], [ -3.82568, 40.46503 ], [ -3.8245, 40.46503 ], [ -3.82332, 40.46504 ], [ -3.82214, 40.46505 ], [ -3.82095, 40.46416 ], [ -3.81977, 40.46417 ], [ -3.8186, 40.46418 ], [ -3.81742, 40.46418 ], [ -3.81505, 40.4633 ], [ -3.81269, 40.46332 ], [ -3.81034, 40.46423 ], [ -3.80797, 40.46335 ], [ -3.80443, 40.46337 ], [ -3.80206, 40.46249 ], [ -3.80086, 40.4607 ], [ -3.79848, 40.45891 ], [ -3.7973, 40.45892 ], [ -3.79611, 40.45803 ], [ -3.79492, 40.45713 ], [ -3.79491, 40.45623 ], [ -3.7949, 40.45533 ], [ -3.79372, 40.45534 ], [ -3.79371, 40.45444 ], [ -3.79252, 40.45355 ], [ -3.7937, 40.45354 ], [ -3.7925, 40.45175 ], [ -3.79249, 40.45084 ], [ -3.79129, 40.44905 ], [ -3.79128, 40.44815 ], [ -3.79127, 40.44725 ], [ -3.79009, 40.44726 ], [ -3.79008, 40.44636 ], [ -3.79007, 40.44546 ], [ -3.78889, 40.44546 ], [ -3.79004, 40.44275 ], [ -3.78768, 40.44277 ], [ -3.78416, 40.44459 ], [ -3.77943, 40.44373 ], [ -3.77826, 40.44373 ], [ -3.77708, 40.44374 ], [ -3.7759, 40.44375 ], [ -3.77118, 40.44378 ], [ -3.77111, 40.43748 ], [ -3.77107, 40.43387 ], [ -3.77102, 40.42937 ], [ -3.77921, 40.42391 ], [ -3.78036, 40.4221 ], [ -3.78149, 40.41759 ], [ -3.78148, 40.41668 ], [ -3.78147, 40.41578 ], [ -3.78027, 40.41399 ], [ -3.77907, 40.4122 ], [ -3.77904, 40.40949 ], [ -3.77902, 40.40769 ], [ -3.77783, 40.4068 ], [ -3.77663, 40.40501 ], [ -3.77662, 40.40411 ], [ -3.77424, 40.40232 ], [ -3.77422, 40.40052 ], [ -3.7754, 40.40051 ], [ -3.77774, 40.39869 ], [ -3.77773, 40.39779 ], [ -3.77889, 40.39688 ], [ -3.78007, 40.39687 ], [ -3.78006, 40.39597 ], [ -3.78123, 40.39506 ], [ -3.78122, 40.39416 ], [ -3.78709, 40.39232 ], [ -3.78945, 40.39231 ], [ -3.78947, 40.39411 ], [ -3.79417, 40.39318 ], [ -3.79652, 40.39226 ], [ -3.80005, 40.39223 ], [ -3.80476, 40.3922 ], [ -3.8083, 40.39218 ], [ -3.81066, 40.39306 ], [ -3.81302, 40.39304 ], [ -3.81539, 40.39393 ], [ -3.81777, 40.39571 ], [ -3.81894, 40.3957 ], [ -3.81895, 40.39661 ], [ -3.82013, 40.3966 ], [ -3.82131, 40.39659 ], [ -3.82249, 40.39658 ], [ -3.82367, 40.39657 ], [ -3.82485, 40.39656 ], [ -3.82602, 40.39656 ], [ -3.8272, 40.39655 ], [ -3.82956, 40.39653 ], [ -3.83074, 40.39652 ], [ -3.83073, 40.39562 ], [ -3.8319, 40.39561 ], [ -3.83308, 40.3956 ], [ -3.83309, 40.3965 ], [ -3.83427, 40.3965 ], [ -3.83545, 40.39649 ], [ -3.83428, 40.3974 ], [ -3.83196, 40.40012 ], [ -3.83197, 40.40102 ], [ -3.83553, 40.40279 ], [ -3.83788, 40.40278 ], [ -3.8403, 40.40726 ], [ -3.84151, 40.40996 ], [ -3.84154, 40.41266 ], [ -3.84155, 40.41356 ], [ -3.84158, 40.41536 ], [ -3.8416, 40.41716 ], [ -3.8428, 40.41896 ], [ -3.84396, 40.41715 ], [ -3.84513, 40.41714 ], [ -3.84632, 40.41803 ], [ -3.84634, 40.41893 ], [ -3.84753, 40.41982 ], [ -3.84754, 40.42072 ], [ -3.84873, 40.42162 ], [ -3.84874, 40.42252 ], [ -3.84992, 40.42251 ], [ -3.84993, 40.42341 ], [ -3.85112, 40.4243 ], [ -3.85113, 40.4252 ], [ -3.85232, 40.42609 ], [ -3.85233, 40.427 ], [ -3.85234, 40.4279 ], [ -3.85235, 40.4288 ], [ -3.85237, 40.4297 ], [ -3.85357, 40.43149 ], [ -3.85358, 40.43239 ], [ -3.85477, 40.43328 ], [ -3.85478, 40.43418 ], [ -3.85596, 40.43418 ], [ -3.85716, 40.43597 ], [ -3.85718, 40.43777 ], [ -3.86193, 40.44044 ], [ -3.86316, 40.44403 ], [ -3.86198, 40.44404 ] ] ] } },
{ "type": "Feature", "properties": { "ine_code": "28116", "name": "Pozuelo del Rey" }, "geometry": { "type": "Polygon", "coordinates": [ [ [ -3.35335, 40.36563 ], [ -3.35217, 40.36654 ], [ -3.34983, 40.36835 ], [ -3.34747, 40.36925 ], [ -3.34631, 40.37106 ], [ -3.34396, 40.37287 ], [ -3.34161, 40.37468 ], [ -3.33691, 40.37739 ], [ -3.33456, 40.3774 ], [ -3.33338, 40.3774 ], [ -3.3322, 40.37741 ], [ -3.32867, 40.37832 ], [ -3.3275, 40.37922 ], [ -3.32397, 40.38103 ], [ -3.31927, 40.38375 ], [ -3.32165, 40.38735 ], [ -3.32283, 40.38824 ], [ -3.3252, 40.39004 ], [ -3.32403, 40.39275 ], [ -3.32286, 40.39545 ], [ -3.32051, 40.39546 ], [ -3.31581, 40.39907 ], [ -3.31228, 40.40089 ], [ -3.3111, 40.39909 ], [ -3.30992, 40.39819 ], [ -3.30991, 40.39729 ], [ -3.31107, 40.39368 ], [ -3.30988, 40.39098 ], [ -3.3087, 40.39008 ], [ -3.30751, 40.38739 ], [ -3.30514, 40.38559 ], [ -3.30397, 40.38559 ], [ -3.30043, 40.3856 ], [ -3.29689, 40.38471 ], [ -3.29454, 40.38472 ], [ -3.29218, 40.38382 ], [ -3.291, 40.38382 ], [ -3.28746, 40.38203 ], [ -3.28157, 40.38205 ], [ -3.28039, 40.38115 ], [ -3.27567, 40.38116 ], [ -3.27331, 40.38026 ], [ -3.27684, 40.37755 ], [ -3.27918, 40.37574 ], [ -3.27918, 40.37394 ], [ -3.27681, 40.37035 ], [ -3.2768, 40.36854 ], [ -3.27562, 40.36765 ], [ -3.27444, 40.36675 ], [ -3.27088, 40.36135 ], [ -3.27088, 40.36045 ], [ -3.27205, 40.35864 ], [ -3.27557, 40.35503 ], [ -3.27674, 40.35323 ], [ -3.27791, 40.35142 ], [ -3.27907, 40.34872 ], [ -3.28024, 40.34601 ], [ -3.27906, 40.34601 ], [ -3.27906, 40.34511 ], [ -3.28023, 40.34421 ], [ -3.28257, 40.3397 ], [ -3.28491, 40.33699 ], [ -3.28725, 40.33428 ], [ -3.28842, 40.33248 ], [ -3.29077, 40.33157 ], [ -3.29313, 40.33066 ], [ -3.29666, 40.33066 ], [ -3.29783, 40.32975 ], [ -3.30136, 40.32974 ], [ -3.30489, 40.32973 ], [ -3.30724, 40.32883 ], [ -3.31313, 40.32881 ], [ -3.31314, 40.33061 ], [ -3.31432, 40.33241 ], [ -3.31787, 40.336 ], [ -3.32023, 40.3378 ], [ -3.3226, 40.3396 ], [ -3.32497, 40.34229 ], [ -3.3285, 40.34318 ], [ -3.33087, 40.34588 ], [ -3.33323, 40.34677 ], [ -3.33559, 40.34857 ], [ -3.33796, 40.35126 ], [ -3.3415, 40.35305 ], [ -3.34505, 40.35575 ], [ -3.34741, 40.35664 ], [ -3.34978, 40.35934 ], [ -3.35214, 40.36023 ], [ -3.35568, 40.36202 ], [ -3.35335, 40.36563 ] ] ] } },
{ "type": "Feature", "properties": { "ine_code": "28117", "name": "Prádena del Rincón" }, "geometry": { "type": "Polygon", "coordinates": [ [ [ -3.55807, 41.04858 ], [ -3.55806, 41.04768 ], [ -3.55687, 41.04769 ], [ -3.55568, 41.04769 ], [ -3.55449, 41.0477 ], [ -3.55448, 41.0468 ], [ -3.55329, 41.0468 ], [ -3.5521, 41.04591 ], [ -3.55091, 41.04591 ], [ -3.5509, 41.04501 ], [ -3.55089, 41.04411 ], [ -3.55208, 41.04411 ], [ -3.55207, 41.0432 ], [ -3.55207, 41.0423 ], [ -3.55206, 41.0414 ], [ -3.55205, 41.0405 ], [ -3.55204, 41.0396 ], [ -3.55204, 41.0387 ], [ -3.55085, 41.03871 ], [ -3.55085, 41.03961 ], [ -3.54966, 41.03961 ], [ -3.54967, 41.04051 ], [ -3.54848, 41.04052 ], [ -3.54849, 41.04142 ], [ -3.5485, 41.04232 ], [ -3.54731, 41.04233 ], [ -3.54731, 41.04323 ], [ -3.5485, 41.04322 ], [ -3.54969, 41.04322 ], [ -3.5497, 41.04412 ], [ -3.54732, 41.04413 ], [ -3.54613, 41.04413 ], [ -3.54614, 41.04503 ], [ -3.54733, 41.04503 ], [ -3.54734, 41.04593 ], [ -3.54734, 41.04683 ], [ -3.54615, 41.04684 ], [ -3.54496, 41.04684 ], [ -3.54497, 41.04774 ], [ -3.54498, 41.04864 ], [ -3.54379, 41.04865 ], [ -3.54261, 41.05046 ], [ -3.54023, 41.05047 ], [ -3.53905, 41.05137 ], [ -3.53786, 41.05138 ], [ -3.53667, 41.05138 ], [ -3.53549, 41.05229 ], [ -3.5343, 41.0523 ], [ -3.53311, 41.0523 ], [ -3.53192, 41.05231 ], [ -3.52953, 41.05142 ], [ -3.52834, 41.05142 ], [ -3.52834, 41.05052 ], [ -3.52715, 41.05053 ], [ -3.52714, 41.04963 ], [ -3.52595, 41.04963 ], [ -3.52476, 41.04964 ], [ -3.52357, 41.04964 ], [ -3.52238, 41.04965 ], [ -3.52119, 41.04965 ], [ -3.52, 41.04966 ], [ -3.52001, 41.05056 ], [ -3.51882, 41.05057 ], [ -3.51763, 41.05057 ], [ -3.51644, 41.05058 ], [ -3.51525, 41.05058 ], [ -3.51406, 41.05059 ], [ -3.51287, 41.05059 ], [ -3.51168, 41.0506 ], [ -3.51168, 41.0515 ], [ -3.51049, 41.0515 ], [ -3.5093, 41.05151 ], [ -3.50931, 41.05241 ], [ -3.50813, 41.05332 ], [ -3.50694, 41.05332 ], [ -3.50575, 41.05333 ], [ -3.50574, 41.05243 ], [ -3.50455, 41.05243 ], [ -3.50456, 41.05333 ], [ -3.50457, 41.05423 ], [ -3.50457, 41.05513 ], [ -3.50458, 41.05603 ], [ -3.50459, 41.05693 ], [ -3.5034, 41.05694 ], [ -3.50221, 41.05694 ], [ -3.50102, 41.05695 ], [ -3.50101, 41.05605 ], [ -3.49982, 41.05605 ], [ -3.49744, 41.05606 ], [ -3.49625, 41.05607 ], [ -3.49506, 41.05608 ], [ -3.49387, 41.05608 ], [ -3.49269, 41.05699 ], [ -3.4856, 41.06422 ], [ -3.48322, 41.06423 ], [ -3.48203, 41.06514 ], [ -3.48085, 41.06604 ], [ -3.47846, 41.06515 ], [ -3.47488, 41.06337 ], [ -3.47247, 41.05977 ], [ -3.4665, 41.05619 ], [ -3.4653, 41.0553 ], [ -3.46763, 41.04808 ], [ -3.47356, 41.04536 ], [ -3.47949, 41.04263 ], [ -3.48299, 41.03361 ], [ -3.48535, 41.02999 ], [ -3.48651, 41.02638 ], [ -3.49126, 41.02546 ], [ -3.49236, 41.01285 ], [ -3.5019, 41.01731 ], [ -3.50787, 41.01999 ], [ -3.51264, 41.02177 ], [ -3.51979, 41.02264 ], [ -3.52336, 41.02262 ], [ -3.52811, 41.0226 ], [ -3.53526, 41.02437 ], [ -3.53884, 41.02525 ], [ -3.5472, 41.02881 ], [ -3.54839, 41.02971 ], [ -3.54841, 41.03241 ], [ -3.54842, 41.03331 ], [ -3.54843, 41.03421 ], [ -3.54962, 41.03421 ], [ -3.55081, 41.0342 ], [ -3.5508, 41.0333 ], [ -3.55199, 41.0333 ], [ -3.55198, 41.0324 ], [ -3.55198, 41.03149 ], [ -3.55317, 41.03149 ], [ -3.55435, 41.03148 ], [ -3.55435, 41.03058 ], [ -3.55553, 41.02968 ], [ -3.55552, 41.02878 ], [ -3.55671, 41.02877 ], [ -3.5579, 41.02876 ], [ -3.55792, 41.03057 ], [ -3.55439, 41.03599 ], [ -3.55802, 41.04318 ], [ -3.55803, 41.04408 ], [ -3.55922, 41.04407 ], [ -3.55923, 41.04497 ], [ -3.55805, 41.04588 ], [ -3.55805, 41.04678 ], [ -3.55924, 41.04677 ], [ -3.55925, 41.04767 ], [ -3.55926, 41.04857 ], [ -3.55807, 41.04858 ] ], [ [ -3.55322, 41.03779 ], [ -3.55321, 41.03689 ], [ -3.55202, 41.0369 ], [ -3.55203, 41.0378 ], [ -3.55322, 41.03779 ] ] ] } },
{ "type": "Feature", "properties": { "ine_code": "28118", "name": "Puebla de la Sierra" }, "geometry": { "type": "Polygon", "coordinates": [ [ [ -3.49349, 41.00564 ], [ -3.49351, 41.00744 ], [ -3.49236, 41.01285 ], [ -3.49126, 41.02546 ], [ -3.48651, 41.02638 ], [ -3.48535, 41.02999 ], [ -3.48299, 41.03361 ], [ -3.47949, 41.04263 ], [ -3.47356, 41.04536 ], [ -3.46763, 41.04808 ], [ -3.45813, 41.04992 ], [ -3.44142, 41.04368 ], [ -3.43904, 41.04279 ], [ -3.43546, 41.0419 ], [ -3.4307, 41.04192 ], [ -3.4295, 41.04012 ], [ -3.42588, 41.03203 ], [ -3.41271, 41.01857 ], [ -3.40794, 41.01588 ], [ -3.40674, 41.01498 ], [ -3.40674, 41.01408 ], [ -3.40555, 41.01409 ], [ -3.40554, 41.01319 ], [ -3.40435, 41.01229 ], [ -3.40315, 41.01139 ], [ -3.40196, 41.0105 ], [ -3.40195, 41.0096 ], [ -3.40076, 41.0096 ], [ -3.40076, 41.0087 ], [ -3.39957, 41.0087 ], [ -3.39956, 41.0078 ], [ -3.39837, 41.00781 ], [ -3.39837, 41.00691 ], [ -3.39718, 41.00691 ], [ -3.39717, 41.00601 ], [ -3.39717, 41.00511 ], [ -3.39716, 41.00421 ], [ -3.39597, 41.00421 ], [ -3.39476, 41.00061 ], [ -3.39713, 40.9988 ], [ -3.40068, 40.99519 ], [ -3.41846, 40.98792 ], [ -3.41846, 40.98702 ], [ -3.41727, 40.98702 ], [ -3.41726, 40.98612 ], [ -3.41726, 40.98522 ], [ -3.41607, 40.98522 ], [ -3.41606, 40.98432 ], [ -3.41606, 40.98342 ], [ -3.41605, 40.98252 ], [ -3.41605, 40.98162 ], [ -3.41724, 40.98162 ], [ -3.41723, 40.98071 ], [ -3.41841, 40.97981 ], [ -3.41841, 40.97891 ], [ -3.41721, 40.97801 ], [ -3.41721, 40.97711 ], [ -3.41601, 40.97621 ], [ -3.41601, 40.97531 ], [ -3.4172, 40.97531 ], [ -3.41719, 40.97441 ], [ -3.41837, 40.9735 ], [ -3.42073, 40.96989 ], [ -3.4219, 40.96719 ], [ -3.43258, 40.96534 ], [ -3.43377, 40.96534 ], [ -3.43496, 40.96533 ], [ -3.43615, 40.96533 ], [ -3.43734, 40.96623 ], [ -3.43853, 40.96622 ], [ -3.43972, 40.96622 ], [ -3.44091, 40.96621 ], [ -3.4409, 40.96531 ], [ -3.44209, 40.96531 ], [ -3.44208, 40.96441 ], [ -3.44327, 40.9644 ], [ -3.44446, 40.9644 ], [ -3.44565, 40.96439 ], [ -3.44684, 40.96439 ], [ -3.44803, 40.96438 ], [ -3.44803, 40.96528 ], [ -3.44922, 40.96528 ], [ -3.45041, 40.96528 ], [ -3.45992, 40.96524 ], [ -3.46229, 40.96523 ], [ -3.47419, 40.96698 ], [ -3.47538, 40.96698 ], [ -3.47894, 40.96696 ], [ -3.48012, 40.96606 ], [ -3.48012, 40.96516 ], [ -3.48011, 40.96425 ], [ -3.4813, 40.96425 ], [ -3.48129, 40.96335 ], [ -3.48248, 40.96334 ], [ -3.48367, 40.96334 ], [ -3.48366, 40.96244 ], [ -3.48485, 40.96243 ], [ -3.48486, 40.96333 ], [ -3.48487, 40.96424 ], [ -3.48487, 40.96514 ], [ -3.48488, 40.96604 ], [ -3.48488, 40.96694 ], [ -3.48489, 40.96784 ], [ -3.48608, 40.96783 ], [ -3.48609, 40.96873 ], [ -3.4849, 40.96874 ], [ -3.4849, 40.96964 ], [ -3.48609, 40.96963 ], [ -3.48728, 40.96963 ], [ -3.48729, 40.97053 ], [ -3.48848, 40.97053 ], [ -3.48848, 40.97143 ], [ -3.48967, 40.97142 ], [ -3.48968, 40.97232 ], [ -3.49087, 40.97232 ], [ -3.49087, 40.97322 ], [ -3.49088, 40.97412 ], [ -3.49089, 40.97502 ], [ -3.49208, 40.97501 ], [ -3.49208, 40.97592 ], [ -3.49209, 40.97682 ], [ -3.4921, 40.97772 ], [ -3.49328, 40.97771 ], [ -3.49329, 40.97861 ], [ -3.4933, 40.97951 ], [ -3.4933, 40.98041 ], [ -3.49331, 40.98131 ], [ -3.49332, 40.98222 ], [ -3.49332, 40.98312 ], [ -3.49333, 40.98402 ], [ -3.49452, 40.98401 ], [ -3.49453, 40.98491 ], [ -3.49453, 40.98581 ], [ -3.49572, 40.98581 ], [ -3.49573, 40.98671 ], [ -3.49574, 40.98761 ], [ -3.49574, 40.98851 ], [ -3.49575, 40.98941 ], [ -3.49576, 40.99121 ], [ -3.49578, 40.99392 ], [ -3.49349, 41.00564 ] ] ] } },
{ "type": "Feature", "properties": { "ine_code": "28119", "name": "Quijorna" }, "geometry": { "type": "Polygon", "coordinates": [ [ [ -4.1125, 40.40496 ], [ -4.11135, 40.40678 ], [ -4.10902, 40.4086 ], [ -4.10553, 40.41134 ], [ -4.10437, 40.41225 ], [ -4.09849, 40.41321 ], [ -4.09733, 40.41412 ], [ -4.09734, 40.41502 ], [ -4.09735, 40.41592 ], [ -4.09737, 40.41682 ], [ -4.09619, 40.41683 ], [ -4.09501, 40.41684 ], [ -4.095, 40.41594 ], [ -4.09382, 40.41595 ], [ -4.09264, 40.41596 ], [ -4.09266, 40.41687 ], [ -4.09149, 40.41778 ], [ -4.09151, 40.41868 ], [ -4.09033, 40.41869 ], [ -4.08915, 40.4187 ], [ -4.08797, 40.41871 ], [ -4.08679, 40.41872 ], [ -4.08561, 40.41873 ], [ -4.08563, 40.41963 ], [ -4.08445, 40.41965 ], [ -4.08327, 40.41966 ], [ -4.08209, 40.41967 ], [ -4.0809, 40.41878 ], [ -4.08091, 40.41968 ], [ -4.07974, 40.41969 ], [ -4.07975, 40.42059 ], [ -4.07976, 40.42149 ], [ -4.07859, 40.4215 ], [ -4.07741, 40.42151 ], [ -4.07742, 40.42241 ], [ -4.07624, 40.42242 ], [ -4.07506, 40.42244 ], [ -4.07389, 40.42245 ], [ -4.07271, 40.42246 ], [ -4.07272, 40.42336 ], [ -4.07154, 40.42337 ], [ -4.07156, 40.42427 ], [ -4.07157, 40.42517 ], [ -4.07159, 40.42607 ], [ -4.0716, 40.42697 ], [ -4.07278, 40.42696 ], [ -4.07279, 40.42786 ], [ -4.07281, 40.42876 ], [ -4.07282, 40.42966 ], [ -4.074, 40.42965 ], [ -4.07401, 40.43055 ], [ -4.07284, 40.43056 ], [ -4.07285, 40.43147 ], [ -4.07403, 40.43145 ], [ -4.07404, 40.43236 ], [ -4.07406, 40.43326 ], [ -4.07407, 40.43416 ], [ -4.07525, 40.43415 ], [ -4.07526, 40.43505 ], [ -4.07644, 40.43504 ], [ -4.07646, 40.43594 ], [ -4.07647, 40.43684 ], [ -4.07649, 40.43774 ], [ -4.07767, 40.43773 ], [ -4.07768, 40.43863 ], [ -4.07769, 40.43953 ], [ -4.07771, 40.44043 ], [ -4.0789, 40.44132 ], [ -4.07772, 40.44133 ], [ -4.07654, 40.44134 ], [ -4.07656, 40.44224 ], [ -4.07538, 40.44225 ], [ -4.07539, 40.44315 ], [ -4.07421, 40.44316 ], [ -4.07423, 40.44406 ], [ -4.07305, 40.44408 ], [ -4.07187, 40.44409 ], [ -4.07069, 40.4441 ], [ -4.07071, 40.445 ], [ -4.06953, 40.44501 ], [ -4.06954, 40.44591 ], [ -4.06718, 40.44593 ], [ -4.06012, 40.4469 ], [ -4.05423, 40.44695 ], [ -4.05068, 40.44608 ], [ -4.0495, 40.44609 ], [ -4.04832, 40.4461 ], [ -4.04598, 40.44703 ], [ -4.04129, 40.44887 ], [ -4.03769, 40.4453 ], [ -4.03412, 40.44263 ], [ -4.03295, 40.44354 ], [ -4.03296, 40.44444 ], [ -4.03057, 40.44176 ], [ -4.0329, 40.43994 ], [ -4.03288, 40.43904 ], [ -4.03168, 40.43725 ], [ -4.03165, 40.43544 ], [ -4.03163, 40.43454 ], [ -4.03043, 40.43275 ], [ -4.02924, 40.43186 ], [ -4.02922, 40.43096 ], [ -4.02684, 40.42918 ], [ -4.028, 40.42827 ], [ -4.02564, 40.42829 ], [ -4.02797, 40.42647 ], [ -4.02796, 40.42557 ], [ -4.02911, 40.42375 ], [ -4.03028, 40.42284 ], [ -4.03026, 40.42194 ], [ -4.03024, 40.42014 ], [ -4.03019, 40.41744 ], [ -4.03485, 40.41379 ], [ -4.036, 40.41198 ], [ -4.03362, 40.4102 ], [ -4.03826, 40.40566 ], [ -4.03941, 40.40384 ], [ -4.04407, 40.4002 ], [ -4.04406, 40.3993 ], [ -4.04403, 40.3975 ], [ -4.04163, 40.39481 ], [ -4.04281, 40.3948 ], [ -4.04399, 40.39479 ], [ -4.04397, 40.39389 ], [ -4.04515, 40.39388 ], [ -4.04514, 40.39298 ], [ -4.04511, 40.39118 ], [ -4.04629, 40.39117 ], [ -4.0451, 40.39028 ], [ -4.04508, 40.38938 ], [ -4.04626, 40.38937 ], [ -4.04625, 40.38847 ], [ -4.04743, 40.38846 ], [ -4.0486, 40.38844 ], [ -4.04978, 40.38843 ], [ -4.05096, 40.38842 ], [ -4.05097, 40.38932 ], [ -4.05215, 40.38931 ], [ -4.05333, 40.3893 ], [ -4.05451, 40.38929 ], [ -4.05449, 40.38839 ], [ -4.05567, 40.38838 ], [ -4.05685, 40.38837 ], [ -4.05686, 40.38927 ], [ -4.05804, 40.38926 ], [ -4.05806, 40.39016 ], [ -4.05923, 40.39015 ], [ -4.06041, 40.39014 ], [ -4.06043, 40.39104 ], [ -4.0616, 40.39103 ], [ -4.0628, 40.39192 ], [ -4.06397, 40.39191 ], [ -4.06399, 40.39281 ], [ -4.064, 40.39371 ], [ -4.06518, 40.3937 ], [ -4.06636, 40.39369 ], [ -4.06637, 40.39459 ], [ -4.06755, 40.39458 ], [ -4.06757, 40.39548 ], [ -4.06758, 40.39638 ], [ -4.06876, 40.39637 ], [ -4.06995, 40.39726 ], [ -4.07113, 40.39725 ], [ -4.07231, 40.39724 ], [ -4.07232, 40.39814 ], [ -4.0735, 40.39813 ], [ -4.07351, 40.39903 ], [ -4.07469, 40.39902 ], [ -4.07586, 40.3981 ], [ -4.07703, 40.39809 ], [ -4.07821, 40.39808 ], [ -4.07939, 40.39807 ], [ -4.08057, 40.39806 ], [ -4.08058, 40.39896 ], [ -4.08176, 40.39895 ], [ -4.08294, 40.39894 ], [ -4.08295, 40.39984 ], [ -4.08297, 40.40074 ], [ -4.08415, 40.40073 ], [ -4.08532, 40.40072 ], [ -4.0865, 40.40071 ], [ -4.08649, 40.39981 ], [ -4.08767, 40.3998 ], [ -4.08768, 40.4007 ], [ -4.08887, 40.40159 ], [ -4.08889, 40.40249 ], [ -4.09007, 40.40248 ], [ -4.09005, 40.40157 ], [ -4.09123, 40.40156 ], [ -4.09241, 40.40155 ], [ -4.09359, 40.40154 ], [ -4.0936, 40.40244 ], [ -4.09478, 40.40243 ], [ -4.09479, 40.40333 ], [ -4.09597, 40.40332 ], [ -4.09715, 40.40331 ], [ -4.09833, 40.4033 ], [ -4.09831, 40.4024 ], [ -4.09949, 40.40239 ], [ -4.09951, 40.40329 ], [ -4.10068, 40.40328 ], [ -4.10186, 40.40326 ], [ -4.10188, 40.40417 ], [ -4.10306, 40.40415 ], [ -4.10775, 40.40321 ], [ -4.10892, 40.4023 ], [ -4.11245, 40.40226 ], [ -4.1125, 40.40496 ] ] ] } },
{ "type": "Feature", "properties": { "ine_code": "28120", "name": "Rascafría" }, "geometry": { "type": "Polygon", "coordinates": [ [ [ -3.97902, 40.78904 ], [ -3.97904, 40.78994 ], [ -3.97905, 40.79084 ], [ -3.97906, 40.79174 ], [ -3.98028, 40.79353 ], [ -3.97912, 40.79535 ], [ -3.97914, 40.79715 ], [ -3.97916, 40.79805 ], [ -3.98036, 40.79894 ], [ -3.97918, 40.79985 ], [ -3.97568, 40.80348 ], [ -3.97573, 40.80708 ], [ -3.97339, 40.80891 ], [ -3.9734, 40.80981 ], [ -3.97222, 40.80982 ], [ -3.96869, 40.81165 ], [ -3.96751, 40.81256 ], [ -3.96635, 40.81437 ], [ -3.96519, 40.81618 ], [ -3.96521, 40.81708 ], [ -3.96522, 40.81798 ], [ -3.96403, 40.81799 ], [ -3.96174, 40.82342 ], [ -3.96544, 40.8333 ], [ -3.96547, 40.8351 ], [ -3.96549, 40.8369 ], [ -3.96551, 40.8378 ], [ -3.96316, 40.83962 ], [ -3.96319, 40.84142 ], [ -3.96204, 40.84413 ], [ -3.9597, 40.84596 ], [ -3.95736, 40.84868 ], [ -3.95737, 40.84958 ], [ -3.9562, 40.85049 ], [ -3.95387, 40.85321 ], [ -3.95388, 40.85411 ], [ -3.95269, 40.85412 ], [ -3.95271, 40.85502 ], [ -3.95153, 40.85593 ], [ -3.95156, 40.85773 ], [ -3.95041, 40.86045 ], [ -3.94923, 40.86046 ], [ -3.94689, 40.86318 ], [ -3.94697, 40.86858 ], [ -3.94703, 40.87308 ], [ -3.94706, 40.87489 ], [ -3.94471, 40.87671 ], [ -3.94358, 40.88032 ], [ -3.94243, 40.88303 ], [ -3.94247, 40.88573 ], [ -3.94252, 40.88934 ], [ -3.94488, 40.88842 ], [ -3.94726, 40.8893 ], [ -3.94846, 40.89019 ], [ -3.95208, 40.89376 ], [ -3.95091, 40.89557 ], [ -3.94975, 40.89738 ], [ -3.94742, 40.90011 ], [ -3.9451, 40.90373 ], [ -3.94277, 40.90735 ], [ -3.94281, 40.91005 ], [ -3.94165, 40.91186 ], [ -3.93695, 40.91551 ], [ -3.93703, 40.92091 ], [ -3.9383, 40.92721 ], [ -3.92762, 40.92729 ], [ -3.92171, 40.93004 ], [ -3.92174, 40.93184 ], [ -3.92059, 40.93455 ], [ -3.91945, 40.93817 ], [ -3.91714, 40.94269 ], [ -3.91241, 40.94453 ], [ -3.91242, 40.94543 ], [ -3.91124, 40.94544 ], [ -3.91125, 40.94634 ], [ -3.91126, 40.94724 ], [ -3.91127, 40.94814 ], [ -3.91246, 40.94813 ], [ -3.91247, 40.94903 ], [ -3.91129, 40.94904 ], [ -3.9113, 40.94994 ], [ -3.91011, 40.94995 ], [ -3.91012, 40.95085 ], [ -3.91014, 40.95175 ], [ -3.90895, 40.95176 ], [ -3.90896, 40.95266 ], [ -3.90777, 40.95267 ], [ -3.90778, 40.95357 ], [ -3.9078, 40.95447 ], [ -3.90781, 40.95537 ], [ -3.90662, 40.95538 ], [ -3.90663, 40.95628 ], [ -3.90544, 40.95629 ], [ -3.90426, 40.9563 ], [ -3.90189, 40.95722 ], [ -3.89835, 40.95905 ], [ -3.89714, 40.95726 ], [ -3.8971, 40.95456 ], [ -3.89592, 40.95457 ], [ -3.89588, 40.95186 ], [ -3.89469, 40.95187 ], [ -3.89467, 40.95007 ], [ -3.89108, 40.9483 ], [ -3.89107, 40.9474 ], [ -3.88987, 40.94651 ], [ -3.88748, 40.94562 ], [ -3.88747, 40.94472 ], [ -3.88627, 40.94383 ], [ -3.88623, 40.94113 ], [ -3.88383, 40.93935 ], [ -3.88382, 40.93845 ], [ -3.88262, 40.93755 ], [ -3.88261, 40.93665 ], [ -3.88259, 40.93575 ], [ -3.88141, 40.93576 ], [ -3.88139, 40.93486 ], [ -3.88021, 40.93487 ], [ -3.87902, 40.93488 ], [ -3.87901, 40.93398 ], [ -3.87782, 40.93399 ], [ -3.87663, 40.934 ], [ -3.87544, 40.93401 ], [ -3.87426, 40.93401 ], [ -3.87307, 40.93402 ], [ -3.87188, 40.93403 ], [ -3.87187, 40.93313 ], [ -3.87068, 40.93314 ], [ -3.87067, 40.93224 ], [ -3.86948, 40.93225 ], [ -3.86947, 40.93135 ], [ -3.86828, 40.93136 ], [ -3.86827, 40.93046 ], [ -3.86708, 40.93047 ], [ -3.86707, 40.92956 ], [ -3.86706, 40.92866 ], [ -3.86587, 40.92867 ], [ -3.86586, 40.92777 ], [ -3.86467, 40.92778 ], [ -3.86466, 40.92688 ], [ -3.86347, 40.92689 ], [ -3.86346, 40.92599 ], [ -3.86227, 40.926 ], [ -3.86226, 40.9251 ], [ -3.86107, 40.92511 ], [ -3.85988, 40.92421 ], [ -3.85869, 40.92422 ], [ -3.85868, 40.92332 ], [ -3.85749, 40.92333 ], [ -3.85748, 40.92243 ], [ -3.85629, 40.92244 ], [ -3.85628, 40.92154 ], [ -3.85508, 40.92065 ], [ -3.85389, 40.92065 ], [ -3.85388, 40.91975 ], [ -3.85387, 40.91885 ], [ -3.85268, 40.91886 ], [ -3.85148, 40.91797 ], [ -3.85028, 40.91708 ], [ -3.85027, 40.91618 ], [ -3.84908, 40.91619 ], [ -3.84907, 40.91529 ], [ -3.84788, 40.91529 ], [ -3.84787, 40.91439 ], [ -3.84669, 40.9144 ], [ -3.84667, 40.9135 ], [ -3.84666, 40.9126 ], [ -3.84548, 40.91261 ], [ -3.84546, 40.91171 ], [ -3.84427, 40.91082 ], [ -3.84425, 40.90992 ], [ -3.84307, 40.90992 ], [ -3.84306, 40.90902 ], [ -3.84304, 40.90812 ], [ -3.84303, 40.90722 ], [ -3.84302, 40.90632 ], [ -3.84183, 40.90633 ], [ -3.84182, 40.90543 ], [ -3.84181, 40.90453 ], [ -3.84061, 40.90364 ], [ -3.8406, 40.90274 ], [ -3.84059, 40.90184 ], [ -3.84058, 40.90093 ], [ -3.84177, 40.90093 ], [ -3.84175, 40.90003 ], [ -3.84174, 40.89912 ], [ -3.84173, 40.89822 ], [ -3.84054, 40.89823 ], [ -3.84053, 40.89733 ], [ -3.83935, 40.89734 ], [ -3.83816, 40.89735 ], [ -3.83815, 40.89645 ], [ -3.83696, 40.89646 ], [ -3.83695, 40.89556 ], [ -3.83814, 40.89555 ], [ -3.83812, 40.89465 ], [ -3.83811, 40.89375 ], [ -3.83691, 40.89285 ], [ -3.8369, 40.89195 ], [ -3.83572, 40.89196 ], [ -3.8357, 40.89106 ], [ -3.83569, 40.89016 ], [ -3.83568, 40.88926 ], [ -3.83567, 40.88836 ], [ -3.83566, 40.88746 ], [ -3.83565, 40.88656 ], [ -3.83446, 40.88657 ], [ -3.83445, 40.88566 ], [ -3.83564, 40.88566 ], [ -3.83563, 40.88476 ], [ -3.83561, 40.88385 ], [ -3.8356, 40.88295 ], [ -3.83559, 40.88205 ], [ -3.83678, 40.88204 ], [ -3.83677, 40.88114 ], [ -3.83676, 40.88024 ], [ -3.83794, 40.88023 ], [ -3.83793, 40.87933 ], [ -3.83792, 40.87843 ], [ -3.83791, 40.87753 ], [ -3.83672, 40.87754 ], [ -3.8379, 40.87663 ], [ -3.83789, 40.87573 ], [ -3.8367, 40.87574 ], [ -3.83669, 40.87484 ], [ -3.8355, 40.87485 ], [ -3.83431, 40.87486 ], [ -3.83313, 40.87486 ], [ -3.83312, 40.87396 ], [ -3.8331, 40.87306 ], [ -3.83309, 40.87216 ], [ -3.83191, 40.87217 ], [ -3.8319, 40.87127 ], [ -3.82948, 40.86768 ], [ -3.82947, 40.86678 ], [ -3.82827, 40.86589 ], [ -3.82826, 40.86499 ], [ -3.82462, 40.85871 ], [ -3.81989, 40.85965 ], [ -3.81987, 40.85874 ], [ -3.81868, 40.85785 ], [ -3.81748, 40.85696 ], [ -3.81628, 40.85607 ], [ -3.81391, 40.85608 ], [ -3.81154, 40.8561 ], [ -3.81035, 40.85611 ], [ -3.80916, 40.85612 ], [ -3.80915, 40.85522 ], [ -3.80914, 40.85432 ], [ -3.80796, 40.85432 ], [ -3.80557, 40.85344 ], [ -3.80439, 40.85345 ], [ -3.80319, 40.85256 ], [ -3.80199, 40.85166 ], [ -3.79961, 40.85078 ], [ -3.79842, 40.85079 ], [ -3.7984, 40.84899 ], [ -3.80194, 40.84716 ], [ -3.80788, 40.84802 ], [ -3.81491, 40.84076 ], [ -3.8302, 40.83074 ], [ -3.83005, 40.81813 ], [ -3.82764, 40.81545 ], [ -3.82646, 40.81546 ], [ -3.8288, 40.81364 ], [ -3.83827, 40.81177 ], [ -3.83946, 40.81266 ], [ -3.84065, 40.81265 ], [ -3.84422, 40.81353 ], [ -3.84659, 40.81351 ], [ -3.85133, 40.81347 ], [ -3.85252, 40.81347 ], [ -3.85371, 40.81436 ], [ -3.8549, 40.81435 ], [ -3.86202, 40.8152 ], [ -3.86438, 40.81428 ], [ -3.86557, 40.81427 ], [ -3.86792, 40.81245 ], [ -3.87145, 40.81062 ], [ -3.8738, 40.8088 ], [ -3.87732, 40.80607 ], [ -3.87968, 40.80515 ], [ -3.88324, 40.80603 ], [ -3.88564, 40.80781 ], [ -3.88681, 40.8069 ], [ -3.888, 40.80689 ], [ -3.88918, 40.80688 ], [ -3.89155, 40.80687 ], [ -3.89273, 40.80596 ], [ -3.8951, 40.80594 ], [ -3.89628, 40.80593 ], [ -3.89746, 40.80502 ], [ -3.89864, 40.80501 ], [ -3.90337, 40.80407 ], [ -3.91046, 40.80221 ], [ -3.91163, 40.8013 ], [ -3.91399, 40.80038 ], [ -3.91872, 40.79945 ], [ -3.9211, 40.80033 ], [ -3.92229, 40.80032 ], [ -3.93059, 40.80025 ], [ -3.93177, 40.80024 ], [ -3.93294, 40.79933 ], [ -3.93529, 40.79751 ], [ -3.93765, 40.79659 ], [ -3.93882, 40.79568 ], [ -3.94356, 40.79564 ], [ -3.94712, 40.79561 ], [ -3.95066, 40.79468 ], [ -3.95184, 40.79467 ], [ -3.96014, 40.7946 ], [ -3.96248, 40.79278 ], [ -3.96247, 40.79188 ], [ -3.96366, 40.79187 ], [ -3.96484, 40.79186 ], [ -3.96603, 40.79185 ], [ -3.96838, 40.79093 ], [ -3.97074, 40.79001 ], [ -3.9731, 40.78909 ], [ -3.97427, 40.78818 ], [ -3.97546, 40.78817 ], [ -3.97781, 40.78725 ], [ -3.97902, 40.78904 ] ] ] } },
{ "type": "Feature", "properties": { "ine_code": "28121", "name": "Redueña" }, "geometry": { "type": "Polygon", "coordinates": [ [ [ -3.61563, 40.8411 ], [ -3.61445, 40.8411 ], [ -3.61327, 40.84201 ], [ -3.61208, 40.84202 ], [ -3.60971, 40.84203 ], [ -3.60734, 40.84204 ], [ -3.60497, 40.84206 ], [ -3.60496, 40.84115 ], [ -3.60377, 40.84116 ], [ -3.60376, 40.84026 ], [ -3.60258, 40.84027 ], [ -3.60257, 40.83937 ], [ -3.60256, 40.83846 ], [ -3.60138, 40.83847 ], [ -3.60137, 40.83757 ], [ -3.60018, 40.83758 ], [ -3.60017, 40.83668 ], [ -3.59898, 40.83578 ], [ -3.59897, 40.83488 ], [ -3.59778, 40.83489 ], [ -3.59778, 40.83398 ], [ -3.59777, 40.83308 ], [ -3.59658, 40.83309 ], [ -3.59657, 40.83219 ], [ -3.59657, 40.83129 ], [ -3.59538, 40.83129 ], [ -3.59537, 40.83039 ], [ -3.59536, 40.82949 ], [ -3.59418, 40.8295 ], [ -3.59064, 40.83222 ], [ -3.58828, 40.83313 ], [ -3.5871, 40.83404 ], [ -3.57996, 40.83137 ], [ -3.57875, 40.82778 ], [ -3.57751, 40.82238 ], [ -3.57633, 40.82238 ], [ -3.57513, 40.82149 ], [ -3.57395, 40.82149 ], [ -3.57276, 40.8215 ], [ -3.57275, 40.8206 ], [ -3.57506, 40.81248 ], [ -3.57623, 40.81067 ], [ -3.57622, 40.80977 ], [ -3.57621, 40.80887 ], [ -3.5762, 40.80797 ], [ -3.57736, 40.80526 ], [ -3.57736, 40.80436 ], [ -3.57734, 40.80256 ], [ -3.57732, 40.79986 ], [ -3.57849, 40.79805 ], [ -3.57729, 40.79625 ], [ -3.5749, 40.79446 ], [ -3.57488, 40.79266 ], [ -3.57368, 40.79087 ], [ -3.57487, 40.79086 ], [ -3.57605, 40.79085 ], [ -3.57724, 40.79085 ], [ -3.57725, 40.79175 ], [ -3.57843, 40.79174 ], [ -3.57962, 40.79174 ], [ -3.5808, 40.79173 ], [ -3.5808, 40.79083 ], [ -3.58198, 40.79083 ], [ -3.58197, 40.78992 ], [ -3.58316, 40.78992 ], [ -3.58315, 40.78902 ], [ -3.58434, 40.78901 ], [ -3.58434, 40.78991 ], [ -3.58553, 40.78991 ], [ -3.59027, 40.78988 ], [ -3.59265, 40.79077 ], [ -3.5962, 40.79075 ], [ -3.59504, 40.79346 ], [ -3.59387, 40.79527 ], [ -3.59388, 40.79617 ], [ -3.59389, 40.79707 ], [ -3.59391, 40.79887 ], [ -3.59391, 40.79977 ], [ -3.59392, 40.80067 ], [ -3.59393, 40.80157 ], [ -3.59511, 40.80157 ], [ -3.59631, 40.80246 ], [ -3.59986, 40.80244 ], [ -3.60224, 40.80243 ], [ -3.60224, 40.80333 ], [ -3.60343, 40.80333 ], [ -3.60462, 40.80422 ], [ -3.60463, 40.80512 ], [ -3.60702, 40.80691 ], [ -3.60703, 40.80781 ], [ -3.60821, 40.80781 ], [ -3.60941, 40.8087 ], [ -3.61059, 40.80869 ], [ -3.61178, 40.80869 ], [ -3.61297, 40.80958 ], [ -3.61419, 40.81318 ], [ -3.61421, 40.81498 ], [ -3.61423, 40.81768 ], [ -3.61305, 40.81859 ], [ -3.60952, 40.82131 ], [ -3.60834, 40.82222 ], [ -3.60955, 40.82401 ], [ -3.61075, 40.82581 ], [ -3.61315, 40.8294 ], [ -3.61436, 40.8321 ], [ -3.61437, 40.833 ], [ -3.61557, 40.83389 ], [ -3.61676, 40.83479 ], [ -3.61677, 40.83569 ], [ -3.61796, 40.83568 ], [ -3.61796, 40.83658 ], [ -3.61797, 40.83748 ], [ -3.61679, 40.83749 ], [ -3.61679, 40.83839 ], [ -3.6168, 40.83929 ], [ -3.61681, 40.84019 ], [ -3.61682, 40.84109 ], [ -3.61563, 40.8411 ] ] ] } },
{ "type": "Feature", "properties": { "ine_code": "28122", "name": "Ribatejada" }, "geometry": { "type": "Polygon", "coordinates": [ [ [ -3.47918, 40.67058 ], [ -3.47918, 40.66968 ], [ -3.47444, 40.6688 ], [ -3.47325, 40.66881 ], [ -3.47207, 40.66881 ], [ -3.47089, 40.66881 ], [ -3.46971, 40.66972 ], [ -3.46853, 40.66973 ], [ -3.46617, 40.67154 ], [ -3.46501, 40.67424 ], [ -3.46502, 40.67605 ], [ -3.46503, 40.67785 ], [ -3.46622, 40.67874 ], [ -3.46623, 40.67964 ], [ -3.46505, 40.67965 ], [ -3.46386, 40.67965 ], [ -3.46387, 40.68055 ], [ -3.46269, 40.68056 ], [ -3.46269, 40.68146 ], [ -3.46151, 40.68146 ], [ -3.46033, 40.68147 ], [ -3.46033, 40.68237 ], [ -3.46272, 40.68506 ], [ -3.46391, 40.68686 ], [ -3.4651, 40.68686 ], [ -3.46628, 40.68685 ], [ -3.46629, 40.68775 ], [ -3.46747, 40.68775 ], [ -3.46867, 40.68954 ], [ -3.4663, 40.68955 ], [ -3.46393, 40.68956 ], [ -3.46157, 40.68957 ], [ -3.46038, 40.68868 ], [ -3.45801, 40.68869 ], [ -3.45682, 40.68779 ], [ -3.45564, 40.68779 ], [ -3.45444, 40.686 ], [ -3.45206, 40.6842 ], [ -3.45088, 40.68421 ], [ -3.44968, 40.68241 ], [ -3.4485, 40.68242 ], [ -3.44849, 40.68062 ], [ -3.44966, 40.67971 ], [ -3.44729, 40.67792 ], [ -3.44492, 40.67793 ], [ -3.44255, 40.67794 ], [ -3.44255, 40.67703 ], [ -3.44136, 40.67704 ], [ -3.44136, 40.67614 ], [ -3.44135, 40.67524 ], [ -3.44135, 40.67434 ], [ -3.4378, 40.67525 ], [ -3.43544, 40.67526 ], [ -3.43306, 40.67437 ], [ -3.42951, 40.67348 ], [ -3.42714, 40.67259 ], [ -3.42595, 40.67259 ], [ -3.42596, 40.67349 ], [ -3.42596, 40.67439 ], [ -3.42597, 40.6753 ], [ -3.42598, 40.6762 ], [ -3.42598, 40.6771 ], [ -3.42599, 40.678 ], [ -3.42599, 40.6789 ], [ -3.426, 40.6798 ], [ -3.426, 40.6807 ], [ -3.42601, 40.6816 ], [ -3.42602, 40.6825 ], [ -3.42246, 40.68161 ], [ -3.4189, 40.68073 ], [ -3.4189, 40.67983 ], [ -3.41889, 40.67892 ], [ -3.41889, 40.67802 ], [ -3.4177, 40.67803 ], [ -3.4177, 40.67713 ], [ -3.41769, 40.67623 ], [ -3.41649, 40.67353 ], [ -3.4153, 40.67263 ], [ -3.4153, 40.67173 ], [ -3.41412, 40.67173 ], [ -3.41293, 40.67174 ], [ -3.40938, 40.67175 ], [ -3.40938, 40.67085 ], [ -3.40819, 40.67086 ], [ -3.40701, 40.67086 ], [ -3.40464, 40.66997 ], [ -3.40465, 40.67177 ], [ -3.40466, 40.67357 ], [ -3.40467, 40.67447 ], [ -3.40468, 40.67627 ], [ -3.40469, 40.67807 ], [ -3.40352, 40.67988 ], [ -3.40353, 40.68168 ], [ -3.40354, 40.68348 ], [ -3.4012, 40.6889 ], [ -3.40121, 40.6898 ], [ -3.40004, 40.6916 ], [ -3.39649, 40.69162 ], [ -3.39531, 40.69252 ], [ -3.39294, 40.69253 ], [ -3.38936, 40.68714 ], [ -3.38817, 40.68714 ], [ -3.38817, 40.68624 ], [ -3.38699, 40.68624 ], [ -3.38698, 40.68534 ], [ -3.38579, 40.68445 ], [ -3.38579, 40.68354 ], [ -3.3846, 40.68355 ], [ -3.38342, 40.68355 ], [ -3.37987, 40.68266 ], [ -3.37868, 40.68177 ], [ -3.37512, 40.67998 ], [ -3.37393, 40.67998 ], [ -3.37393, 40.67908 ], [ -3.37392, 40.67818 ], [ -3.37274, 40.67818 ], [ -3.37273, 40.67728 ], [ -3.37273, 40.67638 ], [ -3.37272, 40.67548 ], [ -3.37272, 40.67458 ], [ -3.37271, 40.67368 ], [ -3.37153, 40.67278 ], [ -3.37269, 40.66917 ], [ -3.36912, 40.66558 ], [ -3.36794, 40.66559 ], [ -3.36793, 40.66468 ], [ -3.36793, 40.66378 ], [ -3.36792, 40.66288 ], [ -3.36792, 40.66198 ], [ -3.36791, 40.66108 ], [ -3.36791, 40.66018 ], [ -3.36672, 40.66018 ], [ -3.36672, 40.65928 ], [ -3.36671, 40.65838 ], [ -3.36553, 40.65839 ], [ -3.36553, 40.65749 ], [ -3.36434, 40.65749 ], [ -3.36434, 40.65659 ], [ -3.36433, 40.65569 ], [ -3.36315, 40.65479 ], [ -3.36196, 40.65389 ], [ -3.36314, 40.65299 ], [ -3.36313, 40.65209 ], [ -3.36431, 40.65208 ], [ -3.36431, 40.65118 ], [ -3.36549, 40.65118 ], [ -3.36549, 40.65028 ], [ -3.36667, 40.65027 ], [ -3.36785, 40.64937 ], [ -3.36903, 40.64847 ], [ -3.36902, 40.64756 ], [ -3.3702, 40.64756 ], [ -3.37021, 40.64846 ], [ -3.37139, 40.64846 ], [ -3.37257, 40.64845 ], [ -3.37257, 40.64755 ], [ -3.37375, 40.64755 ], [ -3.37375, 40.64665 ], [ -3.37256, 40.64665 ], [ -3.37256, 40.64575 ], [ -3.37255, 40.64485 ], [ -3.37255, 40.64395 ], [ -3.37254, 40.64305 ], [ -3.37372, 40.64214 ], [ -3.37372, 40.64124 ], [ -3.3749, 40.64124 ], [ -3.37608, 40.64124 ], [ -3.37608, 40.64033 ], [ -3.37726, 40.64033 ], [ -3.37844, 40.64033 ], [ -3.37844, 40.63943 ], [ -3.37962, 40.63942 ], [ -3.37961, 40.63852 ], [ -3.37961, 40.63762 ], [ -3.3796, 40.63672 ], [ -3.38078, 40.63581 ], [ -3.38078, 40.63491 ], [ -3.38077, 40.63401 ], [ -3.38077, 40.63311 ], [ -3.38076, 40.63221 ], [ -3.38076, 40.63131 ], [ -3.38194, 40.63131 ], [ -3.38193, 40.63041 ], [ -3.3843, 40.6313 ], [ -3.38668, 40.63309 ], [ -3.39024, 40.63488 ], [ -3.39616, 40.63666 ], [ -3.39735, 40.63756 ], [ -3.4009, 40.63845 ], [ -3.40446, 40.64024 ], [ -3.40565, 40.64114 ], [ -3.40683, 40.64113 ], [ -3.41039, 40.64292 ], [ -3.41513, 40.64471 ], [ -3.41632, 40.6456 ], [ -3.4175, 40.6456 ], [ -3.41868, 40.64559 ], [ -3.41987, 40.64559 ], [ -3.42105, 40.64558 ], [ -3.42224, 40.64648 ], [ -3.42342, 40.64648 ], [ -3.4246, 40.64647 ], [ -3.42579, 40.64647 ], [ -3.42697, 40.64646 ], [ -3.42815, 40.64646 ], [ -3.42933, 40.64645 ], [ -3.4317, 40.64645 ], [ -3.43407, 40.64644 ], [ -3.43407, 40.64734 ], [ -3.43408, 40.64824 ], [ -3.43408, 40.64914 ], [ -3.4329, 40.64914 ], [ -3.43291, 40.65005 ], [ -3.43409, 40.65094 ], [ -3.43647, 40.65183 ], [ -3.43763, 40.64913 ], [ -3.43882, 40.65002 ], [ -3.44, 40.65002 ], [ -3.43883, 40.65092 ], [ -3.4412, 40.65182 ], [ -3.44239, 40.65271 ], [ -3.44476, 40.6536 ], [ -3.44594, 40.6536 ], [ -3.44593, 40.6527 ], [ -3.44831, 40.65359 ], [ -3.44714, 40.6554 ], [ -3.44832, 40.65629 ], [ -3.4507, 40.65718 ], [ -3.45308, 40.65988 ], [ -3.45309, 40.66078 ], [ -3.45782, 40.66166 ], [ -3.46493, 40.66253 ], [ -3.46493, 40.66343 ], [ -3.46495, 40.66524 ], [ -3.46495, 40.66614 ], [ -3.46614, 40.66613 ], [ -3.46732, 40.66613 ], [ -3.4685, 40.66612 ], [ -3.46969, 40.66612 ], [ -3.47087, 40.66611 ], [ -3.47205, 40.66611 ], [ -3.47323, 40.6661 ], [ -3.47323, 40.6652 ], [ -3.47441, 40.6652 ], [ -3.47559, 40.66519 ], [ -3.47678, 40.66519 ], [ -3.47796, 40.66518 ], [ -3.47914, 40.66518 ], [ -3.48033, 40.66517 ], [ -3.48033, 40.66607 ], [ -3.48152, 40.66607 ], [ -3.48272, 40.66877 ], [ -3.48273, 40.67057 ], [ -3.47918, 40.67058 ] ] ] } },
{ "type": "Feature", "properties": { "ine_code": "28123", "name": "Rivas-Vaciamadrid" }, "geometry": { "type": "MultiPolygon", "coordinates": [ [ [ [ -3.57176, 40.28818 ], [ -3.57059, 40.28819 ], [ -3.57176, 40.28728 ], [ -3.57176, 40.28818 ] ] ], [ [ [ -3.57906, 40.31607 ], [ -3.58024, 40.31607 ], [ -3.58142, 40.31606 ], [ -3.58259, 40.31605 ], [ -3.58377, 40.31605 ], [ -3.58497, 40.31875 ], [ -3.58498, 40.32055 ], [ -3.58382, 40.32236 ], [ -3.58267, 40.32506 ], [ -3.58268, 40.32596 ], [ -3.57916, 40.32778 ], [ -3.57683, 40.3305 ], [ -3.57567, 40.33231 ], [ -3.57332, 40.33322 ], [ -3.57216, 40.33503 ], [ -3.56983, 40.33774 ], [ -3.56868, 40.34135 ], [ -3.56634, 40.34316 ], [ -3.56517, 40.34407 ], [ -3.56166, 40.34679 ], [ -3.56051, 40.3495 ], [ -3.55934, 40.3504 ], [ -3.55818, 40.35311 ], [ -3.557, 40.35312 ], [ -3.55583, 40.35403 ], [ -3.55584, 40.35493 ], [ -3.55467, 40.35583 ], [ -3.55468, 40.35673 ], [ -3.55586, 40.35763 ], [ -3.55704, 40.35762 ], [ -3.55705, 40.35852 ], [ -3.55823, 40.35852 ], [ -3.5594, 40.35851 ], [ -3.56058, 40.35851 ], [ -3.56059, 40.35941 ], [ -3.56177, 40.3594 ], [ -3.56294, 40.3594 ], [ -3.56412, 40.35939 ], [ -3.56413, 40.36029 ], [ -3.56414, 40.36119 ], [ -3.56296, 40.3612 ], [ -3.56297, 40.3621 ], [ -3.56179, 40.3621 ], [ -3.5618, 40.36301 ], [ -3.56063, 40.36391 ], [ -3.55946, 40.36482 ], [ -3.55946, 40.36572 ], [ -3.55829, 40.36573 ], [ -3.55829, 40.36663 ], [ -3.55712, 40.36753 ], [ -3.55713, 40.36843 ], [ -3.55595, 40.36844 ], [ -3.55596, 40.36934 ], [ -3.55597, 40.37024 ], [ -3.5548, 40.37115 ], [ -3.5548, 40.37205 ], [ -3.55363, 40.37205 ], [ -3.55363, 40.37295 ], [ -3.55364, 40.37386 ], [ -3.55247, 40.37476 ], [ -3.55248, 40.37566 ], [ -3.5513, 40.37567 ], [ -3.55131, 40.37657 ], [ -3.55014, 40.37748 ], [ -3.55014, 40.37838 ], [ -3.5478, 40.37929 ], [ -3.5478, 40.38019 ], [ -3.54663, 40.3811 ], [ -3.54664, 40.382 ], [ -3.54546, 40.382 ], [ -3.54547, 40.3829 ], [ -3.54429, 40.38291 ], [ -3.5443, 40.38381 ], [ -3.54312, 40.38382 ], [ -3.54313, 40.38472 ], [ -3.54195, 40.38472 ], [ -3.54196, 40.38562 ], [ -3.54078, 40.38653 ], [ -3.54079, 40.38743 ], [ -3.53961, 40.38744 ], [ -3.53844, 40.38834 ], [ -3.53727, 40.38925 ], [ -3.5361, 40.39015 ], [ -3.53492, 40.39016 ], [ -3.53493, 40.39106 ], [ -3.53375, 40.39107 ], [ -3.53376, 40.39197 ], [ -3.53258, 40.39197 ], [ -3.53257, 40.39107 ], [ -3.52902, 40.38929 ], [ -3.52668, 40.3902 ], [ -3.52433, 40.39111 ], [ -3.52315, 40.39202 ], [ -3.5208, 40.39203 ], [ -3.52081, 40.39383 ], [ -3.51966, 40.39744 ], [ -3.51967, 40.39834 ], [ -3.51968, 40.39924 ], [ -3.5185, 40.39924 ], [ -3.5185, 40.40015 ], [ -3.51851, 40.40105 ], [ -3.51852, 40.40195 ], [ -3.51852, 40.40285 ], [ -3.51853, 40.40375 ], [ -3.51854, 40.40465 ], [ -3.51855, 40.40555 ], [ -3.51972, 40.40555 ], [ -3.51973, 40.40645 ], [ -3.51974, 40.40735 ], [ -3.51974, 40.40825 ], [ -3.51857, 40.40825 ], [ -3.51857, 40.40915 ], [ -3.51975, 40.40915 ], [ -3.51976, 40.41005 ], [ -3.51622, 40.40916 ], [ -3.51504, 40.41007 ], [ -3.51387, 40.41008 ], [ -3.51269, 40.41008 ], [ -3.51269, 40.41098 ], [ -3.51152, 40.41099 ], [ -3.51151, 40.41009 ], [ -3.5115, 40.40919 ], [ -3.51149, 40.40828 ], [ -3.51149, 40.40738 ], [ -3.51031, 40.40739 ], [ -3.5103, 40.40649 ], [ -3.50912, 40.40649 ], [ -3.50795, 40.4065 ], [ -3.50677, 40.4065 ], [ -3.50559, 40.40651 ], [ -3.5056, 40.40741 ], [ -3.50442, 40.40741 ], [ -3.50324, 40.40742 ], [ -3.50206, 40.40743 ], [ -3.50088, 40.40743 ], [ -3.50087, 40.40653 ], [ -3.50087, 40.40563 ], [ -3.50204, 40.40472 ], [ -3.50321, 40.40382 ], [ -3.50321, 40.40292 ], [ -3.50438, 40.40291 ], [ -3.50438, 40.40201 ], [ -3.50556, 40.402 ], [ -3.50555, 40.4011 ], [ -3.50673, 40.4011 ], [ -3.50672, 40.4002 ], [ -3.50789, 40.39929 ], [ -3.50788, 40.39839 ], [ -3.50906, 40.39839 ], [ -3.50906, 40.39748 ], [ -3.50905, 40.39658 ], [ -3.50904, 40.39568 ], [ -3.50549, 40.3939 ], [ -3.50548, 40.39209 ], [ -3.50665, 40.39029 ], [ -3.50664, 40.38939 ], [ -3.50663, 40.38849 ], [ -3.50428, 40.3894 ], [ -3.5043, 40.3921 ], [ -3.50195, 40.39301 ], [ -3.50193, 40.39031 ], [ -3.50311, 40.3903 ], [ -3.5031, 40.3885 ], [ -3.50309, 40.3876 ], [ -3.50191, 40.38761 ], [ -3.50073, 40.38761 ], [ -3.50071, 40.38491 ], [ -3.50542, 40.38399 ], [ -3.50541, 40.38309 ], [ -3.50541, 40.38218 ], [ -3.50305, 40.3822 ], [ -3.50186, 40.3804 ], [ -3.50067, 40.3795 ], [ -3.50066, 40.3777 ], [ -3.50065, 40.3768 ], [ -3.50183, 40.3768 ], [ -3.503, 40.37499 ], [ -3.50418, 40.37498 ], [ -3.50417, 40.37408 ], [ -3.50416, 40.37318 ], [ -3.50534, 40.37318 ], [ -3.50651, 40.37227 ], [ -3.51004, 40.37225 ], [ -3.51122, 40.37225 ], [ -3.51122, 40.37135 ], [ -3.51239, 40.37134 ], [ -3.51239, 40.37044 ], [ -3.5112, 40.36955 ], [ -3.5112, 40.36865 ], [ -3.51119, 40.36774 ], [ -3.51001, 40.36775 ], [ -3.51, 40.36685 ], [ -3.51, 40.36595 ], [ -3.50882, 40.36595 ], [ -3.50881, 40.36505 ], [ -3.50881, 40.36415 ], [ -3.50762, 40.36326 ], [ -3.50761, 40.36236 ], [ -3.50761, 40.36145 ], [ -3.5076, 40.36055 ], [ -3.50642, 40.36056 ], [ -3.50642, 40.35966 ], [ -3.50641, 40.35876 ], [ -3.50523, 40.35876 ], [ -3.50405, 40.35787 ], [ -3.50287, 40.35787 ], [ -3.50288, 40.35877 ], [ -3.5017, 40.35878 ], [ -3.50053, 40.35968 ], [ -3.49936, 40.36059 ], [ -3.49936, 40.36149 ], [ -3.49937, 40.36239 ], [ -3.49819, 40.3624 ], [ -3.4982, 40.3633 ], [ -3.49702, 40.3633 ], [ -3.49584, 40.36331 ], [ -3.49467, 40.36331 ], [ -3.49349, 40.36332 ], [ -3.49348, 40.36242 ], [ -3.4923, 40.36242 ], [ -3.49112, 40.36153 ], [ -3.48994, 40.36153 ], [ -3.48876, 40.36154 ], [ -3.48759, 40.36154 ], [ -3.48641, 40.36155 ], [ -3.48523, 40.36155 ], [ -3.48405, 40.36156 ], [ -3.48405, 40.36065 ], [ -3.48287, 40.36066 ], [ -3.48286, 40.35976 ], [ -3.48286, 40.35886 ], [ -3.484, 40.35435 ], [ -3.484, 40.35345 ], [ -3.48399, 40.35255 ], [ -3.48398, 40.35165 ], [ -3.48398, 40.35074 ], [ -3.48397, 40.34984 ], [ -3.48279, 40.34985 ], [ -3.48161, 40.34985 ], [ -3.48044, 40.34986 ], [ -3.48044, 40.35076 ], [ -3.47927, 40.35076 ], [ -3.47809, 40.35077 ], [ -3.47808, 40.34987 ], [ -3.4769, 40.34987 ], [ -3.4769, 40.34897 ], [ -3.47689, 40.34807 ], [ -3.4757, 40.34627 ], [ -3.4757, 40.34537 ], [ -3.47569, 40.34447 ], [ -3.47451, 40.34358 ], [ -3.4745, 40.34268 ], [ -3.47449, 40.34177 ], [ -3.47332, 40.34178 ], [ -3.47331, 40.34088 ], [ -3.4733, 40.33998 ], [ -3.47213, 40.33998 ], [ -3.47212, 40.33908 ], [ -3.47211, 40.33818 ], [ -3.47092, 40.33548 ], [ -3.47091, 40.33458 ], [ -3.4709, 40.33368 ], [ -3.4709, 40.33278 ], [ -3.47207, 40.33187 ], [ -3.47206, 40.33097 ], [ -3.47206, 40.33007 ], [ -3.47087, 40.32918 ], [ -3.47087, 40.32828 ], [ -3.47086, 40.32737 ], [ -3.47085, 40.32647 ], [ -3.47085, 40.32557 ], [ -3.47084, 40.32467 ], [ -3.46966, 40.32378 ], [ -3.46965, 40.32287 ], [ -3.47082, 40.32197 ], [ -3.4708, 40.31927 ], [ -3.47316, 40.31926 ], [ -3.47434, 40.31925 ], [ -3.47669, 40.31924 ], [ -3.47904, 40.31923 ], [ -3.47787, 40.32014 ], [ -3.48142, 40.32193 ], [ -3.48142, 40.32283 ], [ -3.48378, 40.32372 ], [ -3.48497, 40.32461 ], [ -3.49315, 40.31647 ], [ -3.49432, 40.31556 ], [ -3.49549, 40.31556 ], [ -3.49667, 40.31555 ], [ -3.49785, 40.31555 ], [ -3.5002, 40.31554 ], [ -3.50256, 40.31643 ], [ -3.50374, 40.31643 ], [ -3.50375, 40.31733 ], [ -3.50492, 40.31732 ], [ -3.5061, 40.31732 ], [ -3.50728, 40.31731 ], [ -3.50845, 40.31731 ], [ -3.50846, 40.31821 ], [ -3.50964, 40.3182 ], [ -3.51081, 40.3182 ], [ -3.51199, 40.31819 ], [ -3.51434, 40.31728 ], [ -3.51432, 40.31458 ], [ -3.5143, 40.31277 ], [ -3.51313, 40.31278 ], [ -3.51195, 40.31279 ], [ -3.51077, 40.31279 ], [ -3.50959, 40.31189 ], [ -3.50958, 40.31009 ], [ -3.50486, 40.30921 ], [ -3.50603, 40.30831 ], [ -3.50955, 40.30649 ], [ -3.51308, 40.30647 ], [ -3.51542, 40.30466 ], [ -3.51188, 40.30288 ], [ -3.50952, 40.30198 ], [ -3.50951, 40.30108 ], [ -3.51068, 40.30018 ], [ -3.51303, 40.29927 ], [ -3.5142, 40.29926 ], [ -3.51772, 40.29744 ], [ -3.52004, 40.29383 ], [ -3.5224, 40.29472 ], [ -3.52476, 40.29561 ], [ -3.52476, 40.29471 ], [ -3.52592, 40.2929 ], [ -3.52945, 40.29289 ], [ -3.53063, 40.29288 ], [ -3.53181, 40.29378 ], [ -3.53299, 40.29377 ], [ -3.53415, 40.29286 ], [ -3.53533, 40.29286 ], [ -3.53768, 40.29195 ], [ -3.53767, 40.29105 ], [ -3.54002, 40.29013 ], [ -3.54238, 40.29102 ], [ -3.54473, 40.29101 ], [ -3.54357, 40.29372 ], [ -3.54711, 40.29461 ], [ -3.54829, 40.2955 ], [ -3.55066, 40.29729 ], [ -3.55535, 40.29547 ], [ -3.55652, 40.29456 ], [ -3.55769, 40.29365 ], [ -3.56004, 40.29274 ], [ -3.56121, 40.29184 ], [ -3.56238, 40.29093 ], [ -3.56474, 40.29182 ], [ -3.56824, 40.2891 ], [ -3.57059, 40.28819 ], [ -3.5706, 40.28909 ], [ -3.5706, 40.28999 ], [ -3.57061, 40.29089 ], [ -3.57062, 40.29179 ], [ -3.57063, 40.29269 ], [ -3.57181, 40.29359 ], [ -3.57182, 40.29449 ], [ -3.57299, 40.29448 ], [ -3.573, 40.29538 ], [ -3.57419, 40.29628 ], [ -3.5742, 40.29808 ], [ -3.5754, 40.30078 ], [ -3.57543, 40.30438 ], [ -3.57545, 40.30618 ], [ -3.57546, 40.30798 ], [ -3.57667, 40.31158 ], [ -3.5767, 40.31518 ], [ -3.57787, 40.31428 ], [ -3.57906, 40.31607 ] ] ] ] } },
{ "type": "Feature", "properties": { "ine_code": "28124", "name": "Robledillo de la Jara" }, "geometry": { "type": "Polygon", "coordinates": [ [ [ -3.56085, 40.95578 ], [ -3.56084, 40.95488 ], [ -3.55965, 40.95489 ], [ -3.55847, 40.95489 ], [ -3.55846, 40.95399 ], [ -3.55845, 40.95309 ], [ -3.55726, 40.9531 ], [ -3.55608, 40.9531 ], [ -3.55607, 40.9522 ], [ -3.55488, 40.95221 ], [ -3.55369, 40.95221 ], [ -3.5525, 40.95222 ], [ -3.55131, 40.95223 ], [ -3.55013, 40.95223 ], [ -3.54894, 40.95224 ], [ -3.54893, 40.95134 ], [ -3.54774, 40.95134 ], [ -3.54656, 40.95135 ], [ -3.54655, 40.95045 ], [ -3.54536, 40.95045 ], [ -3.54417, 40.95046 ], [ -3.54298, 40.95046 ], [ -3.54299, 40.95136 ], [ -3.54421, 40.95496 ], [ -3.53949, 40.95949 ], [ -3.53593, 40.9595 ], [ -3.5312, 40.96313 ], [ -3.52646, 40.96495 ], [ -3.52408, 40.96406 ], [ -3.51815, 40.96499 ], [ -3.51577, 40.965 ], [ -3.5122, 40.96502 ], [ -3.50983, 40.96503 ], [ -3.5004, 40.97588 ], [ -3.49328, 40.97771 ], [ -3.4921, 40.97772 ], [ -3.49209, 40.97682 ], [ -3.49208, 40.97592 ], [ -3.49208, 40.97501 ], [ -3.49089, 40.97502 ], [ -3.49088, 40.97412 ], [ -3.49087, 40.97322 ], [ -3.49087, 40.97232 ], [ -3.48968, 40.97232 ], [ -3.48967, 40.97142 ], [ -3.48848, 40.97143 ], [ -3.48848, 40.97053 ], [ -3.48729, 40.97053 ], [ -3.48728, 40.96963 ], [ -3.48609, 40.96963 ], [ -3.4849, 40.96964 ], [ -3.4849, 40.96874 ], [ -3.48609, 40.96873 ], [ -3.48608, 40.96783 ], [ -3.48489, 40.96784 ], [ -3.48488, 40.96694 ], [ -3.48488, 40.96604 ], [ -3.48487, 40.96514 ], [ -3.48487, 40.96424 ], [ -3.48486, 40.96333 ], [ -3.48485, 40.96243 ], [ -3.48838, 40.95791 ], [ -3.48956, 40.95611 ], [ -3.49309, 40.95159 ], [ -3.49541, 40.94347 ], [ -3.49658, 40.94166 ], [ -3.49655, 40.93806 ], [ -3.49654, 40.93626 ], [ -3.49653, 40.93536 ], [ -3.49651, 40.93266 ], [ -3.49649, 40.92905 ], [ -3.49767, 40.92815 ], [ -3.49766, 40.92725 ], [ -3.50003, 40.92634 ], [ -3.50239, 40.92452 ], [ -3.50358, 40.92542 ], [ -3.50715, 40.9254 ], [ -3.51072, 40.92719 ], [ -3.51311, 40.92898 ], [ -3.51789, 40.93166 ], [ -3.52027, 40.93255 ], [ -3.52146, 40.93255 ], [ -3.52384, 40.93344 ], [ -3.52385, 40.93434 ], [ -3.52741, 40.93432 ], [ -3.52978, 40.93431 ], [ -3.53336, 40.93519 ], [ -3.53454, 40.93519 ], [ -3.53691, 40.93428 ], [ -3.53927, 40.93156 ], [ -3.53926, 40.93066 ], [ -3.54045, 40.93066 ], [ -3.54044, 40.92976 ], [ -3.54043, 40.92886 ], [ -3.54161, 40.92795 ], [ -3.5428, 40.92794 ], [ -3.54281, 40.92884 ], [ -3.54281, 40.92975 ], [ -3.54282, 40.93065 ], [ -3.54401, 40.93064 ], [ -3.54519, 40.92973 ], [ -3.54637, 40.92883 ], [ -3.54636, 40.92793 ], [ -3.54755, 40.92792 ], [ -3.54754, 40.92702 ], [ -3.54753, 40.92612 ], [ -3.54752, 40.92432 ], [ -3.54751, 40.92342 ], [ -3.54869, 40.92251 ], [ -3.54987, 40.9216 ], [ -3.54988, 40.92251 ], [ -3.55108, 40.9234 ], [ -3.55108, 40.9243 ], [ -3.5499, 40.92431 ], [ -3.5499, 40.92521 ], [ -3.5511, 40.9261 ], [ -3.55111, 40.927 ], [ -3.55229, 40.927 ], [ -3.5523, 40.9279 ], [ -3.55231, 40.9288 ], [ -3.5535, 40.92969 ], [ -3.55351, 40.9306 ], [ -3.5547, 40.93059 ], [ -3.55471, 40.93149 ], [ -3.55471, 40.93239 ], [ -3.55353, 40.9324 ], [ -3.55353, 40.9333 ], [ -3.55354, 40.9342 ], [ -3.55355, 40.9351 ], [ -3.55474, 40.93599 ], [ -3.55475, 40.9369 ], [ -3.55594, 40.93689 ], [ -3.55595, 40.93779 ], [ -3.55714, 40.93869 ], [ -3.55834, 40.93958 ], [ -3.55835, 40.94048 ], [ -3.55953, 40.94048 ], [ -3.55954, 40.94138 ], [ -3.55955, 40.94228 ], [ -3.56074, 40.94227 ], [ -3.56074, 40.94317 ], [ -3.56193, 40.94317 ], [ -3.56194, 40.94407 ], [ -3.56195, 40.94497 ], [ -3.56314, 40.94496 ], [ -3.56314, 40.94586 ], [ -3.56315, 40.94676 ], [ -3.56316, 40.94766 ], [ -3.56317, 40.94857 ], [ -3.56198, 40.94857 ], [ -3.56199, 40.94947 ], [ -3.56199, 40.95037 ], [ -3.562, 40.95127 ], [ -3.56319, 40.95127 ], [ -3.5632, 40.95217 ], [ -3.56438, 40.95216 ], [ -3.56558, 40.95306 ], [ -3.56559, 40.95396 ], [ -3.5656, 40.95486 ], [ -3.56442, 40.95577 ], [ -3.56323, 40.95577 ], [ -3.56204, 40.95578 ], [ -3.56085, 40.95578 ] ] ] } },
{ "type": "Feature", "properties": { "ine_code": "28125", "name": "Robledo de Chavela" }, "geometry": { "type": "Polygon", "coordinates": [ [ [ -4.32873, 40.43421 ], [ -4.32757, 40.43513 ], [ -4.32287, 40.43608 ], [ -4.32173, 40.4379 ], [ -4.31823, 40.43974 ], [ -4.31821, 40.43884 ], [ -4.31467, 40.43888 ], [ -4.31351, 40.43979 ], [ -4.30646, 40.44077 ], [ -4.29942, 40.44265 ], [ -4.29824, 40.44267 ], [ -4.29358, 40.44542 ], [ -4.29359, 40.44632 ], [ -4.29137, 40.45355 ], [ -4.29149, 40.45986 ], [ -4.29155, 40.46256 ], [ -4.29042, 40.46528 ], [ -4.29045, 40.46708 ], [ -4.28931, 40.46889 ], [ -4.28936, 40.47159 ], [ -4.28938, 40.47249 ], [ -4.28939, 40.4734 ], [ -4.28717, 40.48063 ], [ -4.28721, 40.48243 ], [ -4.28723, 40.48333 ], [ -4.28846, 40.48602 ], [ -4.28851, 40.48872 ], [ -4.28733, 40.48873 ], [ -4.28731, 40.48783 ], [ -4.28613, 40.48785 ], [ -4.28615, 40.48875 ], [ -4.28497, 40.48876 ], [ -4.28499, 40.48966 ], [ -4.28617, 40.48965 ], [ -4.28735, 40.48963 ], [ -4.28736, 40.49053 ], [ -4.28738, 40.49144 ], [ -4.28856, 40.49142 ], [ -4.28858, 40.49232 ], [ -4.2874, 40.49234 ], [ -4.28741, 40.49324 ], [ -4.28623, 40.49325 ], [ -4.28625, 40.49415 ], [ -4.28507, 40.49416 ], [ -4.28389, 40.49418 ], [ -4.28271, 40.49419 ], [ -4.28153, 40.4942 ], [ -4.28035, 40.49422 ], [ -4.28037, 40.49512 ], [ -4.28155, 40.4951 ], [ -4.28157, 40.496 ], [ -4.28158, 40.4969 ], [ -4.28276, 40.49689 ], [ -4.28394, 40.49688 ], [ -4.28396, 40.49778 ], [ -4.28398, 40.49868 ], [ -4.2828, 40.49869 ], [ -4.28282, 40.49959 ], [ -4.28164, 40.49961 ], [ -4.28165, 40.50051 ], [ -4.28283, 40.50049 ], [ -4.28285, 40.5014 ], [ -4.28405, 40.50228 ], [ -4.28288, 40.5032 ], [ -4.2817, 40.50321 ], [ -4.28052, 40.50322 ], [ -4.27934, 40.50324 ], [ -4.27816, 40.50325 ], [ -4.27697, 40.50236 ], [ -4.27579, 40.50237 ], [ -4.27461, 40.50239 ], [ -4.27462, 40.50329 ], [ -4.2758, 40.50327 ], [ -4.27582, 40.50418 ], [ -4.277, 40.50416 ], [ -4.27702, 40.50506 ], [ -4.27704, 40.50596 ], [ -4.27586, 40.50598 ], [ -4.27469, 40.50689 ], [ -4.27351, 40.5069 ], [ -4.27233, 40.50692 ], [ -4.27235, 40.50782 ], [ -4.27119, 40.50873 ], [ -4.2712, 40.50963 ], [ -4.27002, 40.50964 ], [ -4.27001, 40.50874 ], [ -4.26883, 40.50876 ], [ -4.26766, 40.50967 ], [ -4.26768, 40.51057 ], [ -4.2677, 40.51147 ], [ -4.26652, 40.51148 ], [ -4.26535, 40.5124 ], [ -4.26419, 40.51331 ], [ -4.26421, 40.51421 ], [ -4.26539, 40.5142 ], [ -4.26657, 40.51419 ], [ -4.26659, 40.51509 ], [ -4.26777, 40.51507 ], [ -4.26896, 40.51596 ], [ -4.27014, 40.51595 ], [ -4.27016, 40.51685 ], [ -4.26898, 40.51686 ], [ -4.269, 40.51776 ], [ -4.26901, 40.51866 ], [ -4.26783, 40.51868 ], [ -4.26665, 40.51869 ], [ -4.26664, 40.51779 ], [ -4.26546, 40.5178 ], [ -4.26544, 40.5169 ], [ -4.26426, 40.51691 ], [ -4.26428, 40.51782 ], [ -4.26429, 40.51872 ], [ -4.26431, 40.51962 ], [ -4.26551, 40.5205 ], [ -4.26552, 40.52141 ], [ -4.26434, 40.52142 ], [ -4.26436, 40.52232 ], [ -4.2632, 40.52323 ], [ -4.26439, 40.52412 ], [ -4.26441, 40.52502 ], [ -4.26443, 40.52592 ], [ -4.26445, 40.52682 ], [ -4.26446, 40.52772 ], [ -4.26448, 40.52862 ], [ -4.2645, 40.52952 ], [ -4.26333, 40.53044 ], [ -4.26215, 40.53045 ], [ -4.26217, 40.53135 ], [ -4.25741, 40.5296 ], [ -4.25389, 40.53054 ], [ -4.2492, 40.53239 ], [ -4.24564, 40.53153 ], [ -4.24325, 40.52975 ], [ -4.23971, 40.52979 ], [ -4.235, 40.53074 ], [ -4.23148, 40.53168 ], [ -4.22336, 40.53988 ], [ -4.21869, 40.54263 ], [ -4.21301, 40.5553 ], [ -4.19654, 40.55908 ], [ -4.19771, 40.55816 ], [ -4.19769, 40.55726 ], [ -4.19768, 40.55636 ], [ -4.19886, 40.55635 ], [ -4.19884, 40.55545 ], [ -4.19883, 40.55455 ], [ -4.19881, 40.55365 ], [ -4.19999, 40.55363 ], [ -4.19997, 40.55273 ], [ -4.19996, 40.55183 ], [ -4.19994, 40.55093 ], [ -4.19993, 40.55003 ], [ -4.19991, 40.54913 ], [ -4.19989, 40.54823 ], [ -4.20108, 40.54822 ], [ -4.20106, 40.54732 ], [ -4.20104, 40.54642 ], [ -4.20221, 40.5455 ], [ -4.20219, 40.5446 ], [ -4.20218, 40.5437 ], [ -4.20336, 40.54369 ], [ -4.20334, 40.54279 ], [ -4.20332, 40.54189 ], [ -4.2045, 40.54188 ], [ -4.20449, 40.54098 ], [ -4.20447, 40.54008 ], [ -4.20564, 40.53916 ], [ -4.20678, 40.53735 ], [ -4.20795, 40.53644 ], [ -4.20793, 40.53553 ], [ -4.20911, 40.53552 ], [ -4.2091, 40.53462 ], [ -4.20907, 40.53282 ], [ -4.21023, 40.53191 ], [ -4.21138, 40.53009 ], [ -4.21134, 40.52829 ], [ -4.21249, 40.52648 ], [ -4.21248, 40.52558 ], [ -4.21244, 40.52378 ], [ -4.21243, 40.52288 ], [ -4.2124, 40.52107 ], [ -4.21238, 40.52017 ], [ -4.21236, 40.51927 ], [ -4.21235, 40.51837 ], [ -4.21231, 40.51657 ], [ -4.2123, 40.51567 ], [ -4.21109, 40.51388 ], [ -4.21107, 40.51298 ], [ -4.21105, 40.51208 ], [ -4.20987, 40.51209 ], [ -4.20869, 40.5121 ], [ -4.20868, 40.5112 ], [ -4.20397, 40.51215 ], [ -4.20279, 40.51217 ], [ -4.20282, 40.51397 ], [ -4.20286, 40.51577 ], [ -4.20172, 40.51848 ], [ -4.20176, 40.52028 ], [ -4.20061, 40.5221 ], [ -4.19825, 40.52212 ], [ -4.19707, 40.52213 ], [ -4.19589, 40.52215 ], [ -4.19236, 40.52308 ], [ -4.19002, 40.52401 ], [ -4.18767, 40.52493 ], [ -4.18533, 40.52586 ], [ -4.183, 40.52768 ], [ -4.18064, 40.52771 ], [ -4.17946, 40.52772 ], [ -4.17829, 40.52863 ], [ -4.17596, 40.53046 ], [ -4.17478, 40.53047 ], [ -4.17242, 40.5305 ], [ -4.17005, 40.52962 ], [ -4.1665, 40.52965 ], [ -4.16414, 40.52968 ], [ -4.16178, 40.5297 ], [ -4.16062, 40.53061 ], [ -4.15826, 40.53064 ], [ -4.1559, 40.53066 ], [ -4.15473, 40.53157 ], [ -4.15355, 40.53159 ], [ -4.15236, 40.5307 ], [ -4.15234, 40.5298 ], [ -4.15116, 40.52981 ], [ -4.15114, 40.52891 ], [ -4.15113, 40.52801 ], [ -4.15111, 40.52711 ], [ -4.1511, 40.52621 ], [ -4.15108, 40.5253 ], [ -4.15107, 40.5244 ], [ -4.15105, 40.5235 ], [ -4.14986, 40.52261 ], [ -4.14984, 40.52171 ], [ -4.14866, 40.52173 ], [ -4.14748, 40.52174 ], [ -4.1463, 40.52175 ], [ -4.14512, 40.52176 ], [ -4.14394, 40.52177 ], [ -4.14392, 40.52087 ], [ -4.14274, 40.52088 ], [ -4.14276, 40.52178 ], [ -4.14158, 40.5218 ], [ -4.1404, 40.52181 ], [ -4.13922, 40.52182 ], [ -4.13802, 40.52093 ], [ -4.13565, 40.52005 ], [ -4.13327, 40.51917 ], [ -4.13207, 40.51829 ], [ -4.14132, 40.50648 ], [ -4.1425, 40.50647 ], [ -4.14251, 40.50737 ], [ -4.14253, 40.50827 ], [ -4.14371, 40.50826 ], [ -4.14372, 40.50916 ], [ -4.1449, 40.50915 ], [ -4.14608, 40.50914 ], [ -4.1461, 40.51004 ], [ -4.14964, 40.51 ], [ -4.1579, 40.50992 ], [ -4.16144, 40.50989 ], [ -4.16733, 40.50893 ], [ -4.17203, 40.50798 ], [ -4.17795, 40.50882 ], [ -4.18026, 40.50609 ], [ -4.18259, 40.50427 ], [ -4.1861, 40.50243 ], [ -4.18844, 40.5015 ], [ -4.19313, 40.49965 ], [ -4.19547, 40.49873 ], [ -4.19783, 40.4987 ], [ -4.19903, 40.49959 ], [ -4.20257, 40.49956 ], [ -4.20135, 40.49777 ], [ -4.20253, 40.49775 ], [ -4.20609, 40.49862 ], [ -4.20845, 40.49859 ], [ -4.20843, 40.49769 ], [ -4.20842, 40.49679 ], [ -4.2084, 40.49589 ], [ -4.20839, 40.49499 ], [ -4.20837, 40.49409 ], [ -4.20835, 40.49319 ], [ -4.20834, 40.49229 ], [ -4.20832, 40.49139 ], [ -4.2083, 40.49049 ], [ -4.20948, 40.49048 ], [ -4.20947, 40.48957 ], [ -4.20945, 40.48867 ], [ -4.20944, 40.48777 ], [ -4.20942, 40.48687 ], [ -4.2106, 40.48686 ], [ -4.21176, 40.48595 ], [ -4.21175, 40.48505 ], [ -4.21293, 40.48503 ], [ -4.21291, 40.48413 ], [ -4.21289, 40.48323 ], [ -4.21288, 40.48233 ], [ -4.21286, 40.48143 ], [ -4.21403, 40.48052 ], [ -4.21401, 40.47962 ], [ -4.21399, 40.47872 ], [ -4.21398, 40.47782 ], [ -4.21396, 40.47692 ], [ -4.21394, 40.47601 ], [ -4.21393, 40.47511 ], [ -4.21275, 40.47513 ], [ -4.21273, 40.47423 ], [ -4.21272, 40.47332 ], [ -4.21388, 40.47241 ], [ -4.21386, 40.47151 ], [ -4.21385, 40.47061 ], [ -4.21503, 40.4706 ], [ -4.21501, 40.4697 ], [ -4.21619, 40.46968 ], [ -4.21617, 40.46878 ], [ -4.21616, 40.46788 ], [ -4.21496, 40.46699 ], [ -4.21494, 40.46609 ], [ -4.21493, 40.46519 ], [ -4.21491, 40.46429 ], [ -4.2149, 40.46339 ], [ -4.21488, 40.46249 ], [ -4.21486, 40.46159 ], [ -4.21485, 40.46069 ], [ -4.21483, 40.45979 ], [ -4.21601, 40.45978 ], [ -4.21719, 40.45976 ], [ -4.21717, 40.45886 ], [ -4.21716, 40.45796 ], [ -4.21834, 40.45795 ], [ -4.21832, 40.45705 ], [ -4.21714, 40.45706 ], [ -4.21829, 40.45525 ], [ -4.21706, 40.45256 ], [ -4.21585, 40.45077 ], [ -4.21462, 40.44808 ], [ -4.21917, 40.43902 ], [ -4.22513, 40.44256 ], [ -4.2263, 40.44165 ], [ -4.22744, 40.43984 ], [ -4.22975, 40.43711 ], [ -4.2309, 40.4353 ], [ -4.23558, 40.43344 ], [ -4.23674, 40.43253 ], [ -4.23893, 40.4235 ], [ -4.2389, 40.4217 ], [ -4.24464, 40.41353 ], [ -4.24463, 40.41263 ], [ -4.25042, 40.40716 ], [ -4.25274, 40.40533 ], [ -4.25515, 40.40801 ], [ -4.25638, 40.4107 ], [ -4.25878, 40.41337 ], [ -4.25998, 40.41426 ], [ -4.26119, 40.41605 ], [ -4.26244, 40.41964 ], [ -4.26252, 40.42414 ], [ -4.2637, 40.42413 ], [ -4.26607, 40.42501 ], [ -4.27321, 40.42853 ], [ -4.27793, 40.42848 ], [ -4.28262, 40.42753 ], [ -4.28968, 40.42655 ], [ -4.29673, 40.42557 ], [ -4.29909, 40.42554 ], [ -4.30377, 40.42369 ], [ -4.31082, 40.42271 ], [ -4.3155, 40.42085 ], [ -4.31902, 40.41991 ], [ -4.32372, 40.41896 ], [ -4.32373, 40.41986 ], [ -4.32375, 40.42076 ], [ -4.32377, 40.42166 ], [ -4.32379, 40.42256 ], [ -4.3238, 40.42346 ], [ -4.32498, 40.42344 ], [ -4.325, 40.42435 ], [ -4.32618, 40.42433 ], [ -4.32616, 40.42343 ], [ -4.32734, 40.42342 ], [ -4.32852, 40.4234 ], [ -4.3285, 40.4225 ], [ -4.32968, 40.42249 ], [ -4.33086, 40.42248 ], [ -4.33204, 40.42246 ], [ -4.33205, 40.42336 ], [ -4.33207, 40.42426 ], [ -4.33325, 40.42425 ], [ -4.33443, 40.42424 ], [ -4.33445, 40.42514 ], [ -4.33446, 40.42604 ], [ -4.33564, 40.42602 ], [ -4.33566, 40.42693 ], [ -4.33568, 40.42783 ], [ -4.33686, 40.42781 ], [ -4.33804, 40.4278 ], [ -4.33921, 40.42779 ], [ -4.33923, 40.42869 ], [ -4.34041, 40.42867 ], [ -4.34159, 40.42866 ], [ -4.34161, 40.42956 ], [ -4.34043, 40.42957 ], [ -4.33927, 40.43049 ], [ -4.33929, 40.43139 ], [ -4.3393, 40.43229 ], [ -4.32873, 40.43421 ] ], [ [ -4.2804, 40.49692 ], [ -4.28042, 40.49782 ], [ -4.2816, 40.49781 ], [ -4.28158, 40.4969 ], [ -4.2804, 40.49692 ] ] ] } },
{ "type": "Feature", "properties": { "ine_code": "28126", "name": "Robregordo" }, "geometry": { "type": "Polygon", "coordinates": [ [ [ -3.64327, 41.122 ], [ -3.6397, 41.12292 ], [ -3.63852, 41.12383 ], [ -3.63496, 41.12565 ], [ -3.63378, 41.12656 ], [ -3.63379, 41.12746 ], [ -3.63382, 41.13106 ], [ -3.63386, 41.13467 ], [ -3.63268, 41.13647 ], [ -3.63149, 41.13648 ], [ -3.62912, 41.13739 ], [ -3.62674, 41.13831 ], [ -3.62557, 41.14012 ], [ -3.62558, 41.14102 ], [ -3.62201, 41.14194 ], [ -3.61846, 41.14376 ], [ -3.61491, 41.14648 ], [ -3.61372, 41.14739 ], [ -3.61374, 41.14919 ], [ -3.61135, 41.1483 ], [ -3.6054, 41.14923 ], [ -3.60301, 41.14924 ], [ -3.59826, 41.15017 ], [ -3.59589, 41.15198 ], [ -3.5947, 41.15199 ], [ -3.59469, 41.15109 ], [ -3.59347, 41.14839 ], [ -3.59227, 41.1466 ], [ -3.59223, 41.14299 ], [ -3.59222, 41.14209 ], [ -3.59222, 41.14119 ], [ -3.59221, 41.14029 ], [ -3.5922, 41.13939 ], [ -3.59219, 41.13849 ], [ -3.59218, 41.13759 ], [ -3.59218, 41.13669 ], [ -3.59217, 41.13579 ], [ -3.59216, 41.13489 ], [ -3.59335, 41.13488 ], [ -3.59454, 41.13488 ], [ -3.59453, 41.13397 ], [ -3.59573, 41.13397 ], [ -3.59572, 41.13307 ], [ -3.59691, 41.13306 ], [ -3.5981, 41.13306 ], [ -3.59928, 41.13215 ], [ -3.59808, 41.13035 ], [ -3.59925, 41.12855 ], [ -3.59805, 41.12765 ], [ -3.59804, 41.12675 ], [ -3.59804, 41.12585 ], [ -3.59803, 41.12495 ], [ -3.59684, 41.12495 ], [ -3.59565, 41.12586 ], [ -3.59446, 41.12587 ], [ -3.59327, 41.12587 ], [ -3.59088, 41.12499 ], [ -3.58969, 41.12499 ], [ -3.58968, 41.12409 ], [ -3.59086, 41.12318 ], [ -3.59086, 41.12228 ], [ -3.59085, 41.12138 ], [ -3.59084, 41.12048 ], [ -3.58964, 41.11959 ], [ -3.58607, 41.11961 ], [ -3.5825, 41.12052 ], [ -3.57892, 41.11964 ], [ -3.57652, 41.11785 ], [ -3.57414, 41.11786 ], [ -3.57296, 41.11877 ], [ -3.57176, 41.11788 ], [ -3.57057, 41.11788 ], [ -3.56937, 41.11699 ], [ -3.56816, 41.11519 ], [ -3.56697, 41.1152 ], [ -3.56696, 41.1143 ], [ -3.56577, 41.1143 ], [ -3.56695, 41.1134 ], [ -3.56931, 41.11068 ], [ -3.57286, 41.10796 ], [ -3.5788, 41.10613 ], [ -3.58235, 41.10341 ], [ -3.58352, 41.1016 ], [ -3.58472, 41.1016 ], [ -3.58471, 41.1007 ], [ -3.5859, 41.10069 ], [ -3.58589, 41.09979 ], [ -3.58707, 41.09888 ], [ -3.58826, 41.09888 ], [ -3.58945, 41.09887 ], [ -3.59065, 41.09886 ], [ -3.59184, 41.09886 ], [ -3.59303, 41.09885 ], [ -3.59539, 41.09704 ], [ -3.59776, 41.09522 ], [ -3.59895, 41.09522 ], [ -3.60015, 41.09611 ], [ -3.60015, 41.09701 ], [ -3.60135, 41.09701 ], [ -3.60254, 41.097 ], [ -3.60254, 41.0979 ], [ -3.60255, 41.0988 ], [ -3.60374, 41.0988 ], [ -3.60375, 41.0997 ], [ -3.60494, 41.09969 ], [ -3.60495, 41.10059 ], [ -3.60614, 41.10058 ], [ -3.60733, 41.10058 ], [ -3.60734, 41.10148 ], [ -3.60853, 41.10147 ], [ -3.60854, 41.10237 ], [ -3.60973, 41.10237 ], [ -3.61092, 41.10236 ], [ -3.61212, 41.10326 ], [ -3.61213, 41.10416 ], [ -3.61332, 41.10415 ], [ -3.61333, 41.10505 ], [ -3.61452, 41.10504 ], [ -3.61453, 41.10594 ], [ -3.61454, 41.10685 ], [ -3.61573, 41.10684 ], [ -3.61574, 41.10774 ], [ -3.61574, 41.10864 ], [ -3.61575, 41.10954 ], [ -3.61695, 41.11044 ], [ -3.61934, 41.11132 ], [ -3.62175, 41.11401 ], [ -3.62294, 41.11401 ], [ -3.62415, 41.1158 ], [ -3.62654, 41.11669 ], [ -3.62774, 41.11758 ], [ -3.63013, 41.11847 ], [ -3.63134, 41.12027 ], [ -3.63254, 41.12116 ], [ -3.63373, 41.12115 ], [ -3.63492, 41.12115 ], [ -3.63611, 41.12114 ], [ -3.63848, 41.12023 ], [ -3.63968, 41.12022 ], [ -3.64087, 41.12021 ], [ -3.64206, 41.12021 ], [ -3.64445, 41.1211 ], [ -3.64327, 41.122 ] ] ] } },
{ "type": "Feature", "properties": { "ine_code": "28127", "name": "Las Rozas de Madrid" }, "geometry": { "type": "MultiPolygon", "coordinates": [ [ [ [ -3.94364, 40.54971 ], [ -3.94363, 40.54881 ], [ -3.94245, 40.54882 ], [ -3.94244, 40.54792 ], [ -3.94126, 40.54792 ], [ -3.94007, 40.54793 ], [ -3.94009, 40.54884 ], [ -3.93891, 40.54884 ], [ -3.93773, 40.54885 ], [ -3.93654, 40.54886 ], [ -3.93536, 40.54887 ], [ -3.93538, 40.54977 ], [ -3.9342, 40.54978 ], [ -3.93421, 40.55068 ], [ -3.93422, 40.55159 ], [ -3.93304, 40.55159 ], [ -3.93303, 40.55069 ], [ -3.93185, 40.5507 ], [ -3.93186, 40.5516 ], [ -3.93187, 40.55251 ], [ -3.93188, 40.55341 ], [ -3.9307, 40.55342 ], [ -3.93072, 40.55432 ], [ -3.93073, 40.55522 ], [ -3.93191, 40.55521 ], [ -3.93192, 40.55611 ], [ -3.93193, 40.55701 ], [ -3.93075, 40.55702 ], [ -3.93077, 40.55792 ], [ -3.93078, 40.55882 ], [ -3.9296, 40.55883 ], [ -3.92958, 40.55793 ], [ -3.9284, 40.55794 ], [ -3.92722, 40.55795 ], [ -3.92604, 40.55796 ], [ -3.92486, 40.55797 ], [ -3.92368, 40.55798 ], [ -3.9225, 40.55799 ], [ -3.92014, 40.558 ], [ -3.91895, 40.55801 ], [ -3.91662, 40.55983 ], [ -3.91427, 40.56075 ], [ -3.9131, 40.56166 ], [ -3.91193, 40.56257 ], [ -3.90958, 40.56349 ], [ -3.90841, 40.5644 ], [ -3.90486, 40.56353 ], [ -3.90369, 40.56444 ], [ -3.90134, 40.56536 ], [ -3.89899, 40.56628 ], [ -3.899, 40.56718 ], [ -3.89664, 40.5672 ], [ -3.89665, 40.5681 ], [ -3.89547, 40.56811 ], [ -3.89431, 40.56992 ], [ -3.89313, 40.56993 ], [ -3.89314, 40.57083 ], [ -3.89196, 40.57084 ], [ -3.89197, 40.57174 ], [ -3.89079, 40.57175 ], [ -3.8908, 40.57265 ], [ -3.88962, 40.57266 ], [ -3.88963, 40.57356 ], [ -3.88845, 40.57357 ], [ -3.88727, 40.57358 ], [ -3.88726, 40.57268 ], [ -3.88844, 40.57267 ], [ -3.88843, 40.57177 ], [ -3.88841, 40.57087 ], [ -3.8884, 40.56996 ], [ -3.88839, 40.56906 ], [ -3.88838, 40.56816 ], [ -3.8872, 40.56817 ], [ -3.88719, 40.56727 ], [ -3.88717, 40.56637 ], [ -3.88599, 40.56638 ], [ -3.88598, 40.56548 ], [ -3.8848, 40.56549 ], [ -3.88479, 40.56459 ], [ -3.88361, 40.5646 ], [ -3.88359, 40.5637 ], [ -3.88358, 40.56279 ], [ -3.88476, 40.56279 ], [ -3.88475, 40.56188 ], [ -3.88474, 40.56098 ], [ -3.88473, 40.56008 ], [ -3.88355, 40.56009 ], [ -3.88237, 40.5601 ], [ -3.88235, 40.5592 ], [ -3.88117, 40.55921 ], [ -3.87999, 40.55922 ], [ -3.87881, 40.55923 ], [ -3.87763, 40.55924 ], [ -3.87645, 40.55925 ], [ -3.87527, 40.55925 ], [ -3.87526, 40.55835 ], [ -3.87406, 40.55746 ], [ -3.87405, 40.55656 ], [ -3.87287, 40.55657 ], [ -3.87286, 40.55567 ], [ -3.87285, 40.55477 ], [ -3.87284, 40.55387 ], [ -3.87282, 40.55297 ], [ -3.87281, 40.55207 ], [ -3.87163, 40.55207 ], [ -3.87162, 40.55117 ], [ -3.87044, 40.55118 ], [ -3.87043, 40.55028 ], [ -3.87042, 40.54938 ], [ -3.86923, 40.54939 ], [ -3.86922, 40.54849 ], [ -3.86921, 40.54759 ], [ -3.8692, 40.54669 ], [ -3.86802, 40.5467 ], [ -3.86801, 40.5458 ], [ -3.86683, 40.5458 ], [ -3.86681, 40.5449 ], [ -3.8668, 40.544 ], [ -3.86562, 40.54401 ], [ -3.86561, 40.54311 ], [ -3.8656, 40.54221 ], [ -3.86441, 40.54132 ], [ -3.8644, 40.54042 ], [ -3.86438, 40.53952 ], [ -3.86437, 40.53862 ], [ -3.86436, 40.53772 ], [ -3.86317, 40.53682 ], [ -3.86316, 40.53592 ], [ -3.86315, 40.53502 ], [ -3.86313, 40.53412 ], [ -3.86195, 40.53413 ], [ -3.86194, 40.53323 ], [ -3.86076, 40.53324 ], [ -3.86075, 40.53234 ], [ -3.85957, 40.53235 ], [ -3.85956, 40.53144 ], [ -3.85955, 40.53054 ], [ -3.85837, 40.53055 ], [ -3.85835, 40.52965 ], [ -3.85834, 40.52875 ], [ -3.85833, 40.52785 ], [ -3.85715, 40.52786 ], [ -3.85714, 40.52696 ], [ -3.85596, 40.52697 ], [ -3.85477, 40.52608 ], [ -3.85475, 40.52517 ], [ -3.85356, 40.52428 ], [ -3.85355, 40.52338 ], [ -3.85473, 40.52337 ], [ -3.85472, 40.52247 ], [ -3.85471, 40.52157 ], [ -3.8547, 40.52067 ], [ -3.85352, 40.52068 ], [ -3.85351, 40.51978 ], [ -3.8523, 40.51799 ], [ -3.85112, 40.51799 ], [ -3.85111, 40.51709 ], [ -3.85229, 40.51708 ], [ -3.85227, 40.51528 ], [ -3.85344, 40.51437 ], [ -3.8534, 40.51167 ], [ -3.85339, 40.51077 ], [ -3.8522, 40.50988 ], [ -3.84983, 40.50899 ], [ -3.84865, 40.509 ], [ -3.8451, 40.50813 ], [ -3.84272, 40.50724 ], [ -3.84035, 40.50636 ], [ -3.83917, 40.50637 ], [ -3.8368, 40.50549 ], [ -3.83797, 40.50458 ], [ -3.83796, 40.50368 ], [ -3.83795, 40.50278 ], [ -3.83913, 40.50277 ], [ -3.83911, 40.50097 ], [ -3.83909, 40.50006 ], [ -3.83908, 40.49916 ], [ -3.83907, 40.49826 ], [ -3.83788, 40.49737 ], [ -3.8367, 40.49738 ], [ -3.83669, 40.49648 ], [ -3.8355, 40.49559 ], [ -3.83549, 40.49469 ], [ -3.83431, 40.49469 ], [ -3.8343, 40.49379 ], [ -3.83428, 40.49289 ], [ -3.83427, 40.49199 ], [ -3.83426, 40.49109 ], [ -3.83307, 40.4902 ], [ -3.83306, 40.4893 ], [ -3.83304, 40.4875 ], [ -3.83303, 40.48659 ], [ -3.83302, 40.48569 ], [ -3.8342, 40.48569 ], [ -3.83418, 40.48478 ], [ -3.83417, 40.48388 ], [ -3.83534, 40.48297 ], [ -3.83533, 40.48207 ], [ -3.83651, 40.48207 ], [ -3.8365, 40.48116 ], [ -3.83649, 40.48026 ], [ -3.83648, 40.47936 ], [ -3.83647, 40.47846 ], [ -3.83645, 40.47756 ], [ -3.83763, 40.47755 ], [ -3.83762, 40.47665 ], [ -3.83761, 40.47575 ], [ -3.83879, 40.47574 ], [ -3.84235, 40.47752 ], [ -3.84826, 40.47838 ], [ -3.85062, 40.47836 ], [ -3.85417, 40.47923 ], [ -3.85772, 40.48011 ], [ -3.86126, 40.48008 ], [ -3.86481, 40.48096 ], [ -3.866, 40.48185 ], [ -3.86718, 40.48184 ], [ -3.86837, 40.48273 ], [ -3.87191, 40.4827 ], [ -3.8731, 40.4836 ], [ -3.87546, 40.48358 ], [ -3.87782, 40.48356 ], [ -3.87784, 40.48446 ], [ -3.88019, 40.48444 ], [ -3.88021, 40.48534 ], [ -3.88139, 40.48534 ], [ -3.88257, 40.48533 ], [ -3.88375, 40.48532 ], [ -3.88493, 40.48531 ], [ -3.88612, 40.4862 ], [ -3.88849, 40.48708 ], [ -3.88967, 40.48707 ], [ -3.89204, 40.48796 ], [ -3.89323, 40.48885 ], [ -3.89442, 40.48974 ], [ -3.8956, 40.48973 ], [ -3.89562, 40.49063 ], [ -3.89681, 40.49152 ], [ -3.898, 40.49241 ], [ -3.89919, 40.49331 ], [ -3.90037, 40.4933 ], [ -3.90155, 40.49329 ], [ -3.90274, 40.49418 ], [ -3.90629, 40.49505 ], [ -3.90631, 40.49595 ], [ -3.9075, 40.49684 ], [ -3.90751, 40.49775 ], [ -3.90752, 40.49865 ], [ -3.9087, 40.49864 ], [ -3.90872, 40.49954 ], [ -3.90873, 40.50044 ], [ -3.90991, 40.50043 ], [ -3.90992, 40.50133 ], [ -3.9111, 40.50132 ], [ -3.91228, 40.50131 ], [ -3.91346, 40.5013 ], [ -3.91464, 40.50129 ], [ -3.91582, 40.50128 ], [ -3.917, 40.50127 ], [ -3.91818, 40.50126 ], [ -3.91936, 40.50126 ], [ -3.91935, 40.50035 ], [ -3.92053, 40.50035 ], [ -3.9217, 40.49943 ], [ -3.92288, 40.49943 ], [ -3.92406, 40.49942 ], [ -3.92524, 40.49941 ], [ -3.92525, 40.50031 ], [ -3.92643, 40.5003 ], [ -3.92642, 40.4994 ], [ -3.9264, 40.4985 ], [ -3.92758, 40.49849 ], [ -3.9276, 40.49939 ], [ -3.92878, 40.49938 ], [ -3.92996, 40.49937 ], [ -3.93114, 40.49936 ], [ -3.93232, 40.49935 ], [ -3.93233, 40.50025 ], [ -3.93351, 40.50024 ], [ -3.93352, 40.50114 ], [ -3.9347, 40.50113 ], [ -3.93471, 40.50203 ], [ -3.93473, 40.50293 ], [ -3.93474, 40.50383 ], [ -3.93475, 40.50474 ], [ -3.93476, 40.50564 ], [ -3.93478, 40.50654 ], [ -3.93479, 40.50744 ], [ -3.93597, 40.50743 ], [ -3.93598, 40.50833 ], [ -3.93599, 40.50923 ], [ -3.93717, 40.50922 ], [ -3.93716, 40.50832 ], [ -3.93834, 40.50831 ], [ -3.93952, 40.5083 ], [ -3.9407, 40.50829 ], [ -3.94071, 40.50919 ], [ -3.93953, 40.5092 ], [ -3.93955, 40.5101 ], [ -3.93837, 40.51011 ], [ -3.93838, 40.51101 ], [ -3.9372, 40.51102 ], [ -3.93721, 40.51192 ], [ -3.93839, 40.51191 ], [ -3.9384, 40.51281 ], [ -3.93958, 40.5128 ], [ -3.94076, 40.51279 ], [ -3.94196, 40.51369 ], [ -3.94197, 40.51459 ], [ -3.94198, 40.51549 ], [ -3.94199, 40.51639 ], [ -3.94083, 40.5173 ], [ -3.93965, 40.51731 ], [ -3.93966, 40.51821 ], [ -3.93967, 40.51911 ], [ -3.93968, 40.52001 ], [ -3.9397, 40.52091 ], [ -3.94088, 40.5209 ], [ -3.94089, 40.5218 ], [ -3.93972, 40.52271 ], [ -3.93973, 40.52361 ], [ -3.93975, 40.52451 ], [ -3.93858, 40.52542 ], [ -3.93859, 40.52633 ], [ -3.93977, 40.52632 ], [ -3.93979, 40.52722 ], [ -3.9398, 40.52812 ], [ -3.93981, 40.52902 ], [ -3.93982, 40.52992 ], [ -3.93984, 40.53082 ], [ -3.93985, 40.53172 ], [ -3.94103, 40.53171 ], [ -3.94104, 40.53261 ], [ -3.94222, 40.5326 ], [ -3.94223, 40.5335 ], [ -3.94342, 40.53349 ], [ -3.94343, 40.53439 ], [ -3.94461, 40.53438 ], [ -3.94462, 40.53529 ], [ -3.9458, 40.53528 ], [ -3.94699, 40.53617 ], [ -3.94701, 40.53707 ], [ -3.94702, 40.53797 ], [ -3.9482, 40.53796 ], [ -3.94821, 40.53886 ], [ -3.94939, 40.53885 ], [ -3.94941, 40.53975 ], [ -3.94942, 40.54065 ], [ -3.94825, 40.54156 ], [ -3.94826, 40.54246 ], [ -3.94828, 40.54336 ], [ -3.9471, 40.54337 ], [ -3.94711, 40.54427 ], [ -3.94712, 40.54517 ], [ -3.94594, 40.54518 ], [ -3.94595, 40.54608 ], [ -3.94597, 40.54699 ], [ -3.94598, 40.54789 ], [ -3.94599, 40.54879 ], [ -3.946, 40.54969 ], [ -3.94602, 40.55059 ], [ -3.94485, 40.5515 ], [ -3.94366, 40.55061 ], [ -3.94364, 40.54971 ] ] ], [ [ [ -3.93079, 40.55972 ], [ -3.93078, 40.55882 ], [ -3.93196, 40.55881 ], [ -3.93197, 40.55971 ], [ -3.93079, 40.55972 ] ] ], [ [ [ -3.88609, 40.57359 ], [ -3.88727, 40.57358 ], [ -3.88728, 40.57448 ], [ -3.8861, 40.57449 ], [ -3.88609, 40.57359 ] ] ] ] } },
{ "type": "Feature", "properties": { "ine_code": "28128", "name": "Rozas de Puerto Real" }, "geometry": { "type": "Polygon", "coordinates": [ [ [ -4.55597, 40.26742 ], [ -4.55485, 40.27014 ], [ -4.55376, 40.27375 ], [ -4.55378, 40.27465 ], [ -4.55382, 40.27646 ], [ -4.555, 40.27644 ], [ -4.55038, 40.28011 ], [ -4.54685, 40.28015 ], [ -4.54687, 40.28105 ], [ -4.54689, 40.28195 ], [ -4.54571, 40.28197 ], [ -4.54573, 40.28287 ], [ -4.54575, 40.28377 ], [ -4.54458, 40.28379 ], [ -4.5446, 40.28469 ], [ -4.54462, 40.28559 ], [ -4.54344, 40.2856 ], [ -4.54227, 40.28562 ], [ -4.54229, 40.28652 ], [ -4.54111, 40.28654 ], [ -4.54113, 40.28744 ], [ -4.53996, 40.28745 ], [ -4.53878, 40.28747 ], [ -4.5376, 40.28748 ], [ -4.53643, 40.2875 ], [ -4.53525, 40.28751 ], [ -4.53527, 40.28842 ], [ -4.5341, 40.28843 ], [ -4.53412, 40.28933 ], [ -4.53294, 40.28935 ], [ -4.53296, 40.29025 ], [ -4.53179, 40.29026 ], [ -4.52949, 40.293 ], [ -4.52951, 40.2939 ], [ -4.53195, 40.29747 ], [ -4.53201, 40.30017 ], [ -4.53566, 40.30553 ], [ -4.5357, 40.30733 ], [ -4.5369, 40.30821 ], [ -4.53694, 40.31001 ], [ -4.53706, 40.31542 ], [ -4.53954, 40.32079 ], [ -4.5396, 40.32349 ], [ -4.53964, 40.32529 ], [ -4.5397, 40.32799 ], [ -4.54327, 40.32975 ], [ -4.54445, 40.32973 ], [ -4.54329, 40.33065 ], [ -4.54333, 40.33245 ], [ -4.54455, 40.33424 ], [ -4.54701, 40.33871 ], [ -4.54823, 40.34049 ], [ -4.54589, 40.34143 ], [ -4.53881, 40.34062 ], [ -4.5353, 40.34157 ], [ -4.53181, 40.34341 ], [ -4.52948, 40.34435 ], [ -4.52714, 40.34528 ], [ -4.52702, 40.33987 ], [ -4.52698, 40.33807 ], [ -4.5258, 40.33809 ], [ -4.52463, 40.3381 ], [ -4.52461, 40.3372 ], [ -4.52343, 40.33722 ], [ -4.52225, 40.33723 ], [ -4.52223, 40.33633 ], [ -4.52103, 40.33545 ], [ -4.52101, 40.33455 ], [ -4.51984, 40.33456 ], [ -4.51982, 40.33366 ], [ -4.5198, 40.33276 ], [ -4.51978, 40.33186 ], [ -4.5186, 40.33188 ], [ -4.51858, 40.33098 ], [ -4.51856, 40.33008 ], [ -4.51738, 40.33009 ], [ -4.51736, 40.32919 ], [ -4.51619, 40.32921 ], [ -4.51617, 40.32831 ], [ -4.51615, 40.32741 ], [ -4.51495, 40.32652 ], [ -4.51371, 40.32383 ], [ -4.51247, 40.32115 ], [ -4.51006, 40.31848 ], [ -4.50769, 40.31761 ], [ -4.50649, 40.31672 ], [ -4.50529, 40.31584 ], [ -4.50527, 40.31493 ], [ -4.5041, 40.31495 ], [ -4.50292, 40.31497 ], [ -4.50175, 40.31498 ], [ -4.50057, 40.315 ], [ -4.50059, 40.3159 ], [ -4.49941, 40.31591 ], [ -4.49824, 40.31593 ], [ -4.49706, 40.31594 ], [ -4.49708, 40.31684 ], [ -4.4971, 40.31774 ], [ -4.49592, 40.31776 ], [ -4.49475, 40.31777 ], [ -4.49477, 40.31867 ], [ -4.49359, 40.31869 ], [ -4.49241, 40.31871 ], [ -4.49243, 40.31961 ], [ -4.49126, 40.31962 ], [ -4.49128, 40.32052 ], [ -4.4901, 40.32054 ], [ -4.48775, 40.32057 ], [ -4.48541, 40.3215 ], [ -4.48304, 40.32063 ], [ -4.47243, 40.31986 ], [ -4.47241, 40.31896 ], [ -4.47121, 40.31808 ], [ -4.47002, 40.31719 ], [ -4.46884, 40.31721 ], [ -4.46886, 40.31811 ], [ -4.46768, 40.31812 ], [ -4.46766, 40.31722 ], [ -4.46649, 40.31723 ], [ -4.46647, 40.31633 ], [ -4.46645, 40.31543 ], [ -4.46763, 40.31542 ], [ -4.4688, 40.3154 ], [ -4.46878, 40.3145 ], [ -4.46876, 40.3136 ], [ -4.46757, 40.31272 ], [ -4.46755, 40.31182 ], [ -4.46753, 40.31092 ], [ -4.46751, 40.31001 ], [ -4.46633, 40.31003 ], [ -4.46631, 40.30913 ], [ -4.46629, 40.30823 ], [ -4.46747, 40.30821 ], [ -4.46865, 40.3082 ], [ -4.46863, 40.3073 ], [ -4.4698, 40.30728 ], [ -4.47098, 40.30727 ], [ -4.47096, 40.30637 ], [ -4.47214, 40.30635 ], [ -4.47329, 40.30544 ], [ -4.47327, 40.30454 ], [ -4.47445, 40.30452 ], [ -4.47563, 40.30451 ], [ -4.47561, 40.30361 ], [ -4.47559, 40.30271 ], [ -4.47557, 40.3018 ], [ -4.47439, 40.30182 ], [ -4.47437, 40.30092 ], [ -4.47555, 40.3009 ], [ -4.47553, 40.3 ], [ -4.4767, 40.29999 ], [ -4.47668, 40.29909 ], [ -4.47786, 40.29907 ], [ -4.47904, 40.29906 ], [ -4.48021, 40.29904 ], [ -4.48019, 40.29814 ], [ -4.48137, 40.29813 ], [ -4.48135, 40.29723 ], [ -4.48253, 40.29721 ], [ -4.48251, 40.29631 ], [ -4.48368, 40.2963 ], [ -4.48486, 40.29628 ], [ -4.48484, 40.29538 ], [ -4.48602, 40.29536 ], [ -4.486, 40.29446 ], [ -4.48715, 40.29355 ], [ -4.48713, 40.29265 ], [ -4.48831, 40.29263 ], [ -4.48949, 40.29262 ], [ -4.48947, 40.29172 ], [ -4.49064, 40.2917 ], [ -4.49062, 40.2908 ], [ -4.4918, 40.29079 ], [ -4.49295, 40.28987 ], [ -4.49411, 40.28895 ], [ -4.49529, 40.28894 ], [ -4.49646, 40.28892 ], [ -4.49644, 40.28802 ], [ -4.49762, 40.28801 ], [ -4.49879, 40.28799 ], [ -4.49877, 40.28709 ], [ -4.49995, 40.28708 ], [ -4.49993, 40.28618 ], [ -4.50111, 40.28616 ], [ -4.50109, 40.28526 ], [ -4.50226, 40.28524 ], [ -4.50342, 40.28433 ], [ -4.5046, 40.28431 ], [ -4.50458, 40.28341 ], [ -4.50575, 40.2834 ], [ -4.50573, 40.2825 ], [ -4.50456, 40.28251 ], [ -4.50338, 40.28253 ], [ -4.50336, 40.28163 ], [ -4.50218, 40.28164 ], [ -4.50101, 40.28166 ], [ -4.49983, 40.28167 ], [ -4.49981, 40.28077 ], [ -4.49864, 40.28079 ], [ -4.49746, 40.2808 ], [ -4.49628, 40.28082 ], [ -4.49626, 40.27992 ], [ -4.49509, 40.27993 ], [ -4.49507, 40.27903 ], [ -4.49387, 40.27815 ], [ -4.49622, 40.27812 ], [ -4.49979, 40.27987 ], [ -4.50332, 40.27983 ], [ -4.50452, 40.28071 ], [ -4.50683, 40.27888 ], [ -4.51031, 40.27703 ], [ -4.51149, 40.27702 ], [ -4.51263, 40.2752 ], [ -4.51376, 40.27338 ], [ -4.51723, 40.27064 ], [ -4.54423, 40.26848 ], [ -4.55595, 40.26652 ], [ -4.55597, 40.26742 ] ] ] } },
{ "type": "Feature", "properties": { "ine_code": "28129", "name": "San Agustín del Guadalix" }, "geometry": { "type": "Polygon", "coordinates": [ [ [ -3.67612, 40.72365 ], [ -3.67494, 40.72366 ], [ -3.67376, 40.72456 ], [ -3.67258, 40.72457 ], [ -3.6714, 40.72458 ], [ -3.67022, 40.72548 ], [ -3.66904, 40.72549 ], [ -3.66785, 40.7255 ], [ -3.66667, 40.72551 ], [ -3.66548, 40.72551 ], [ -3.6643, 40.72552 ], [ -3.66431, 40.72642 ], [ -3.66313, 40.72643 ], [ -3.66194, 40.72643 ], [ -3.66076, 40.72644 ], [ -3.65956, 40.72555 ], [ -3.65838, 40.72555 ], [ -3.6572, 40.72556 ], [ -3.65601, 40.72557 ], [ -3.65482, 40.72467 ], [ -3.65364, 40.72468 ], [ -3.65245, 40.72469 ], [ -3.65244, 40.72379 ], [ -3.65126, 40.72379 ], [ -3.65007, 40.7238 ], [ -3.64889, 40.72381 ], [ -3.6477, 40.72291 ], [ -3.64651, 40.72292 ], [ -3.64533, 40.72292 ], [ -3.64532, 40.72202 ], [ -3.64414, 40.72203 ], [ -3.64295, 40.72204 ], [ -3.64177, 40.72204 ], [ -3.64058, 40.72205 ], [ -3.6394, 40.72206 ], [ -3.63939, 40.72116 ], [ -3.63821, 40.72116 ], [ -3.63702, 40.72117 ], [ -3.63584, 40.72118 ], [ -3.63466, 40.72118 ], [ -3.63465, 40.72028 ], [ -3.63346, 40.72029 ], [ -3.63228, 40.72029 ], [ -3.6311, 40.7203 ], [ -3.63109, 40.7194 ], [ -3.6299, 40.71941 ], [ -3.62872, 40.71941 ], [ -3.62753, 40.71852 ], [ -3.62634, 40.71852 ], [ -3.62516, 40.71853 ], [ -3.62397, 40.71854 ], [ -3.62279, 40.71854 ], [ -3.62278, 40.71764 ], [ -3.6216, 40.71765 ], [ -3.62161, 40.71855 ], [ -3.62042, 40.71856 ], [ -3.61924, 40.71856 ], [ -3.61923, 40.71766 ], [ -3.61922, 40.71676 ], [ -3.61804, 40.71677 ], [ -3.61803, 40.71587 ], [ -3.61685, 40.71587 ], [ -3.61802, 40.71497 ], [ -3.61801, 40.71407 ], [ -3.61801, 40.71316 ], [ -3.618, 40.71226 ], [ -3.61799, 40.71136 ], [ -3.61916, 40.71046 ], [ -3.61916, 40.70955 ], [ -3.61915, 40.70865 ], [ -3.61914, 40.70775 ], [ -3.61796, 40.70776 ], [ -3.61677, 40.70777 ], [ -3.61559, 40.70777 ], [ -3.61441, 40.70868 ], [ -3.61324, 40.70959 ], [ -3.61324, 40.71049 ], [ -3.61206, 40.71049 ], [ -3.61207, 40.71139 ], [ -3.61089, 40.7114 ], [ -3.61089, 40.7123 ], [ -3.60971, 40.71231 ], [ -3.60972, 40.71321 ], [ -3.60853, 40.71321 ], [ -3.60854, 40.71412 ], [ -3.60736, 40.71412 ], [ -3.60617, 40.71413 ], [ -3.60499, 40.71413 ], [ -3.60497, 40.71233 ], [ -3.60379, 40.71234 ], [ -3.60378, 40.71144 ], [ -3.60377, 40.71054 ], [ -3.60377, 40.70964 ], [ -3.60376, 40.70874 ], [ -3.60257, 40.70874 ], [ -3.60257, 40.70784 ], [ -3.60256, 40.70694 ], [ -3.60137, 40.70605 ], [ -3.60136, 40.70514 ], [ -3.60135, 40.70424 ], [ -3.60134, 40.70334 ], [ -3.60253, 40.70334 ], [ -3.60252, 40.70244 ], [ -3.60251, 40.70153 ], [ -3.6025, 40.70063 ], [ -3.60128, 40.69614 ], [ -3.60125, 40.69343 ], [ -3.60123, 40.69073 ], [ -3.6024, 40.68982 ], [ -3.60238, 40.68712 ], [ -3.60355, 40.68621 ], [ -3.60471, 40.68351 ], [ -3.6047, 40.6817 ], [ -3.60468, 40.6799 ], [ -3.60347, 40.67721 ], [ -3.60226, 40.67361 ], [ -3.60107, 40.67271 ], [ -3.60106, 40.67181 ], [ -3.60224, 40.67181 ], [ -3.60223, 40.67091 ], [ -3.60223, 40.67001 ], [ -3.60104, 40.67001 ], [ -3.60103, 40.66911 ], [ -3.60103, 40.66821 ], [ -3.60102, 40.66731 ], [ -3.59983, 40.66642 ], [ -3.59982, 40.66551 ], [ -3.59981, 40.66461 ], [ -3.59863, 40.66462 ], [ -3.59862, 40.66372 ], [ -3.59861, 40.66282 ], [ -3.5986, 40.66192 ], [ -3.5986, 40.66102 ], [ -3.59741, 40.66102 ], [ -3.5974, 40.66012 ], [ -3.5974, 40.65922 ], [ -3.59739, 40.65832 ], [ -3.5962, 40.65743 ], [ -3.59501, 40.65743 ], [ -3.59501, 40.65653 ], [ -3.59382, 40.65564 ], [ -3.59381, 40.65473 ], [ -3.5938, 40.65383 ], [ -3.59262, 40.65384 ], [ -3.59261, 40.65294 ], [ -3.5926, 40.65204 ], [ -3.59259, 40.65114 ], [ -3.59259, 40.65024 ], [ -3.59139, 40.64934 ], [ -3.59494, 40.64932 ], [ -3.59613, 40.64932 ], [ -3.59731, 40.64931 ], [ -3.59612, 40.64842 ], [ -3.59967, 40.6493 ], [ -3.59968, 40.6502 ], [ -3.60086, 40.65019 ], [ -3.60205, 40.65019 ], [ -3.60206, 40.65109 ], [ -3.60324, 40.65108 ], [ -3.60442, 40.65108 ], [ -3.60441, 40.65018 ], [ -3.60679, 40.65106 ], [ -3.60797, 40.65106 ], [ -3.60915, 40.65105 ], [ -3.60914, 40.65015 ], [ -3.61033, 40.65014 ], [ -3.61151, 40.65014 ], [ -3.61269, 40.65013 ], [ -3.61268, 40.64923 ], [ -3.61387, 40.64922 ], [ -3.61504, 40.64832 ], [ -3.61622, 40.64831 ], [ -3.61622, 40.64741 ], [ -3.6174, 40.6474 ], [ -3.61739, 40.6465 ], [ -3.61857, 40.6465 ], [ -3.61976, 40.64649 ], [ -3.61975, 40.64559 ], [ -3.62093, 40.64558 ], [ -3.62211, 40.64558 ], [ -3.6221, 40.64468 ], [ -3.62329, 40.64467 ], [ -3.62447, 40.64466 ], [ -3.62446, 40.64376 ], [ -3.62563, 40.64195 ], [ -3.6268, 40.64105 ], [ -3.62797, 40.64014 ], [ -3.62916, 40.64013 ], [ -3.63034, 40.64013 ], [ -3.63033, 40.63923 ], [ -3.63151, 40.63922 ], [ -3.6327, 40.63921 ], [ -3.63388, 40.63921 ], [ -3.63506, 40.6392 ], [ -3.63624, 40.63919 ], [ -3.63743, 40.63919 ], [ -3.63861, 40.63918 ], [ -3.63979, 40.63917 ], [ -3.6398, 40.64008 ], [ -3.64098, 40.64007 ], [ -3.64217, 40.64006 ], [ -3.64217, 40.64096 ], [ -3.64336, 40.64096 ], [ -3.64454, 40.64095 ], [ -3.64455, 40.64185 ], [ -3.64573, 40.64184 ], [ -3.64692, 40.64274 ], [ -3.6481, 40.64273 ], [ -3.64811, 40.64363 ], [ -3.6493, 40.64363 ], [ -3.6493, 40.64453 ], [ -3.6505, 40.64542 ], [ -3.65169, 40.64631 ], [ -3.6517, 40.64722 ], [ -3.6517, 40.64812 ], [ -3.65053, 40.64902 ], [ -3.65054, 40.64992 ], [ -3.64937, 40.65083 ], [ -3.64937, 40.65173 ], [ -3.64819, 40.65174 ], [ -3.6482, 40.65264 ], [ -3.64821, 40.65354 ], [ -3.64703, 40.65445 ], [ -3.64704, 40.65535 ], [ -3.64586, 40.65536 ], [ -3.64587, 40.65626 ], [ -3.64469, 40.65626 ], [ -3.6447, 40.65716 ], [ -3.64352, 40.65807 ], [ -3.64353, 40.65897 ], [ -3.64235, 40.65898 ], [ -3.64236, 40.65988 ], [ -3.64236, 40.66078 ], [ -3.64237, 40.66168 ], [ -3.64238, 40.66258 ], [ -3.64239, 40.66348 ], [ -3.6424, 40.66438 ], [ -3.64122, 40.66439 ], [ -3.64122, 40.66529 ], [ -3.64123, 40.66619 ], [ -3.64005, 40.6662 ], [ -3.64006, 40.6671 ], [ -3.64007, 40.668 ], [ -3.64008, 40.6689 ], [ -3.64008, 40.6698 ], [ -3.64009, 40.6707 ], [ -3.64128, 40.6707 ], [ -3.64246, 40.67069 ], [ -3.64247, 40.67159 ], [ -3.64365, 40.67158 ], [ -3.64366, 40.67249 ], [ -3.64484, 40.67248 ], [ -3.64485, 40.67338 ], [ -3.64603, 40.67337 ], [ -3.64722, 40.67337 ], [ -3.6484, 40.67336 ], [ -3.64841, 40.67426 ], [ -3.64959, 40.67425 ], [ -3.6496, 40.67515 ], [ -3.64961, 40.67606 ], [ -3.65079, 40.67605 ], [ -3.6508, 40.67695 ], [ -3.65081, 40.67785 ], [ -3.65083, 40.67965 ], [ -3.64966, 40.68146 ], [ -3.64849, 40.68237 ], [ -3.64731, 40.68328 ], [ -3.64614, 40.68418 ], [ -3.64496, 40.68509 ], [ -3.64261, 40.686 ], [ -3.64261, 40.6869 ], [ -3.64144, 40.68781 ], [ -3.64263, 40.68871 ], [ -3.64145, 40.68871 ], [ -3.64265, 40.69051 ], [ -3.64386, 40.6932 ], [ -3.64388, 40.69501 ], [ -3.64506, 40.695 ], [ -3.64623, 40.69409 ], [ -3.65098, 40.69497 ], [ -3.65452, 40.69404 ], [ -3.6569, 40.69493 ], [ -3.65808, 40.69493 ], [ -3.65809, 40.69583 ], [ -3.65927, 40.69582 ], [ -3.65928, 40.69672 ], [ -3.66046, 40.69671 ], [ -3.66047, 40.69761 ], [ -3.66166, 40.69761 ], [ -3.66166, 40.69851 ], [ -3.66286, 40.6994 ], [ -3.66287, 40.7003 ], [ -3.66405, 40.7003 ], [ -3.66406, 40.7012 ], [ -3.66524, 40.70119 ], [ -3.66643, 40.70118 ], [ -3.66761, 40.70118 ], [ -3.66879, 40.70117 ], [ -3.66998, 40.70116 ], [ -3.67117, 40.70206 ], [ -3.67235, 40.70205 ], [ -3.67354, 40.70204 ], [ -3.67472, 40.70204 ], [ -3.67591, 40.70293 ], [ -3.6771, 40.70292 ], [ -3.67711, 40.70382 ], [ -3.67712, 40.70472 ], [ -3.6783, 40.70472 ], [ -3.67831, 40.70562 ], [ -3.67949, 40.70561 ], [ -3.6795, 40.70651 ], [ -3.67951, 40.70741 ], [ -3.68069, 40.70741 ], [ -3.6807, 40.70831 ], [ -3.68071, 40.70921 ], [ -3.67953, 40.70922 ], [ -3.67954, 40.71012 ], [ -3.67955, 40.71102 ], [ -3.67836, 40.71102 ], [ -3.67837, 40.71192 ], [ -3.67838, 40.71283 ], [ -3.67839, 40.71373 ], [ -3.67721, 40.71373 ], [ -3.67722, 40.71463 ], [ -3.67603, 40.71464 ], [ -3.67604, 40.71554 ], [ -3.67605, 40.71644 ], [ -3.67487, 40.71645 ], [ -3.67488, 40.71735 ], [ -3.67369, 40.71736 ], [ -3.6737, 40.71826 ], [ -3.67371, 40.71916 ], [ -3.67489, 40.71915 ], [ -3.6749, 40.72005 ], [ -3.67609, 40.72005 ], [ -3.67727, 40.72004 ], [ -3.67728, 40.72094 ], [ -3.67729, 40.72184 ], [ -3.6773, 40.72274 ], [ -3.67731, 40.72364 ], [ -3.67612, 40.72365 ] ] ] } },
{ "type": "Feature", "properties": { "ine_code": "28130", "name": "San Fernando de Henares" }, "geometry": { "type": "Polygon", "coordinates": [ [ [ -3.53399, 40.4208 ], [ -3.53399, 40.4217 ], [ -3.53518, 40.42259 ], [ -3.53637, 40.42349 ], [ -3.53756, 40.42528 ], [ -3.53759, 40.42889 ], [ -3.53759, 40.42979 ], [ -3.53406, 40.4298 ], [ -3.5317, 40.42982 ], [ -3.5329, 40.43251 ], [ -3.52701, 40.43344 ], [ -3.52702, 40.43434 ], [ -3.52703, 40.43524 ], [ -3.52821, 40.43524 ], [ -3.52821, 40.43614 ], [ -3.52822, 40.43704 ], [ -3.52823, 40.43794 ], [ -3.52941, 40.43883 ], [ -3.5306, 40.43973 ], [ -3.53061, 40.44063 ], [ -3.53062, 40.44243 ], [ -3.53063, 40.44333 ], [ -3.53181, 40.44333 ], [ -3.53181, 40.44423 ], [ -3.53182, 40.44513 ], [ -3.53183, 40.44603 ], [ -3.53065, 40.44604 ], [ -3.53066, 40.44694 ], [ -3.53183, 40.44693 ], [ -3.53184, 40.44783 ], [ -3.53185, 40.44873 ], [ -3.53303, 40.44873 ], [ -3.53304, 40.44963 ], [ -3.53304, 40.45053 ], [ -3.53423, 40.45143 ], [ -3.53424, 40.45233 ], [ -3.53424, 40.45323 ], [ -3.53306, 40.45323 ], [ -3.53307, 40.45413 ], [ -3.53189, 40.45414 ], [ -3.5319, 40.45504 ], [ -3.53072, 40.45505 ], [ -3.53071, 40.45414 ], [ -3.52953, 40.45415 ], [ -3.52835, 40.45416 ], [ -3.52717, 40.45416 ], [ -3.52718, 40.45506 ], [ -3.526, 40.45507 ], [ -3.52601, 40.45597 ], [ -3.52719, 40.45596 ], [ -3.5272, 40.45686 ], [ -3.5272, 40.45776 ], [ -3.52838, 40.45776 ], [ -3.52957, 40.45865 ], [ -3.52958, 40.45955 ], [ -3.52958, 40.46046 ], [ -3.52959, 40.46136 ], [ -3.5296, 40.46226 ], [ -3.52842, 40.46316 ], [ -3.52843, 40.46406 ], [ -3.52726, 40.46497 ], [ -3.52727, 40.46587 ], [ -3.52609, 40.46588 ], [ -3.52609, 40.46678 ], [ -3.52491, 40.46678 ], [ -3.52492, 40.46768 ], [ -3.52493, 40.46859 ], [ -3.52493, 40.46949 ], [ -3.52611, 40.46948 ], [ -3.52612, 40.47038 ], [ -3.5273, 40.47038 ], [ -3.52848, 40.47037 ], [ -3.52967, 40.47127 ], [ -3.52849, 40.47217 ], [ -3.5155, 40.46953 ], [ -3.51313, 40.46864 ], [ -3.51077, 40.46865 ], [ -3.50724, 40.46956 ], [ -3.499, 40.4714 ], [ -3.49665, 40.47321 ], [ -3.49546, 40.47142 ], [ -3.4978, 40.46961 ], [ -3.49661, 40.46781 ], [ -3.49542, 40.46601 ], [ -3.49423, 40.46422 ], [ -3.49422, 40.46332 ], [ -3.49183, 40.45972 ], [ -3.49064, 40.45702 ], [ -3.48944, 40.45433 ], [ -3.48941, 40.45072 ], [ -3.48822, 40.44893 ], [ -3.48819, 40.44532 ], [ -3.49052, 40.44171 ], [ -3.48813, 40.43721 ], [ -3.48576, 40.43452 ], [ -3.48456, 40.43273 ], [ -3.48219, 40.43093 ], [ -3.48101, 40.43094 ], [ -3.48102, 40.43184 ], [ -3.47984, 40.43184 ], [ -3.47866, 40.43185 ], [ -3.47867, 40.43275 ], [ -3.47749, 40.43275 ], [ -3.47631, 40.43276 ], [ -3.47513, 40.43276 ], [ -3.47396, 40.43367 ], [ -3.47397, 40.43457 ], [ -3.47161, 40.43458 ], [ -3.46808, 40.4355 ], [ -3.46689, 40.4346 ], [ -3.4669, 40.4355 ], [ -3.4669, 40.4364 ], [ -3.46691, 40.4373 ], [ -3.46573, 40.43731 ], [ -3.46455, 40.43731 ], [ -3.46337, 40.43732 ], [ -3.46219, 40.43732 ], [ -3.4622, 40.43822 ], [ -3.46102, 40.43823 ], [ -3.45984, 40.43823 ], [ -3.45985, 40.43913 ], [ -3.45867, 40.43914 ], [ -3.45749, 40.43914 ], [ -3.4575, 40.44004 ], [ -3.45632, 40.44005 ], [ -3.45514, 40.44005 ], [ -3.45397, 40.44096 ], [ -3.45279, 40.44096 ], [ -3.45161, 40.44187 ], [ -3.45043, 40.44187 ], [ -3.45044, 40.44277 ], [ -3.45045, 40.44367 ], [ -3.44927, 40.44368 ], [ -3.44927, 40.44458 ], [ -3.44809, 40.44458 ], [ -3.4481, 40.44548 ], [ -3.44811, 40.44639 ], [ -3.44693, 40.44639 ], [ -3.44575, 40.44639 ], [ -3.44575, 40.4473 ], [ -3.44457, 40.4473 ], [ -3.4434, 40.44821 ], [ -3.44222, 40.44821 ], [ -3.44105, 40.44912 ], [ -3.43987, 40.44912 ], [ -3.43987, 40.45002 ], [ -3.43752, 40.45093 ], [ -3.43753, 40.45183 ], [ -3.43635, 40.45184 ], [ -3.43517, 40.45184 ], [ -3.43518, 40.45274 ], [ -3.43518, 40.45364 ], [ -3.43401, 40.45455 ], [ -3.43283, 40.45455 ], [ -3.43165, 40.45456 ], [ -3.43047, 40.45456 ], [ -3.43046, 40.45366 ], [ -3.42928, 40.45366 ], [ -3.42692, 40.45277 ], [ -3.42691, 40.45187 ], [ -3.42574, 40.45188 ], [ -3.42456, 40.45188 ], [ -3.42456, 40.45278 ], [ -3.42338, 40.45279 ], [ -3.4222, 40.45279 ], [ -3.4222, 40.45189 ], [ -3.42102, 40.45189 ], [ -3.41984, 40.4519 ], [ -3.41865, 40.4501 ], [ -3.41863, 40.4465 ], [ -3.4198, 40.44559 ], [ -3.42098, 40.44649 ], [ -3.42331, 40.44197 ], [ -3.42094, 40.44018 ], [ -3.41739, 40.43749 ], [ -3.41385, 40.4366 ], [ -3.41266, 40.43571 ], [ -3.41384, 40.4357 ], [ -3.41383, 40.433 ], [ -3.41499, 40.43119 ], [ -3.41262, 40.4285 ], [ -3.41025, 40.42671 ], [ -3.41142, 40.4258 ], [ -3.4126, 40.4249 ], [ -3.41496, 40.42489 ], [ -3.42084, 40.42397 ], [ -3.42203, 40.42486 ], [ -3.42556, 40.42485 ], [ -3.42674, 40.42484 ], [ -3.43029, 40.42663 ], [ -3.43385, 40.43022 ], [ -3.43622, 40.43202 ], [ -3.43858, 40.43201 ], [ -3.43619, 40.42751 ], [ -3.43499, 40.42391 ], [ -3.43261, 40.42122 ], [ -3.4326, 40.41942 ], [ -3.4314, 40.41582 ], [ -3.43492, 40.4131 ], [ -3.43963, 40.41218 ], [ -3.44203, 40.41848 ], [ -3.44912, 40.42116 ], [ -3.45266, 40.42204 ], [ -3.45265, 40.42024 ], [ -3.45736, 40.41932 ], [ -3.46207, 40.4193 ], [ -3.46678, 40.41838 ], [ -3.46914, 40.41837 ], [ -3.47266, 40.41656 ], [ -3.47502, 40.41655 ], [ -3.47855, 40.41563 ], [ -3.48208, 40.41472 ], [ -3.48325, 40.41381 ], [ -3.48442, 40.41291 ], [ -3.4856, 40.4129 ], [ -3.48678, 40.4129 ], [ -3.48678, 40.4138 ], [ -3.48796, 40.41379 ], [ -3.48914, 40.41379 ], [ -3.49031, 40.41288 ], [ -3.49149, 40.41288 ], [ -3.49149, 40.41198 ], [ -3.49266, 40.41197 ], [ -3.49384, 40.41197 ], [ -3.49502, 40.41196 ], [ -3.49619, 40.41105 ], [ -3.49619, 40.41015 ], [ -3.49618, 40.40925 ], [ -3.49736, 40.40925 ], [ -3.49854, 40.40924 ], [ -3.49972, 40.40924 ], [ -3.50089, 40.40923 ], [ -3.50207, 40.40923 ], [ -3.50325, 40.40832 ], [ -3.50324, 40.40742 ], [ -3.50442, 40.40741 ], [ -3.5056, 40.40741 ], [ -3.50559, 40.40651 ], [ -3.50677, 40.4065 ], [ -3.50795, 40.4065 ], [ -3.50912, 40.40649 ], [ -3.5103, 40.40649 ], [ -3.51031, 40.40739 ], [ -3.51149, 40.40738 ], [ -3.51149, 40.40828 ], [ -3.5115, 40.40919 ], [ -3.51151, 40.41009 ], [ -3.51152, 40.41099 ], [ -3.51269, 40.41098 ], [ -3.51269, 40.41008 ], [ -3.51387, 40.41008 ], [ -3.51504, 40.41007 ], [ -3.51622, 40.40916 ], [ -3.51976, 40.41005 ], [ -3.51977, 40.41095 ], [ -3.52094, 40.41095 ], [ -3.52095, 40.41185 ], [ -3.52096, 40.41275 ], [ -3.52214, 40.41274 ], [ -3.52214, 40.41364 ], [ -3.52215, 40.41454 ], [ -3.52333, 40.41454 ], [ -3.52451, 40.41543 ], [ -3.52452, 40.41633 ], [ -3.5257, 40.41633 ], [ -3.52571, 40.41723 ], [ -3.52689, 40.41722 ], [ -3.52806, 40.41722 ], [ -3.52807, 40.41812 ], [ -3.52925, 40.41811 ], [ -3.52926, 40.41902 ], [ -3.53044, 40.41901 ], [ -3.53044, 40.41991 ], [ -3.53162, 40.41991 ], [ -3.53399, 40.4208 ] ] ] } },
{ "type": "Feature", "properties": { "ine_code": "28131", "name": "San Lorenzo de El Escorial" }, "geometry": { "type": "Polygon", "coordinates": [ [ [ -4.16621, 40.64857 ], [ -4.16503, 40.64858 ], [ -4.16149, 40.64952 ], [ -4.16031, 40.64953 ], [ -4.15323, 40.6505 ], [ -4.15206, 40.65142 ], [ -4.15088, 40.65143 ], [ -4.14735, 40.65236 ], [ -4.14617, 40.65237 ], [ -4.14498, 40.65239 ], [ -4.1438, 40.6524 ], [ -4.14262, 40.65241 ], [ -4.14145, 40.65332 ], [ -4.14027, 40.65333 ], [ -4.13909, 40.65335 ], [ -4.13555, 40.65428 ], [ -4.13437, 40.65429 ], [ -4.1332, 40.65521 ], [ -4.13084, 40.65523 ], [ -4.12966, 40.65524 ], [ -4.12846, 40.65435 ], [ -4.12727, 40.65436 ], [ -4.12491, 40.65439 ], [ -4.12489, 40.65348 ], [ -4.12371, 40.6535 ], [ -4.12135, 40.65352 ], [ -4.11897, 40.65264 ], [ -4.1166, 40.65266 ], [ -4.11542, 40.65268 ], [ -4.11543, 40.65358 ], [ -4.11425, 40.65359 ], [ -4.11307, 40.6536 ], [ -4.1119, 40.65451 ], [ -4.11072, 40.65452 ], [ -4.10952, 40.65363 ], [ -4.10834, 40.65365 ], [ -4.10715, 40.65366 ], [ -4.10596, 40.65277 ], [ -4.10358, 40.65189 ], [ -4.10239, 40.6519 ], [ -4.10121, 40.65191 ], [ -4.10003, 40.65192 ], [ -4.10001, 40.65102 ], [ -4.09883, 40.65103 ], [ -4.09765, 40.65104 ], [ -4.09527, 40.65017 ], [ -4.08344, 40.65028 ], [ -4.07635, 40.65034 ], [ -4.07397, 40.64947 ], [ -4.0716, 40.64949 ], [ -4.07042, 40.6495 ], [ -4.0669, 40.65133 ], [ -4.06572, 40.65134 ], [ -4.06455, 40.65226 ], [ -4.06337, 40.65227 ], [ -4.0622, 40.65318 ], [ -4.06102, 40.65319 ], [ -4.05985, 40.6541 ], [ -4.05867, 40.65411 ], [ -4.05748, 40.65412 ], [ -4.0563, 40.65413 ], [ -4.05512, 40.65414 ], [ -4.0551, 40.65324 ], [ -4.05392, 40.65325 ], [ -4.05274, 40.65326 ], [ -4.05272, 40.65236 ], [ -4.05151, 40.65057 ], [ -4.05032, 40.64968 ], [ -4.04913, 40.64969 ], [ -4.04674, 40.64791 ], [ -4.04436, 40.64703 ], [ -4.04198, 40.64616 ], [ -4.0408, 40.64617 ], [ -4.03842, 40.64529 ], [ -4.03722, 40.6444 ], [ -4.03603, 40.64351 ], [ -4.03483, 40.64262 ], [ -4.03242, 40.63994 ], [ -4.03123, 40.63904 ], [ -4.03121, 40.63814 ], [ -4.03119, 40.63634 ], [ -4.03117, 40.63544 ], [ -4.03116, 40.63454 ], [ -4.03229, 40.63093 ], [ -4.03345, 40.63002 ], [ -4.03464, 40.63001 ], [ -4.03582, 40.63 ], [ -4.037, 40.62998 ], [ -4.03818, 40.62997 ], [ -4.03937, 40.62996 ], [ -4.04055, 40.62995 ], [ -4.04173, 40.62994 ], [ -4.04291, 40.62993 ], [ -4.04409, 40.62992 ], [ -4.04528, 40.62991 ], [ -4.04646, 40.6299 ], [ -4.04644, 40.629 ], [ -4.04763, 40.62899 ], [ -4.04881, 40.62898 ], [ -4.04882, 40.62988 ], [ -4.05001, 40.62987 ], [ -4.05002, 40.63077 ], [ -4.05003, 40.63167 ], [ -4.05005, 40.63257 ], [ -4.05123, 40.63256 ], [ -4.05124, 40.63346 ], [ -4.05126, 40.63436 ], [ -4.05244, 40.63435 ], [ -4.05246, 40.63525 ], [ -4.05364, 40.63524 ], [ -4.05362, 40.63434 ], [ -4.05481, 40.63433 ], [ -4.05482, 40.63523 ], [ -4.056, 40.63522 ], [ -4.05602, 40.63612 ], [ -4.05603, 40.63702 ], [ -4.06311, 40.63605 ], [ -4.06429, 40.63604 ], [ -4.06548, 40.63603 ], [ -4.06666, 40.63602 ], [ -4.06664, 40.63512 ], [ -4.06783, 40.63511 ], [ -4.06901, 40.6351 ], [ -4.07019, 40.63509 ], [ -4.07137, 40.63508 ], [ -4.07254, 40.63416 ], [ -4.07372, 40.63415 ], [ -4.07491, 40.63414 ], [ -4.07609, 40.63413 ], [ -4.07727, 40.63412 ], [ -4.07844, 40.63321 ], [ -4.07962, 40.6332 ], [ -4.0808, 40.63319 ], [ -4.08198, 40.63318 ], [ -4.08315, 40.63226 ], [ -4.08433, 40.63225 ], [ -4.08552, 40.63224 ], [ -4.0867, 40.63223 ], [ -4.08668, 40.63133 ], [ -4.08787, 40.63132 ], [ -4.08905, 40.63131 ], [ -4.09023, 40.6313 ], [ -4.09141, 40.63128 ], [ -4.09258, 40.63037 ], [ -4.09376, 40.63036 ], [ -4.09493, 40.62945 ], [ -4.09611, 40.62944 ], [ -4.09728, 40.62853 ], [ -4.09845, 40.62761 ], [ -4.09963, 40.6276 ], [ -4.09959, 40.6249 ], [ -4.10072, 40.62219 ], [ -4.10191, 40.62218 ], [ -4.10189, 40.62128 ], [ -4.10188, 40.62038 ], [ -4.10186, 40.61947 ], [ -4.10304, 40.61946 ], [ -4.10303, 40.61856 ], [ -4.10301, 40.61766 ], [ -4.1042, 40.61765 ], [ -4.10418, 40.61675 ], [ -4.10536, 40.61674 ], [ -4.10535, 40.61584 ], [ -4.10652, 40.61493 ], [ -4.1077, 40.61491 ], [ -4.10768, 40.61401 ], [ -4.10767, 40.61311 ], [ -4.10885, 40.6131 ], [ -4.11003, 40.61309 ], [ -4.11121, 40.61308 ], [ -4.11123, 40.61398 ], [ -4.11241, 40.61397 ], [ -4.11477, 40.61395 ], [ -4.11474, 40.61214 ], [ -4.11473, 40.61124 ], [ -4.11588, 40.60943 ], [ -4.11587, 40.60853 ], [ -4.11585, 40.60763 ], [ -4.11703, 40.60762 ], [ -4.11702, 40.60672 ], [ -4.117, 40.60582 ], [ -4.11699, 40.60492 ], [ -4.11817, 40.6049 ], [ -4.11934, 40.60399 ], [ -4.12873, 40.6003 ], [ -4.13224, 40.59846 ], [ -4.13103, 40.59667 ], [ -4.1322, 40.59576 ], [ -4.13338, 40.59575 ], [ -4.13573, 40.59482 ], [ -4.13688, 40.59301 ], [ -4.13803, 40.5912 ], [ -4.14038, 40.59027 ], [ -4.14036, 40.58937 ], [ -4.14035, 40.58847 ], [ -4.14382, 40.58393 ], [ -4.14377, 40.58123 ], [ -4.14494, 40.58032 ], [ -4.14492, 40.57942 ], [ -4.14371, 40.57763 ], [ -4.14369, 40.57673 ], [ -4.14251, 40.57674 ], [ -4.1425, 40.57584 ], [ -4.14131, 40.57585 ], [ -4.1413, 40.57495 ], [ -4.14012, 40.57496 ], [ -4.14127, 40.57315 ], [ -4.14125, 40.57225 ], [ -4.14242, 40.57133 ], [ -4.1424, 40.57043 ], [ -4.14359, 40.57042 ], [ -4.14357, 40.56952 ], [ -4.14475, 40.56951 ], [ -4.14474, 40.56861 ], [ -4.14592, 40.5686 ], [ -4.1459, 40.5677 ], [ -4.14708, 40.56769 ], [ -4.14826, 40.56767 ], [ -4.14825, 40.56677 ], [ -4.14943, 40.56676 ], [ -4.15061, 40.56675 ], [ -4.15179, 40.56674 ], [ -4.15178, 40.56584 ], [ -4.15296, 40.56583 ], [ -4.15414, 40.56581 ], [ -4.15412, 40.56491 ], [ -4.15529, 40.564 ], [ -4.15647, 40.56399 ], [ -4.15765, 40.56398 ], [ -4.15764, 40.56308 ], [ -4.15882, 40.56306 ], [ -4.16, 40.56305 ], [ -4.16116, 40.56214 ], [ -4.16234, 40.56213 ], [ -4.16354, 40.56302 ], [ -4.16356, 40.56392 ], [ -4.16357, 40.56482 ], [ -4.16359, 40.56572 ], [ -4.1636, 40.56662 ], [ -4.16362, 40.56752 ], [ -4.16363, 40.56842 ], [ -4.16483, 40.56931 ], [ -4.16603, 40.5702 ], [ -4.16604, 40.5711 ], [ -4.16722, 40.57109 ], [ -4.16844, 40.57288 ], [ -4.16965, 40.57467 ], [ -4.17085, 40.57555 ], [ -4.17203, 40.57554 ], [ -4.17321, 40.57553 ], [ -4.17439, 40.57552 ], [ -4.17557, 40.57551 ], [ -4.17675, 40.57549 ], [ -4.17674, 40.57459 ], [ -4.17792, 40.57458 ], [ -4.1791, 40.57457 ], [ -4.17908, 40.57367 ], [ -4.18026, 40.57366 ], [ -4.18025, 40.57276 ], [ -4.18141, 40.57184 ], [ -4.1814, 40.57094 ], [ -4.18258, 40.57093 ], [ -4.18256, 40.57003 ], [ -4.18374, 40.57002 ], [ -4.18373, 40.56912 ], [ -4.18491, 40.56911 ], [ -4.18608, 40.56819 ], [ -4.18606, 40.56729 ], [ -4.18724, 40.56728 ], [ -4.18722, 40.56638 ], [ -4.18841, 40.56637 ], [ -4.18839, 40.56547 ], [ -4.18957, 40.56545 ], [ -4.19075, 40.56544 ], [ -4.19074, 40.56454 ], [ -4.19192, 40.56453 ], [ -4.19193, 40.56543 ], [ -4.19311, 40.56542 ], [ -4.19431, 40.56631 ], [ -4.19549, 40.56629 ], [ -4.19667, 40.56628 ], [ -4.19785, 40.56627 ], [ -4.19787, 40.56717 ], [ -4.19905, 40.56716 ], [ -4.19907, 40.56806 ], [ -4.1991, 40.56986 ], [ -4.19915, 40.57256 ], [ -4.19798, 40.57347 ], [ -4.19682, 40.57439 ], [ -4.19447, 40.57531 ], [ -4.19331, 40.57623 ], [ -4.1945, 40.57711 ], [ -4.19455, 40.57982 ], [ -4.1946, 40.58252 ], [ -4.19462, 40.58342 ], [ -4.19347, 40.58523 ], [ -4.18995, 40.58707 ], [ -4.18761, 40.588 ], [ -4.18762, 40.5889 ], [ -4.18764, 40.5898 ], [ -4.18647, 40.59071 ], [ -4.18532, 40.59252 ], [ -4.18416, 40.59344 ], [ -4.18417, 40.59434 ], [ -4.18301, 40.59525 ], [ -4.18066, 40.59617 ], [ -4.17949, 40.59709 ], [ -4.17951, 40.59799 ], [ -4.17834, 40.5989 ], [ -4.17601, 40.60073 ], [ -4.17486, 40.60254 ], [ -4.17371, 40.60435 ], [ -4.17255, 40.60527 ], [ -4.17138, 40.60618 ], [ -4.17023, 40.60799 ], [ -4.16908, 40.60981 ], [ -4.16673, 40.61073 ], [ -4.16557, 40.61164 ], [ -4.16558, 40.61254 ], [ -4.16323, 40.61347 ], [ -4.16088, 40.61439 ], [ -4.1597, 40.6144 ], [ -4.15735, 40.61533 ], [ -4.15617, 40.61534 ], [ -4.15501, 40.61625 ], [ -4.15384, 40.61717 ], [ -4.15266, 40.61718 ], [ -4.15149, 40.61809 ], [ -4.15505, 40.61895 ], [ -4.15623, 40.61894 ], [ -4.15861, 40.61982 ], [ -4.1598, 40.61981 ], [ -4.15983, 40.62161 ], [ -4.16104, 40.6234 ], [ -4.16227, 40.62609 ], [ -4.16463, 40.62607 ], [ -4.167, 40.62604 ], [ -4.16818, 40.62603 ], [ -4.16936, 40.62602 ], [ -4.16938, 40.62692 ], [ -4.17177, 40.6287 ], [ -4.17299, 40.63049 ], [ -4.173, 40.63139 ], [ -4.17184, 40.6323 ], [ -4.17069, 40.63411 ], [ -4.1707, 40.63501 ], [ -4.17072, 40.63591 ], [ -4.17073, 40.63681 ], [ -4.17075, 40.63771 ], [ -4.17195, 40.6386 ], [ -4.17078, 40.63952 ], [ -4.1708, 40.64042 ], [ -4.16965, 40.64223 ], [ -4.16848, 40.64314 ], [ -4.16849, 40.64404 ], [ -4.16733, 40.64496 ], [ -4.16736, 40.64676 ], [ -4.16737, 40.64766 ], [ -4.16621, 40.64857 ] ] ] } },
{ "type": "Feature", "properties": { "ine_code": "28132", "name": "San Martín de la Vega" }, "geometry": { "type": "Polygon", "coordinates": [ [ [ -3.64298, 40.23015 ], [ -3.64299, 40.23105 ], [ -3.64182, 40.23196 ], [ -3.64183, 40.23286 ], [ -3.64066, 40.23376 ], [ -3.64067, 40.23466 ], [ -3.64068, 40.23557 ], [ -3.6395, 40.23557 ], [ -3.63951, 40.23647 ], [ -3.63952, 40.23737 ], [ -3.63835, 40.23828 ], [ -3.63836, 40.23918 ], [ -3.63719, 40.23919 ], [ -3.6372, 40.24009 ], [ -3.6372, 40.24099 ], [ -3.63721, 40.24189 ], [ -3.63604, 40.2428 ], [ -3.63605, 40.2437 ], [ -3.63606, 40.2446 ], [ -3.63607, 40.2455 ], [ -3.6349, 40.24641 ], [ -3.63491, 40.24731 ], [ -3.63492, 40.24821 ], [ -3.63493, 40.24911 ], [ -3.63494, 40.25001 ], [ -3.63376, 40.25002 ], [ -3.63377, 40.25092 ], [ -3.63378, 40.25182 ], [ -3.63379, 40.25272 ], [ -3.63379, 40.25362 ], [ -3.6338, 40.25452 ], [ -3.63381, 40.25542 ], [ -3.63382, 40.25632 ], [ -3.63383, 40.25723 ], [ -3.63265, 40.25723 ], [ -3.63266, 40.25813 ], [ -3.63267, 40.25903 ], [ -3.63268, 40.25993 ], [ -3.6315, 40.25994 ], [ -3.63151, 40.26084 ], [ -3.63033, 40.26085 ], [ -3.63034, 40.26175 ], [ -3.62917, 40.26176 ], [ -3.62917, 40.26266 ], [ -3.62918, 40.26356 ], [ -3.62801, 40.26356 ], [ -3.62567, 40.26538 ], [ -3.62333, 40.26629 ], [ -3.61746, 40.26722 ], [ -3.61511, 40.26814 ], [ -3.61277, 40.26905 ], [ -3.61159, 40.26906 ], [ -3.6069, 40.26998 ], [ -3.60338, 40.2709 ], [ -3.59868, 40.27183 ], [ -3.59751, 40.27273 ], [ -3.59634, 40.27364 ], [ -3.59517, 40.27455 ], [ -3.59637, 40.27634 ], [ -3.59639, 40.27905 ], [ -3.59642, 40.28265 ], [ -3.59645, 40.28535 ], [ -3.59409, 40.28536 ], [ -3.59291, 40.28447 ], [ -3.59172, 40.28358 ], [ -3.5882, 40.28449 ], [ -3.58703, 40.2845 ], [ -3.58586, 40.28541 ], [ -3.58467, 40.28451 ], [ -3.58468, 40.28541 ], [ -3.58351, 40.28542 ], [ -3.58233, 40.28542 ], [ -3.58115, 40.28543 ], [ -3.58116, 40.28633 ], [ -3.58117, 40.28723 ], [ -3.57999, 40.28724 ], [ -3.57998, 40.28634 ], [ -3.57881, 40.28634 ], [ -3.57764, 40.28725 ], [ -3.57646, 40.28726 ], [ -3.57647, 40.28816 ], [ -3.57529, 40.28816 ], [ -3.57529, 40.28726 ], [ -3.57411, 40.28727 ], [ -3.57412, 40.28817 ], [ -3.57294, 40.28817 ], [ -3.57293, 40.28727 ], [ -3.57176, 40.28728 ], [ -3.56824, 40.2891 ], [ -3.56474, 40.29182 ], [ -3.56238, 40.29093 ], [ -3.56121, 40.29184 ], [ -3.56004, 40.29274 ], [ -3.55769, 40.29365 ], [ -3.55652, 40.29456 ], [ -3.55535, 40.29547 ], [ -3.55066, 40.29729 ], [ -3.54829, 40.2955 ], [ -3.54711, 40.29461 ], [ -3.54357, 40.29372 ], [ -3.54473, 40.29101 ], [ -3.54238, 40.29102 ], [ -3.54002, 40.29013 ], [ -3.53767, 40.29105 ], [ -3.53768, 40.29195 ], [ -3.53533, 40.29286 ], [ -3.53415, 40.29286 ], [ -3.53299, 40.29377 ], [ -3.53181, 40.29378 ], [ -3.53063, 40.29288 ], [ -3.52945, 40.29289 ], [ -3.52592, 40.2929 ], [ -3.52476, 40.29471 ], [ -3.52476, 40.29561 ], [ -3.5224, 40.29472 ], [ -3.52004, 40.29383 ], [ -3.51887, 40.29384 ], [ -3.51886, 40.29293 ], [ -3.51768, 40.29204 ], [ -3.5153, 40.28935 ], [ -3.51294, 40.28755 ], [ -3.51175, 40.28576 ], [ -3.51174, 40.28486 ], [ -3.50819, 40.28217 ], [ -3.507, 40.28037 ], [ -3.50464, 40.27948 ], [ -3.50345, 40.27769 ], [ -3.50345, 40.27679 ], [ -3.50227, 40.27679 ], [ -3.50226, 40.27589 ], [ -3.50109, 40.27589 ], [ -3.4999, 40.275 ], [ -3.4999, 40.2741 ], [ -3.49871, 40.2732 ], [ -3.49871, 40.2723 ], [ -3.49753, 40.27231 ], [ -3.49752, 40.27141 ], [ -3.49635, 40.27141 ], [ -3.49517, 40.27142 ], [ -3.494, 40.27142 ], [ -3.49282, 40.27143 ], [ -3.49281, 40.27052 ], [ -3.49163, 40.26963 ], [ -3.49162, 40.26873 ], [ -3.49045, 40.26873 ], [ -3.49044, 40.26783 ], [ -3.48927, 40.26784 ], [ -3.48926, 40.26694 ], [ -3.48925, 40.26604 ], [ -3.48807, 40.26514 ], [ -3.48688, 40.26334 ], [ -3.48569, 40.26155 ], [ -3.48569, 40.26064 ], [ -3.48568, 40.25974 ], [ -3.48449, 40.25795 ], [ -3.48213, 40.25706 ], [ -3.4833, 40.25615 ], [ -3.48446, 40.25434 ], [ -3.48563, 40.25344 ], [ -3.48681, 40.25343 ], [ -3.49034, 40.25342 ], [ -3.49151, 40.25251 ], [ -3.49149, 40.25071 ], [ -3.49268, 40.25161 ], [ -3.49503, 40.2516 ], [ -3.49622, 40.25339 ], [ -3.4974, 40.25429 ], [ -3.50094, 40.25607 ], [ -3.50093, 40.25517 ], [ -3.5021, 40.25427 ], [ -3.50209, 40.25247 ], [ -3.50326, 40.25246 ], [ -3.50325, 40.25066 ], [ -3.50208, 40.25066 ], [ -3.50206, 40.24886 ], [ -3.4997, 40.24797 ], [ -3.4997, 40.24707 ], [ -3.49969, 40.24617 ], [ -3.50086, 40.24526 ], [ -3.50202, 40.24346 ], [ -3.50319, 40.24255 ], [ -3.50437, 40.24255 ], [ -3.50435, 40.24074 ], [ -3.50552, 40.23894 ], [ -3.50551, 40.23804 ], [ -3.50433, 40.23714 ], [ -3.50432, 40.23624 ], [ -3.50431, 40.23534 ], [ -3.5043, 40.23354 ], [ -3.50311, 40.23174 ], [ -3.5031, 40.23084 ], [ -3.50192, 40.22904 ], [ -3.50073, 40.22815 ], [ -3.50072, 40.22634 ], [ -3.50071, 40.22544 ], [ -3.50071, 40.22454 ], [ -3.49953, 40.22455 ], [ -3.49952, 40.22275 ], [ -3.49951, 40.22185 ], [ -3.49834, 40.22185 ], [ -3.49715, 40.22005 ], [ -3.49714, 40.21915 ], [ -3.49831, 40.21825 ], [ -3.4983, 40.21735 ], [ -3.4983, 40.21645 ], [ -3.49947, 40.21644 ], [ -3.50065, 40.21643 ], [ -3.50182, 40.21643 ], [ -3.50182, 40.21553 ], [ -3.50299, 40.21552 ], [ -3.50417, 40.21552 ], [ -3.50416, 40.21462 ], [ -3.50534, 40.21461 ], [ -3.50533, 40.21371 ], [ -3.5065, 40.21371 ], [ -3.50768, 40.2137 ], [ -3.50885, 40.2128 ], [ -3.51002, 40.21189 ], [ -3.51001, 40.21099 ], [ -3.51, 40.21009 ], [ -3.51118, 40.21008 ], [ -3.51117, 40.20918 ], [ -3.51235, 40.20918 ], [ -3.51234, 40.20828 ], [ -3.51351, 40.20737 ], [ -3.51467, 40.20646 ], [ -3.51467, 40.20556 ], [ -3.51584, 40.20556 ], [ -3.51584, 40.20466 ], [ -3.51701, 40.20465 ], [ -3.51818, 40.20374 ], [ -3.51935, 40.20374 ], [ -3.51935, 40.20284 ], [ -3.52052, 40.20283 ], [ -3.52052, 40.20193 ], [ -3.52169, 40.20193 ], [ -3.52168, 40.20103 ], [ -3.52286, 40.20102 ], [ -3.52285, 40.20012 ], [ -3.52284, 40.19922 ], [ -3.52402, 40.19921 ], [ -3.52401, 40.19831 ], [ -3.52519, 40.19831 ], [ -3.5287, 40.19649 ], [ -3.53104, 40.19558 ], [ -3.53222, 40.19557 ], [ -3.53339, 40.19557 ], [ -3.53573, 40.19466 ], [ -3.53691, 40.19555 ], [ -3.53809, 40.19555 ], [ -3.54044, 40.19553 ], [ -3.5428, 40.19642 ], [ -3.54515, 40.19731 ], [ -3.54632, 40.19641 ], [ -3.54867, 40.1964 ], [ -3.54984, 40.19549 ], [ -3.55101, 40.19548 ], [ -3.55219, 40.19548 ], [ -3.55569, 40.19276 ], [ -3.55686, 40.19275 ], [ -3.55802, 40.19095 ], [ -3.55919, 40.19004 ], [ -3.56037, 40.19003 ], [ -3.56272, 40.19092 ], [ -3.5639, 40.19092 ], [ -3.56507, 40.19091 ], [ -3.56508, 40.19181 ], [ -3.56626, 40.19181 ], [ -3.56743, 40.1918 ], [ -3.5686, 40.1918 ], [ -3.56979, 40.19269 ], [ -3.57096, 40.19268 ], [ -3.57214, 40.19268 ], [ -3.57331, 40.19267 ], [ -3.57449, 40.19267 ], [ -3.57449, 40.19357 ], [ -3.57567, 40.19356 ], [ -3.57684, 40.19356 ], [ -3.57802, 40.19355 ], [ -3.57919, 40.19355 ], [ -3.58038, 40.19444 ], [ -3.58155, 40.19443 ], [ -3.58272, 40.19443 ], [ -3.58391, 40.19532 ], [ -3.58508, 40.19532 ], [ -3.58861, 40.1962 ], [ -3.59214, 40.19618 ], [ -3.59215, 40.19798 ], [ -3.59335, 40.19978 ], [ -3.59335, 40.20068 ], [ -3.59454, 40.20158 ], [ -3.59571, 40.20157 ], [ -3.59572, 40.20247 ], [ -3.59689, 40.20246 ], [ -3.59807, 40.20246 ], [ -3.59924, 40.20245 ], [ -3.59925, 40.20335 ], [ -3.60043, 40.20335 ], [ -3.6016, 40.20334 ], [ -3.60278, 40.20333 ], [ -3.60395, 40.20333 ], [ -3.60513, 40.20422 ], [ -3.60631, 40.20422 ], [ -3.60632, 40.20512 ], [ -3.60632, 40.20602 ], [ -3.6075, 40.20601 ], [ -3.6134, 40.20868 ], [ -3.61458, 40.20958 ], [ -3.61459, 40.21048 ], [ -3.61577, 40.21138 ], [ -3.61695, 40.21137 ], [ -3.61814, 40.21316 ], [ -3.61932, 40.21406 ], [ -3.61933, 40.21496 ], [ -3.62052, 40.21676 ], [ -3.62171, 40.21855 ], [ -3.6229, 40.21945 ], [ -3.62408, 40.22034 ], [ -3.62644, 40.22123 ], [ -3.62762, 40.22122 ], [ -3.62997, 40.22211 ], [ -3.63116, 40.223 ], [ -3.63352, 40.22389 ], [ -3.63469, 40.22389 ], [ -3.63588, 40.22478 ], [ -3.63824, 40.22567 ], [ -3.63942, 40.22656 ], [ -3.64059, 40.22656 ], [ -3.6406, 40.22746 ], [ -3.64178, 40.22745 ], [ -3.64296, 40.22834 ], [ -3.64297, 40.22925 ], [ -3.64415, 40.22924 ], [ -3.64298, 40.23015 ] ] ] } },
{ "type": "Feature", "properties": { "ine_code": "28133", "name": "San Martín de Valdeiglesias" }, "geometry": { "type": "Polygon", "coordinates": [ [ [ -4.30385, 40.36693 ], [ -4.30267, 40.36694 ], [ -4.30266, 40.36604 ], [ -4.30148, 40.36606 ], [ -4.3003, 40.36607 ], [ -4.29912, 40.36608 ], [ -4.29793, 40.36519 ], [ -4.29791, 40.36429 ], [ -4.2979, 40.36339 ], [ -4.29672, 40.36341 ], [ -4.2967, 40.36251 ], [ -4.29668, 40.36161 ], [ -4.29549, 40.36072 ], [ -4.29547, 40.35982 ], [ -4.29429, 40.35983 ], [ -4.29312, 40.35984 ], [ -4.29194, 40.35986 ], [ -4.29076, 40.35987 ], [ -4.28957, 40.35898 ], [ -4.28839, 40.359 ], [ -4.2872, 40.35811 ], [ -4.286, 40.35722 ], [ -4.28482, 40.35723 ], [ -4.28365, 40.35725 ], [ -4.28363, 40.35635 ], [ -4.28245, 40.35636 ], [ -4.28243, 40.35546 ], [ -4.28242, 40.35456 ], [ -4.2824, 40.35366 ], [ -4.28238, 40.35276 ], [ -4.28237, 40.35185 ], [ -4.28235, 40.35095 ], [ -4.28117, 40.35097 ], [ -4.28116, 40.35007 ], [ -4.27998, 40.35008 ], [ -4.2788, 40.35009 ], [ -4.27762, 40.35011 ], [ -4.27645, 40.35012 ], [ -4.27643, 40.34922 ], [ -4.27525, 40.34923 ], [ -4.27523, 40.34833 ], [ -4.27406, 40.34834 ], [ -4.27404, 40.34744 ], [ -4.27286, 40.34746 ], [ -4.27167, 40.34657 ], [ -4.27049, 40.34658 ], [ -4.27048, 40.34568 ], [ -4.2693, 40.34569 ], [ -4.26928, 40.34479 ], [ -4.2681, 40.34481 ], [ -4.26809, 40.3439 ], [ -4.26691, 40.34392 ], [ -4.26572, 40.34303 ], [ -4.26454, 40.34304 ], [ -4.26452, 40.34214 ], [ -4.26334, 40.34215 ], [ -4.26333, 40.34125 ], [ -4.26331, 40.34035 ], [ -4.26213, 40.34037 ], [ -4.26212, 40.33947 ], [ -4.26092, 40.33858 ], [ -4.25975, 40.33859 ], [ -4.25855, 40.3377 ], [ -4.25857, 40.3386 ], [ -4.25739, 40.33862 ], [ -4.25738, 40.33772 ], [ -4.2562, 40.33773 ], [ -4.25502, 40.33774 ], [ -4.25383, 40.33685 ], [ -4.25265, 40.33687 ], [ -4.25263, 40.33596 ], [ -4.25146, 40.33598 ], [ -4.25028, 40.33599 ], [ -4.25026, 40.33509 ], [ -4.24909, 40.3351 ], [ -4.24907, 40.3342 ], [ -4.24905, 40.3333 ], [ -4.24904, 40.3324 ], [ -4.24902, 40.3315 ], [ -4.249, 40.3306 ], [ -4.24783, 40.33061 ], [ -4.24781, 40.32971 ], [ -4.24663, 40.32972 ], [ -4.24547, 40.33064 ], [ -4.2443, 40.33065 ], [ -4.24431, 40.33155 ], [ -4.24314, 40.33156 ], [ -4.24312, 40.33066 ], [ -4.24193, 40.32977 ], [ -4.24075, 40.32979 ], [ -4.24073, 40.32889 ], [ -4.23955, 40.3289 ], [ -4.23836, 40.32801 ], [ -4.23835, 40.32711 ], [ -4.24305, 40.32706 ], [ -4.24541, 40.32703 ], [ -4.24657, 40.32612 ], [ -4.24774, 40.32611 ], [ -4.24892, 40.3261 ], [ -4.2489, 40.32519 ], [ -4.25126, 40.32517 ], [ -4.25482, 40.32693 ], [ -4.25601, 40.32782 ], [ -4.25723, 40.32961 ], [ -4.25958, 40.32958 ], [ -4.26197, 40.33136 ], [ -4.26316, 40.33225 ], [ -4.26551, 40.33222 ], [ -4.26787, 40.3322 ], [ -4.26904, 40.33218 ], [ -4.27022, 40.33217 ], [ -4.27256, 40.33124 ], [ -4.27374, 40.33123 ], [ -4.27606, 40.3294 ], [ -4.27722, 40.32849 ], [ -4.27957, 40.32846 ], [ -4.28192, 40.32844 ], [ -4.28428, 40.32841 ], [ -4.28547, 40.3293 ], [ -4.28663, 40.32838 ], [ -4.28895, 40.32656 ], [ -4.2913, 40.32653 ], [ -4.29245, 40.32472 ], [ -4.29477, 40.32289 ], [ -4.2971, 40.32196 ], [ -4.30183, 40.32281 ], [ -4.30302, 40.3237 ], [ -4.30421, 40.32458 ], [ -4.30539, 40.32457 ], [ -4.30774, 40.32454 ], [ -4.30894, 40.32543 ], [ -4.31012, 40.32542 ], [ -4.31129, 40.3254 ], [ -4.31366, 40.32628 ], [ -4.31482, 40.32536 ], [ -4.31718, 40.32534 ], [ -4.31837, 40.32623 ], [ -4.31953, 40.32531 ], [ -4.32071, 40.3253 ], [ -4.32188, 40.32528 ], [ -4.32424, 40.32526 ], [ -4.32541, 40.32524 ], [ -4.32775, 40.32432 ], [ -4.32893, 40.3243 ], [ -4.33009, 40.32339 ], [ -4.33124, 40.32247 ], [ -4.33123, 40.32157 ], [ -4.33358, 40.32155 ], [ -4.33827, 40.32059 ], [ -4.34061, 40.31966 ], [ -4.34059, 40.31876 ], [ -4.34175, 40.31785 ], [ -4.34408, 40.31692 ], [ -4.34642, 40.31599 ], [ -4.34758, 40.31508 ], [ -4.34756, 40.31418 ], [ -4.34752, 40.31238 ], [ -4.3487, 40.31236 ], [ -4.35103, 40.31143 ], [ -4.35219, 40.31052 ], [ -4.35337, 40.31051 ], [ -4.35686, 40.30866 ], [ -4.3616, 40.31041 ], [ -4.36756, 40.31394 ], [ -4.37109, 40.3139 ], [ -4.37344, 40.31387 ], [ -4.37462, 40.31386 ], [ -4.37464, 40.31476 ], [ -4.37585, 40.31655 ], [ -4.37705, 40.31743 ], [ -4.37822, 40.31742 ], [ -4.38059, 40.31829 ], [ -4.38297, 40.31916 ], [ -4.38651, 40.32002 ], [ -4.39128, 40.32267 ], [ -4.39602, 40.32441 ], [ -4.40196, 40.32704 ], [ -4.40316, 40.32793 ], [ -4.40672, 40.32969 ], [ -4.4079, 40.32967 ], [ -4.41263, 40.33052 ], [ -4.415, 40.33139 ], [ -4.41855, 40.33225 ], [ -4.42206, 40.3313 ], [ -4.42441, 40.33127 ], [ -4.4244, 40.33037 ], [ -4.42557, 40.33036 ], [ -4.42675, 40.33034 ], [ -4.42793, 40.33033 ], [ -4.4291, 40.33032 ], [ -4.43259, 40.32847 ], [ -4.43377, 40.32846 ], [ -4.43966, 40.32838 ], [ -4.44201, 40.32835 ], [ -4.44436, 40.32832 ], [ -4.44556, 40.32921 ], [ -4.44674, 40.3292 ], [ -4.4503, 40.33095 ], [ -4.45152, 40.33274 ], [ -4.45387, 40.33271 ], [ -4.45389, 40.33361 ], [ -4.45509, 40.3345 ], [ -4.45511, 40.3354 ], [ -4.4575, 40.33717 ], [ -4.45987, 40.33804 ], [ -4.46107, 40.33892 ], [ -4.46109, 40.33983 ], [ -4.46111, 40.34073 ], [ -4.46113, 40.34163 ], [ -4.45995, 40.34164 ], [ -4.45997, 40.34254 ], [ -4.45999, 40.34344 ], [ -4.45881, 40.34346 ], [ -4.45883, 40.34436 ], [ -4.45766, 40.34437 ], [ -4.45648, 40.34439 ], [ -4.4565, 40.34529 ], [ -4.45532, 40.3453 ], [ -4.45414, 40.34532 ], [ -4.45413, 40.34442 ], [ -4.45295, 40.34443 ], [ -4.45177, 40.34445 ], [ -4.45179, 40.34535 ], [ -4.45061, 40.34536 ], [ -4.45063, 40.34626 ], [ -4.44946, 40.34628 ], [ -4.44947, 40.34718 ], [ -4.4483, 40.34719 ], [ -4.44712, 40.34721 ], [ -4.44594, 40.34722 ], [ -4.44477, 40.34724 ], [ -4.44359, 40.34725 ], [ -4.44241, 40.34727 ], [ -4.44243, 40.34817 ], [ -4.44245, 40.34907 ], [ -4.44127, 40.34908 ], [ -4.44129, 40.34998 ], [ -4.44012, 40.35 ], [ -4.44013, 40.3509 ], [ -4.43896, 40.35091 ], [ -4.43898, 40.35181 ], [ -4.439, 40.35271 ], [ -4.43901, 40.35362 ], [ -4.43903, 40.35452 ], [ -4.43905, 40.35542 ], [ -4.44023, 40.3554 ], [ -4.44025, 40.3563 ], [ -4.44027, 40.3572 ], [ -4.44145, 40.35719 ], [ -4.44147, 40.35809 ], [ -4.44029, 40.3581 ], [ -4.44148, 40.35899 ], [ -4.4415, 40.35989 ], [ -4.44033, 40.35991 ], [ -4.44035, 40.36081 ], [ -4.43917, 40.36082 ], [ -4.43919, 40.36172 ], [ -4.44036, 40.36171 ], [ -4.44038, 40.36261 ], [ -4.44156, 40.36259 ], [ -4.44158, 40.36349 ], [ -4.4416, 40.36439 ], [ -4.44162, 40.36529 ], [ -4.44164, 40.36619 ], [ -4.44046, 40.36621 ], [ -4.44048, 40.36711 ], [ -4.44166, 40.3671 ], [ -4.44168, 40.368 ], [ -4.4417, 40.3689 ], [ -4.44052, 40.36891 ], [ -4.44054, 40.36981 ], [ -4.44056, 40.37071 ], [ -4.44173, 40.3707 ], [ -4.44175, 40.3716 ], [ -4.44058, 40.37161 ], [ -4.44059, 40.37251 ], [ -4.44061, 40.37341 ], [ -4.44063, 40.37432 ], [ -4.44065, 40.37522 ], [ -4.44067, 40.37612 ], [ -4.44069, 40.37702 ], [ -4.44071, 40.37792 ], [ -4.44073, 40.37882 ], [ -4.43955, 40.37883 ], [ -4.43957, 40.37973 ], [ -4.44075, 40.37972 ], [ -4.44077, 40.38062 ], [ -4.44079, 40.38152 ], [ -4.44196, 40.38151 ], [ -4.44198, 40.38241 ], [ -4.442, 40.38331 ], [ -4.44318, 40.38329 ], [ -4.4432, 40.38419 ], [ -4.44322, 40.38509 ], [ -4.44324, 40.38599 ], [ -4.44326, 40.38689 ], [ -4.44208, 40.38691 ], [ -4.4409, 40.38692 ], [ -4.44092, 40.38782 ], [ -4.4421, 40.38781 ], [ -4.44212, 40.38871 ], [ -4.44094, 40.38873 ], [ -4.43976, 40.38874 ], [ -4.43858, 40.38875 ], [ -4.43741, 40.38877 ], [ -4.43743, 40.38967 ], [ -4.43744, 40.39057 ], [ -4.43862, 40.39056 ], [ -4.43864, 40.39146 ], [ -4.43746, 40.39147 ], [ -4.43748, 40.39237 ], [ -4.4375, 40.39327 ], [ -4.43752, 40.39417 ], [ -4.43634, 40.39419 ], [ -4.43636, 40.39509 ], [ -4.43518, 40.3951 ], [ -4.43401, 40.39512 ], [ -4.43403, 40.39602 ], [ -4.43285, 40.39603 ], [ -4.43287, 40.39693 ], [ -4.43289, 40.39783 ], [ -4.43171, 40.39785 ], [ -4.43173, 40.39875 ], [ -4.43055, 40.39876 ], [ -4.42937, 40.39878 ], [ -4.42939, 40.39968 ], [ -4.42941, 40.40058 ], [ -4.42823, 40.40059 ], [ -4.42705, 40.40061 ], [ -4.42587, 40.40062 ], [ -4.42589, 40.40152 ], [ -4.42591, 40.40242 ], [ -4.42473, 40.40244 ], [ -4.42356, 40.40245 ], [ -4.42358, 40.40335 ], [ -4.42242, 40.40427 ], [ -4.42244, 40.40517 ], [ -4.42245, 40.40607 ], [ -4.42128, 40.40609 ], [ -4.4213, 40.40699 ], [ -4.42012, 40.407 ], [ -4.4201, 40.4061 ], [ -4.41892, 40.40611 ], [ -4.41774, 40.40613 ], [ -4.41776, 40.40703 ], [ -4.41658, 40.40704 ], [ -4.4166, 40.40794 ], [ -4.41662, 40.40885 ], [ -4.41544, 40.40886 ], [ -4.41546, 40.40976 ], [ -4.41428, 40.40977 ], [ -4.4131, 40.40979 ], [ -4.41193, 40.4098 ], [ -4.41075, 40.40982 ], [ -4.40957, 40.40983 ], [ -4.40959, 40.41073 ], [ -4.40841, 40.41075 ], [ -4.40723, 40.41076 ], [ -4.40605, 40.41078 ], [ -4.40488, 40.41079 ], [ -4.4037, 40.4108 ], [ -4.40252, 40.41082 ], [ -4.40134, 40.41083 ], [ -4.40016, 40.41085 ], [ -4.39898, 40.41086 ], [ -4.39781, 40.41088 ], [ -4.39663, 40.41089 ], [ -4.39543, 40.41 ], [ -4.39545, 40.4109 ], [ -4.39425, 40.41002 ], [ -4.39307, 40.41003 ], [ -4.3919, 40.41005 ], [ -4.3907, 40.40916 ], [ -4.38952, 40.40917 ], [ -4.38834, 40.40919 ], [ -4.38716, 40.4092 ], [ -4.38599, 40.40922 ], [ -4.38481, 40.40923 ], [ -4.38479, 40.40833 ], [ -4.38361, 40.40834 ], [ -4.38243, 40.40836 ], [ -4.38126, 40.40837 ], [ -4.38124, 40.40747 ], [ -4.38006, 40.40749 ], [ -4.37888, 40.4075 ], [ -4.3777, 40.40751 ], [ -4.37652, 40.40753 ], [ -4.37535, 40.40754 ], [ -4.37417, 40.40756 ], [ -4.37299, 40.40757 ], [ -4.37181, 40.40758 ], [ -4.37063, 40.4076 ], [ -4.36945, 40.40761 ], [ -4.36828, 40.40763 ], [ -4.3671, 40.40764 ], [ -4.36592, 40.40765 ], [ -4.3659, 40.40675 ], [ -4.36474, 40.40767 ], [ -4.36358, 40.40858 ], [ -4.3601, 40.41133 ], [ -4.35657, 40.41137 ], [ -4.35421, 40.41139 ], [ -4.35303, 40.41141 ], [ -4.35185, 40.41142 ], [ -4.35068, 40.41144 ], [ -4.34832, 40.41146 ], [ -4.34361, 40.41152 ], [ -4.34125, 40.41155 ], [ -4.33887, 40.41067 ], [ -4.3365, 40.4098 ], [ -4.33532, 40.40981 ], [ -4.33057, 40.40807 ], [ -4.32823, 40.40899 ], [ -4.32588, 40.40902 ], [ -4.32354, 40.40995 ], [ -4.32118, 40.40998 ], [ -4.32116, 40.40907 ], [ -4.32115, 40.40817 ], [ -4.32233, 40.40816 ], [ -4.32231, 40.40726 ], [ -4.32347, 40.40635 ], [ -4.32229, 40.40636 ], [ -4.32227, 40.40546 ], [ -4.32225, 40.40456 ], [ -4.32108, 40.40457 ], [ -4.32106, 40.40367 ], [ -4.31986, 40.40278 ], [ -4.31985, 40.40188 ], [ -4.31865, 40.401 ], [ -4.31745, 40.40011 ], [ -4.31629, 40.40102 ], [ -4.31512, 40.40104 ], [ -4.31513, 40.40194 ], [ -4.31396, 40.40195 ], [ -4.31394, 40.40105 ], [ -4.31276, 40.40106 ], [ -4.31278, 40.40196 ], [ -4.3116, 40.40198 ], [ -4.31042, 40.40199 ], [ -4.30924, 40.402 ], [ -4.30806, 40.40202 ], [ -4.30689, 40.40203 ], [ -4.30571, 40.40204 ], [ -4.30453, 40.40206 ], [ -4.30335, 40.40207 ], [ -4.30333, 40.40117 ], [ -4.30216, 40.40118 ], [ -4.30214, 40.40028 ], [ -4.30212, 40.39938 ], [ -4.3021, 40.39848 ], [ -4.30209, 40.39758 ], [ -4.30325, 40.39667 ], [ -4.30323, 40.39576 ], [ -4.30321, 40.39486 ], [ -4.3032, 40.39396 ], [ -4.30318, 40.39306 ], [ -4.30436, 40.39305 ], [ -4.30434, 40.39215 ], [ -4.30432, 40.39125 ], [ -4.30313, 40.39036 ], [ -4.3043, 40.39035 ], [ -4.30429, 40.38945 ], [ -4.30427, 40.38855 ], [ -4.30425, 40.38765 ], [ -4.30543, 40.38763 ], [ -4.30541, 40.38673 ], [ -4.30539, 40.38583 ], [ -4.30538, 40.38493 ], [ -4.30536, 40.38403 ], [ -4.30534, 40.38313 ], [ -4.30179, 40.38227 ], [ -4.30177, 40.38137 ], [ -4.30176, 40.38047 ], [ -4.30174, 40.37957 ], [ -4.30056, 40.37958 ], [ -4.30054, 40.37868 ], [ -4.29937, 40.37869 ], [ -4.29819, 40.3787 ], [ -4.29817, 40.3778 ], [ -4.29815, 40.3769 ], [ -4.29698, 40.37692 ], [ -4.29696, 40.37602 ], [ -4.29814, 40.376 ], [ -4.2993, 40.37509 ], [ -4.29928, 40.37419 ], [ -4.29926, 40.37329 ], [ -4.30044, 40.37327 ], [ -4.30042, 40.37237 ], [ -4.3016, 40.37236 ], [ -4.30158, 40.37146 ], [ -4.30276, 40.37145 ], [ -4.30274, 40.37055 ], [ -4.30392, 40.37053 ], [ -4.3039, 40.36963 ], [ -4.30273, 40.36965 ], [ -4.30271, 40.36874 ], [ -4.30389, 40.36873 ], [ -4.30387, 40.36783 ], [ -4.30505, 40.36782 ], [ -4.30385, 40.36693 ] ], [ [ -4.30858, 40.36778 ], [ -4.31215, 40.36954 ], [ -4.3157, 40.3704 ], [ -4.32039, 40.36944 ], [ -4.32159, 40.37033 ], [ -4.32276, 40.37032 ], [ -4.32514, 40.37119 ], [ -4.32751, 40.37207 ], [ -4.33111, 40.37563 ], [ -4.33347, 40.3756 ], [ -4.33465, 40.37559 ], [ -4.33582, 40.37557 ], [ -4.33813, 40.37284 ], [ -4.33811, 40.37194 ], [ -4.33809, 40.37104 ], [ -4.33927, 40.37103 ], [ -4.33925, 40.37013 ], [ -4.34273, 40.36739 ], [ -4.34503, 40.36466 ], [ -4.34735, 40.36283 ], [ -4.34614, 40.36104 ], [ -4.34606, 40.35744 ], [ -4.34601, 40.35474 ], [ -4.34364, 40.35386 ], [ -4.34125, 40.35209 ], [ -4.33886, 40.35031 ], [ -4.33645, 40.34764 ], [ -4.33643, 40.34674 ], [ -4.33527, 40.34765 ], [ -4.33288, 40.34588 ], [ -4.32814, 40.34413 ], [ -4.32696, 40.34414 ], [ -4.32578, 40.34416 ], [ -4.32461, 40.34417 ], [ -4.32343, 40.34419 ], [ -4.32111, 40.34601 ], [ -4.31645, 40.34877 ], [ -4.31531, 40.35058 ], [ -4.31537, 40.35329 ], [ -4.31305, 40.35511 ], [ -4.31196, 40.35963 ], [ -4.3108, 40.36055 ], [ -4.30853, 40.36508 ], [ -4.30505, 40.36782 ], [ -4.30858, 40.36778 ] ] ] } },
{ "type": "Feature", "properties": { "ine_code": "28134", "name": "San Sebastián de los Reyes" }, "geometry": { "type": "Polygon", "coordinates": [ [ [ -3.66888, 40.59126 ], [ -3.66771, 40.59217 ], [ -3.66652, 40.59218 ], [ -3.66534, 40.59218 ], [ -3.66416, 40.59219 ], [ -3.6618, 40.59221 ], [ -3.66062, 40.59221 ], [ -3.66061, 40.59131 ], [ -3.65943, 40.59132 ], [ -3.65942, 40.59042 ], [ -3.65823, 40.59042 ], [ -3.65823, 40.58952 ], [ -3.65704, 40.58953 ], [ -3.65585, 40.58864 ], [ -3.65584, 40.58773 ], [ -3.65466, 40.58774 ], [ -3.65465, 40.58684 ], [ -3.65465, 40.58594 ], [ -3.65464, 40.58504 ], [ -3.65346, 40.58505 ], [ -3.65345, 40.58414 ], [ -3.65344, 40.58324 ], [ -3.65343, 40.58234 ], [ -3.65342, 40.58144 ], [ -3.65224, 40.58145 ], [ -3.65223, 40.58055 ], [ -3.65222, 40.57965 ], [ -3.65103, 40.57875 ], [ -3.65102, 40.57785 ], [ -3.64984, 40.57786 ], [ -3.64983, 40.57696 ], [ -3.64865, 40.57696 ], [ -3.64747, 40.57697 ], [ -3.64629, 40.57698 ], [ -3.64511, 40.57698 ], [ -3.64392, 40.57699 ], [ -3.64273, 40.5761 ], [ -3.64155, 40.5761 ], [ -3.64154, 40.5752 ], [ -3.64036, 40.57521 ], [ -3.63918, 40.57522 ], [ -3.638, 40.57522 ], [ -3.63681, 40.57433 ], [ -3.63563, 40.57433 ], [ -3.63445, 40.57434 ], [ -3.63327, 40.57435 ], [ -3.63209, 40.57435 ], [ -3.6309, 40.57436 ], [ -3.62972, 40.57437 ], [ -3.62854, 40.57437 ], [ -3.62853, 40.57347 ], [ -3.62617, 40.57349 ], [ -3.62499, 40.57349 ], [ -3.62382, 40.5744 ], [ -3.62264, 40.57531 ], [ -3.62147, 40.57621 ], [ -3.6203, 40.57712 ], [ -3.61912, 40.57803 ], [ -3.61913, 40.57893 ], [ -3.61795, 40.57893 ], [ -3.61678, 40.58074 ], [ -3.61442, 40.58076 ], [ -3.61325, 40.58166 ], [ -3.61207, 40.58167 ], [ -3.61089, 40.58258 ], [ -3.60972, 40.58348 ], [ -3.60854, 40.58349 ], [ -3.60619, 40.5853 ], [ -3.6062, 40.5862 ], [ -3.60503, 40.58711 ], [ -3.60503, 40.58801 ], [ -3.60385, 40.58802 ], [ -3.60386, 40.58892 ], [ -3.60268, 40.58893 ], [ -3.60269, 40.58983 ], [ -3.6027, 40.59073 ], [ -3.60151, 40.59073 ], [ -3.60152, 40.59163 ], [ -3.60153, 40.59253 ], [ -3.60271, 40.59253 ], [ -3.60272, 40.59343 ], [ -3.6039, 40.59342 ], [ -3.60391, 40.59432 ], [ -3.60509, 40.59432 ], [ -3.6051, 40.59522 ], [ -3.60511, 40.59612 ], [ -3.6063, 40.59701 ], [ -3.60748, 40.59701 ], [ -3.60749, 40.59791 ], [ -3.60867, 40.5979 ], [ -3.60868, 40.5988 ], [ -3.61104, 40.59879 ], [ -3.61105, 40.59969 ], [ -3.61341, 40.59968 ], [ -3.6146, 40.60057 ], [ -3.61579, 40.60057 ], [ -3.61579, 40.60147 ], [ -3.61698, 40.60236 ], [ -3.61581, 40.60327 ], [ -3.61582, 40.60417 ], [ -3.617, 40.60416 ], [ -3.61701, 40.60507 ], [ -3.61702, 40.60597 ], [ -3.61702, 40.60687 ], [ -3.61703, 40.60777 ], [ -3.61822, 40.60866 ], [ -3.61823, 40.60956 ], [ -3.61824, 40.61046 ], [ -3.61825, 40.61136 ], [ -3.61943, 40.61136 ], [ -3.61944, 40.61226 ], [ -3.62062, 40.61225 ], [ -3.62063, 40.61315 ], [ -3.62182, 40.61405 ], [ -3.62183, 40.61495 ], [ -3.62302, 40.61584 ], [ -3.62303, 40.61674 ], [ -3.62421, 40.61674 ], [ -3.62539, 40.61673 ], [ -3.6254, 40.61763 ], [ -3.62541, 40.61853 ], [ -3.62423, 40.61944 ], [ -3.62305, 40.61945 ], [ -3.62306, 40.62035 ], [ -3.62189, 40.62125 ], [ -3.62189, 40.62216 ], [ -3.61954, 40.62307 ], [ -3.61836, 40.62398 ], [ -3.6172, 40.62578 ], [ -3.61602, 40.62579 ], [ -3.61484, 40.6267 ], [ -3.6125, 40.62941 ], [ -3.61015, 40.63033 ], [ -3.60779, 40.63124 ], [ -3.60661, 40.63125 ], [ -3.60542, 40.63125 ], [ -3.60542, 40.63035 ], [ -3.60423, 40.63036 ], [ -3.6042, 40.62675 ], [ -3.60419, 40.62585 ], [ -3.60419, 40.62495 ], [ -3.603, 40.62496 ], [ -3.60065, 40.62587 ], [ -3.60065, 40.62677 ], [ -3.59947, 40.62678 ], [ -3.59829, 40.62678 ], [ -3.59711, 40.62679 ], [ -3.59593, 40.6268 ], [ -3.59474, 40.6268 ], [ -3.59356, 40.62681 ], [ -3.59237, 40.62591 ], [ -3.5912, 40.62682 ], [ -3.59119, 40.62592 ], [ -3.59001, 40.62593 ], [ -3.58882, 40.62593 ], [ -3.58765, 40.62684 ], [ -3.58647, 40.62685 ], [ -3.58528, 40.62685 ], [ -3.58529, 40.62775 ], [ -3.58411, 40.62776 ], [ -3.5841, 40.62686 ], [ -3.58292, 40.62686 ], [ -3.58291, 40.62596 ], [ -3.5829, 40.62506 ], [ -3.58172, 40.62507 ], [ -3.58053, 40.62417 ], [ -3.57934, 40.62328 ], [ -3.58052, 40.62237 ], [ -3.58051, 40.62147 ], [ -3.58168, 40.62056 ], [ -3.5805, 40.62057 ], [ -3.58049, 40.61967 ], [ -3.57931, 40.61967 ], [ -3.5793, 40.61877 ], [ -3.57812, 40.61878 ], [ -3.57694, 40.61879 ], [ -3.57576, 40.61879 ], [ -3.57576, 40.61969 ], [ -3.57458, 40.6197 ], [ -3.5734, 40.6197 ], [ -3.57339, 40.6188 ], [ -3.57338, 40.6179 ], [ -3.57338, 40.617 ], [ -3.57337, 40.6161 ], [ -3.57336, 40.6152 ], [ -3.57454, 40.61429 ], [ -3.57453, 40.61339 ], [ -3.57334, 40.6125 ], [ -3.57333, 40.6116 ], [ -3.57332, 40.6107 ], [ -3.57331, 40.60979 ], [ -3.5745, 40.60979 ], [ -3.57567, 40.60888 ], [ -3.57685, 40.60888 ], [ -3.57685, 40.60798 ], [ -3.57684, 40.60707 ], [ -3.57683, 40.60617 ], [ -3.57682, 40.60527 ], [ -3.57681, 40.60437 ], [ -3.57681, 40.60347 ], [ -3.57562, 40.60258 ], [ -3.57561, 40.60168 ], [ -3.57443, 40.60168 ], [ -3.57442, 40.60078 ], [ -3.57441, 40.59988 ], [ -3.57322, 40.59898 ], [ -3.57203, 40.59809 ], [ -3.57085, 40.5981 ], [ -3.56967, 40.5981 ], [ -3.56849, 40.59811 ], [ -3.56731, 40.59811 ], [ -3.56731, 40.59901 ], [ -3.56613, 40.59902 ], [ -3.56495, 40.59903 ], [ -3.56494, 40.59812 ], [ -3.56375, 40.59723 ], [ -3.56493, 40.59632 ], [ -3.56492, 40.59542 ], [ -3.56491, 40.59452 ], [ -3.5649, 40.59362 ], [ -3.5649, 40.59272 ], [ -3.56489, 40.59182 ], [ -3.56253, 40.59183 ], [ -3.56134, 40.59184 ], [ -3.56014, 40.58914 ], [ -3.56012, 40.58734 ], [ -3.55775, 40.58645 ], [ -3.55893, 40.58554 ], [ -3.55775, 40.58555 ], [ -3.55539, 40.58646 ], [ -3.55185, 40.58648 ], [ -3.55066, 40.58648 ], [ -3.54948, 40.58649 ], [ -3.54831, 40.58739 ], [ -3.5483, 40.58649 ], [ -3.54711, 40.5856 ], [ -3.54592, 40.5847 ], [ -3.54592, 40.5838 ], [ -3.54473, 40.58381 ], [ -3.54354, 40.58291 ], [ -3.54236, 40.58292 ], [ -3.54118, 40.58292 ], [ -3.53999, 40.58203 ], [ -3.53998, 40.58023 ], [ -3.5388, 40.58023 ], [ -3.53879, 40.57933 ], [ -3.53996, 40.57842 ], [ -3.53878, 40.57753 ], [ -3.53877, 40.57663 ], [ -3.53875, 40.57483 ], [ -3.53874, 40.57303 ], [ -3.53991, 40.57212 ], [ -3.53991, 40.57122 ], [ -3.54345, 40.5712 ], [ -3.54462, 40.57029 ], [ -3.54699, 40.57118 ], [ -3.54818, 40.57208 ], [ -3.55055, 40.57297 ], [ -3.55174, 40.57386 ], [ -3.55293, 40.57476 ], [ -3.55412, 40.57566 ], [ -3.55766, 40.57564 ], [ -3.55884, 40.57473 ], [ -3.56, 40.57292 ], [ -3.56236, 40.57201 ], [ -3.56472, 40.572 ], [ -3.56353, 40.57111 ], [ -3.56234, 40.57021 ], [ -3.55997, 40.56842 ], [ -3.55878, 40.56752 ], [ -3.55877, 40.56662 ], [ -3.55876, 40.56572 ], [ -3.55876, 40.56482 ], [ -3.55993, 40.56392 ], [ -3.56111, 40.56391 ], [ -3.5611, 40.56301 ], [ -3.5611, 40.56211 ], [ -3.56109, 40.56121 ], [ -3.56108, 40.56031 ], [ -3.56107, 40.55941 ], [ -3.56225, 40.5594 ], [ -3.56343, 40.55939 ], [ -3.56461, 40.55849 ], [ -3.56579, 40.55848 ], [ -3.56578, 40.55758 ], [ -3.56577, 40.55668 ], [ -3.56577, 40.55578 ], [ -3.56576, 40.55488 ], [ -3.56575, 40.55398 ], [ -3.56574, 40.55308 ], [ -3.56456, 40.55308 ], [ -3.56456, 40.55218 ], [ -3.56337, 40.55129 ], [ -3.56336, 40.55039 ], [ -3.56218, 40.55039 ], [ -3.56099, 40.5495 ], [ -3.5598, 40.5486 ], [ -3.55979, 40.5477 ], [ -3.55742, 40.54681 ], [ -3.55742, 40.54591 ], [ -3.55624, 40.54592 ], [ -3.55623, 40.54501 ], [ -3.55622, 40.54411 ], [ -3.5574, 40.54411 ], [ -3.55739, 40.54321 ], [ -3.55739, 40.54231 ], [ -3.55738, 40.54141 ], [ -3.5562, 40.54141 ], [ -3.55502, 40.54142 ], [ -3.55384, 40.54142 ], [ -3.55266, 40.54143 ], [ -3.55148, 40.54233 ], [ -3.5503, 40.54234 ], [ -3.55029, 40.54144 ], [ -3.54911, 40.54054 ], [ -3.5491, 40.53964 ], [ -3.54909, 40.53874 ], [ -3.5479, 40.53785 ], [ -3.5479, 40.53695 ], [ -3.54789, 40.53605 ], [ -3.54788, 40.53514 ], [ -3.54787, 40.53424 ], [ -3.54906, 40.53424 ], [ -3.54905, 40.53334 ], [ -3.55023, 40.53333 ], [ -3.55022, 40.53243 ], [ -3.5514, 40.53243 ], [ -3.55258, 40.53242 ], [ -3.55376, 40.53241 ], [ -3.55731, 40.5333 ], [ -3.55968, 40.53419 ], [ -3.56322, 40.53417 ], [ -3.5644, 40.53416 ], [ -3.56558, 40.53416 ], [ -3.56677, 40.53415 ], [ -3.56795, 40.53415 ], [ -3.56913, 40.53414 ], [ -3.57031, 40.53414 ], [ -3.57149, 40.53413 ], [ -3.57267, 40.53412 ], [ -3.57385, 40.53412 ], [ -3.57503, 40.53411 ], [ -3.57621, 40.53411 ], [ -3.57857, 40.53409 ], [ -3.57975, 40.53409 ], [ -3.58093, 40.53408 ], [ -3.58211, 40.53408 ], [ -3.58212, 40.53498 ], [ -3.5833, 40.53497 ], [ -3.58448, 40.53497 ], [ -3.58566, 40.53496 ], [ -3.58567, 40.53586 ], [ -3.58685, 40.53585 ], [ -3.58803, 40.53585 ], [ -3.58922, 40.53674 ], [ -3.5904, 40.53674 ], [ -3.59159, 40.53763 ], [ -3.59277, 40.53763 ], [ -3.59395, 40.53762 ], [ -3.59513, 40.53761 ], [ -3.59632, 40.53761 ], [ -3.5975, 40.5376 ], [ -3.59868, 40.5376 ], [ -3.59986, 40.53759 ], [ -3.59987, 40.53849 ], [ -3.60105, 40.53848 ], [ -3.60104, 40.53758 ], [ -3.60222, 40.53758 ], [ -3.6034, 40.53757 ], [ -3.60458, 40.53756 ], [ -3.60459, 40.53847 ], [ -3.60577, 40.53846 ], [ -3.60695, 40.53845 ], [ -3.60813, 40.53845 ], [ -3.60931, 40.53844 ], [ -3.61049, 40.53843 ], [ -3.61167, 40.53843 ], [ -3.61285, 40.53842 ], [ -3.61403, 40.53842 ], [ -3.61404, 40.53932 ], [ -3.61522, 40.53931 ], [ -3.61523, 40.54021 ], [ -3.61641, 40.5402 ], [ -3.61759, 40.5402 ], [ -3.61877, 40.54019 ], [ -3.61996, 40.54019 ], [ -3.62114, 40.54018 ], [ -3.62232, 40.54017 ], [ -3.6235, 40.54017 ], [ -3.62468, 40.54016 ], [ -3.62586, 40.54015 ], [ -3.62823, 40.54104 ], [ -3.62824, 40.54194 ], [ -3.62825, 40.54284 ], [ -3.62825, 40.54374 ], [ -3.62944, 40.54374 ], [ -3.62944, 40.54464 ], [ -3.63062, 40.54463 ], [ -3.63181, 40.54463 ], [ -3.63299, 40.54462 ], [ -3.63299, 40.54552 ], [ -3.63418, 40.54551 ], [ -3.63418, 40.54641 ], [ -3.63537, 40.54641 ], [ -3.63537, 40.54731 ], [ -3.63655, 40.5473 ], [ -3.63656, 40.5482 ], [ -3.63775, 40.5491 ], [ -3.63776, 40.55 ], [ -3.63894, 40.54999 ], [ -3.63895, 40.55089 ], [ -3.64014, 40.55179 ], [ -3.64015, 40.55269 ], [ -3.64016, 40.55359 ], [ -3.64017, 40.55449 ], [ -3.64135, 40.55448 ], [ -3.64253, 40.55448 ], [ -3.64371, 40.55447 ], [ -3.64372, 40.55537 ], [ -3.6449, 40.55536 ], [ -3.64608, 40.55536 ], [ -3.64726, 40.55535 ], [ -3.64725, 40.55445 ], [ -3.64843, 40.55444 ], [ -3.64961, 40.55444 ], [ -3.6508, 40.55443 ], [ -3.6508, 40.55533 ], [ -3.65199, 40.55532 ], [ -3.65317, 40.55532 ], [ -3.65435, 40.55531 ], [ -3.65675, 40.5598 ], [ -3.66394, 40.56967 ], [ -3.66756, 40.57776 ], [ -3.67115, 40.58224 ], [ -3.67237, 40.58584 ], [ -3.67358, 40.58853 ], [ -3.66888, 40.59126 ] ] ] } },
{ "type": "Feature", "properties": { "ine_code": "28135", "name": "Santa María de la Alameda" }, "geometry": { "type": "Polygon", "coordinates": [ [ [ -4.28411, 40.6293 ], [ -4.28415, 40.6311 ], [ -4.28296, 40.63112 ], [ -4.28178, 40.63113 ], [ -4.2806, 40.63114 ], [ -4.2794, 40.63026 ], [ -4.27822, 40.63027 ], [ -4.27704, 40.63028 ], [ -4.27702, 40.62938 ], [ -4.27584, 40.62939 ], [ -4.27466, 40.62941 ], [ -4.27347, 40.62942 ], [ -4.27229, 40.62943 ], [ -4.27111, 40.62945 ], [ -4.27101, 40.62404 ], [ -4.26727, 40.61417 ], [ -4.26602, 40.61058 ], [ -4.26359, 40.60701 ], [ -4.26238, 40.60522 ], [ -4.25762, 40.60347 ], [ -4.25171, 40.60353 ], [ -4.24578, 40.6027 ], [ -4.23987, 40.60276 ], [ -4.23278, 40.60284 ], [ -4.22571, 40.60381 ], [ -4.22218, 40.60475 ], [ -4.21982, 40.60478 ], [ -4.21983, 40.60568 ], [ -4.21865, 40.60569 ], [ -4.21747, 40.6057 ], [ -4.21629, 40.60571 ], [ -4.21511, 40.60573 ], [ -4.21392, 40.60574 ], [ -4.21274, 40.60575 ], [ -4.21276, 40.60665 ], [ -4.21158, 40.60666 ], [ -4.2104, 40.60668 ], [ -4.21041, 40.60758 ], [ -4.20923, 40.60759 ], [ -4.20805, 40.6076 ], [ -4.20806, 40.6085 ], [ -4.20688, 40.60852 ], [ -4.19631, 40.61223 ], [ -4.18689, 40.61413 ], [ -4.17628, 40.61604 ], [ -4.16104, 40.6234 ], [ -4.15983, 40.62161 ], [ -4.1598, 40.61981 ], [ -4.15861, 40.61982 ], [ -4.15623, 40.61894 ], [ -4.15505, 40.61895 ], [ -4.15149, 40.61809 ], [ -4.15266, 40.61718 ], [ -4.15384, 40.61717 ], [ -4.15501, 40.61625 ], [ -4.15617, 40.61534 ], [ -4.15735, 40.61533 ], [ -4.1597, 40.6144 ], [ -4.16088, 40.61439 ], [ -4.16323, 40.61347 ], [ -4.16558, 40.61254 ], [ -4.16557, 40.61164 ], [ -4.16673, 40.61073 ], [ -4.16908, 40.60981 ], [ -4.17023, 40.60799 ], [ -4.17138, 40.60618 ], [ -4.17255, 40.60527 ], [ -4.17371, 40.60435 ], [ -4.17486, 40.60254 ], [ -4.17601, 40.60073 ], [ -4.17834, 40.5989 ], [ -4.17951, 40.59799 ], [ -4.17949, 40.59709 ], [ -4.18066, 40.59617 ], [ -4.18301, 40.59525 ], [ -4.18417, 40.59434 ], [ -4.18416, 40.59344 ], [ -4.18532, 40.59252 ], [ -4.18647, 40.59071 ], [ -4.18764, 40.5898 ], [ -4.18762, 40.5889 ], [ -4.18761, 40.588 ], [ -4.18995, 40.58707 ], [ -4.19347, 40.58523 ], [ -4.19462, 40.58342 ], [ -4.1946, 40.58252 ], [ -4.19455, 40.57982 ], [ -4.1945, 40.57711 ], [ -4.19331, 40.57623 ], [ -4.19447, 40.57531 ], [ -4.19682, 40.57439 ], [ -4.19798, 40.57347 ], [ -4.19915, 40.57256 ], [ -4.1991, 40.56986 ], [ -4.19907, 40.56806 ], [ -4.19905, 40.56716 ], [ -4.19787, 40.56717 ], [ -4.19785, 40.56627 ], [ -4.19667, 40.56628 ], [ -4.19549, 40.56629 ], [ -4.19431, 40.56631 ], [ -4.19311, 40.56542 ], [ -4.19193, 40.56543 ], [ -4.19192, 40.56453 ], [ -4.19074, 40.56454 ], [ -4.19075, 40.56544 ], [ -4.18957, 40.56545 ], [ -4.18839, 40.56547 ], [ -4.18841, 40.56637 ], [ -4.18722, 40.56638 ], [ -4.18724, 40.56728 ], [ -4.18606, 40.56729 ], [ -4.18608, 40.56819 ], [ -4.18491, 40.56911 ], [ -4.18373, 40.56912 ], [ -4.18374, 40.57002 ], [ -4.18256, 40.57003 ], [ -4.18258, 40.57093 ], [ -4.1814, 40.57094 ], [ -4.18141, 40.57184 ], [ -4.18025, 40.57276 ], [ -4.18026, 40.57366 ], [ -4.17908, 40.57367 ], [ -4.1791, 40.57457 ], [ -4.17792, 40.57458 ], [ -4.17674, 40.57459 ], [ -4.17675, 40.57549 ], [ -4.17557, 40.57551 ], [ -4.17439, 40.57552 ], [ -4.17321, 40.57553 ], [ -4.17203, 40.57554 ], [ -4.17085, 40.57555 ], [ -4.16965, 40.57467 ], [ -4.16844, 40.57288 ], [ -4.16722, 40.57109 ], [ -4.16959, 40.57106 ], [ -4.17077, 40.57105 ], [ -4.17313, 40.57103 ], [ -4.17431, 40.57102 ], [ -4.17666, 40.57009 ], [ -4.17782, 40.56918 ], [ -4.18017, 40.56825 ], [ -4.18132, 40.56644 ], [ -4.18367, 40.56551 ], [ -4.18485, 40.5655 ], [ -4.18836, 40.56366 ], [ -4.18949, 40.56095 ], [ -4.19185, 40.56093 ], [ -4.19303, 40.56091 ], [ -4.1942, 40.56 ], [ -4.19538, 40.55999 ], [ -4.19654, 40.55908 ], [ -4.21301, 40.5553 ], [ -4.21869, 40.54263 ], [ -4.22336, 40.53988 ], [ -4.23148, 40.53168 ], [ -4.235, 40.53074 ], [ -4.23971, 40.52979 ], [ -4.24325, 40.52975 ], [ -4.24564, 40.53153 ], [ -4.2492, 40.53239 ], [ -4.25389, 40.53054 ], [ -4.25741, 40.5296 ], [ -4.26099, 40.53136 ], [ -4.26101, 40.53227 ], [ -4.2622, 40.53315 ], [ -4.26222, 40.53405 ], [ -4.26342, 40.53494 ], [ -4.26343, 40.53584 ], [ -4.26461, 40.53583 ], [ -4.26463, 40.53673 ], [ -4.26581, 40.53672 ], [ -4.26583, 40.53762 ], [ -4.26701, 40.5376 ], [ -4.26821, 40.53849 ], [ -4.26822, 40.53939 ], [ -4.26824, 40.54029 ], [ -4.26942, 40.54028 ], [ -4.2706, 40.54027 ], [ -4.27178, 40.54025 ], [ -4.2718, 40.54116 ], [ -4.27182, 40.54206 ], [ -4.27064, 40.54207 ], [ -4.27065, 40.54297 ], [ -4.26947, 40.54298 ], [ -4.26829, 40.543 ], [ -4.26711, 40.54301 ], [ -4.26593, 40.54302 ], [ -4.26475, 40.54303 ], [ -4.26357, 40.54305 ], [ -4.26355, 40.54215 ], [ -4.26237, 40.54216 ], [ -4.26119, 40.54217 ], [ -4.26001, 40.54219 ], [ -4.25883, 40.5422 ], [ -4.25885, 40.5431 ], [ -4.25886, 40.544 ], [ -4.25768, 40.54401 ], [ -4.2577, 40.54491 ], [ -4.25652, 40.54493 ], [ -4.25654, 40.54583 ], [ -4.25655, 40.54673 ], [ -4.25657, 40.54763 ], [ -4.25775, 40.54762 ], [ -4.25773, 40.54671 ], [ -4.25891, 40.5467 ], [ -4.25893, 40.5476 ], [ -4.26011, 40.54759 ], [ -4.26013, 40.54849 ], [ -4.26131, 40.54848 ], [ -4.26249, 40.54846 ], [ -4.26367, 40.54845 ], [ -4.26485, 40.54844 ], [ -4.26603, 40.54843 ], [ -4.26605, 40.54933 ], [ -4.26725, 40.55021 ], [ -4.26843, 40.5502 ], [ -4.26961, 40.55019 ], [ -4.26963, 40.55109 ], [ -4.26964, 40.55199 ], [ -4.26846, 40.552 ], [ -4.26848, 40.5529 ], [ -4.2685, 40.5538 ], [ -4.26851, 40.5547 ], [ -4.26971, 40.55559 ], [ -4.27091, 40.55648 ], [ -4.27093, 40.55738 ], [ -4.27094, 40.55828 ], [ -4.27096, 40.55918 ], [ -4.27098, 40.56008 ], [ -4.2698, 40.5601 ], [ -4.26981, 40.561 ], [ -4.26983, 40.5619 ], [ -4.27101, 40.56188 ], [ -4.27219, 40.56187 ], [ -4.27337, 40.56186 ], [ -4.27339, 40.56276 ], [ -4.27341, 40.56366 ], [ -4.27459, 40.56365 ], [ -4.27577, 40.56363 ], [ -4.27575, 40.56273 ], [ -4.27693, 40.56272 ], [ -4.27811, 40.56271 ], [ -4.2781, 40.56181 ], [ -4.27928, 40.56179 ], [ -4.28046, 40.56178 ], [ -4.28048, 40.56268 ], [ -4.28049, 40.56358 ], [ -4.28167, 40.56357 ], [ -4.28285, 40.56355 ], [ -4.28404, 40.56354 ], [ -4.28405, 40.56444 ], [ -4.28523, 40.56443 ], [ -4.28525, 40.56533 ], [ -4.28643, 40.56532 ], [ -4.2876, 40.5644 ], [ -4.28878, 40.56439 ], [ -4.28879, 40.56529 ], [ -4.28999, 40.56618 ], [ -4.28881, 40.56619 ], [ -4.28883, 40.56709 ], [ -4.28885, 40.56799 ], [ -4.28886, 40.56889 ], [ -4.28888, 40.56979 ], [ -4.2889, 40.57069 ], [ -4.28892, 40.57159 ], [ -4.28775, 40.57251 ], [ -4.28777, 40.57341 ], [ -4.2866, 40.57432 ], [ -4.28662, 40.57522 ], [ -4.28664, 40.57612 ], [ -4.28666, 40.57703 ], [ -4.28667, 40.57793 ], [ -4.28549, 40.57794 ], [ -4.28551, 40.57884 ], [ -4.28553, 40.57974 ], [ -4.28554, 40.58064 ], [ -4.28556, 40.58154 ], [ -4.28558, 40.58244 ], [ -4.2856, 40.58334 ], [ -4.28441, 40.58336 ], [ -4.28443, 40.58426 ], [ -4.28325, 40.58427 ], [ -4.28327, 40.58517 ], [ -4.28209, 40.58518 ], [ -4.2821, 40.58608 ], [ -4.28328, 40.58607 ], [ -4.2833, 40.58697 ], [ -4.28332, 40.58787 ], [ -4.28214, 40.58789 ], [ -4.28216, 40.58879 ], [ -4.28097, 40.5888 ], [ -4.28099, 40.5897 ], [ -4.28217, 40.58969 ], [ -4.28335, 40.58967 ], [ -4.28337, 40.59057 ], [ -4.28339, 40.59148 ], [ -4.28221, 40.59149 ], [ -4.28222, 40.59239 ], [ -4.28224, 40.59329 ], [ -4.28342, 40.59328 ], [ -4.28344, 40.59418 ], [ -4.28346, 40.59508 ], [ -4.28347, 40.59598 ], [ -4.28229, 40.59599 ], [ -4.28231, 40.59689 ], [ -4.28113, 40.59691 ], [ -4.28115, 40.59781 ], [ -4.28116, 40.59871 ], [ -4.27998, 40.59872 ], [ -4.28, 40.59962 ], [ -4.28002, 40.60052 ], [ -4.27883, 40.60053 ], [ -4.27885, 40.60143 ], [ -4.27887, 40.60234 ], [ -4.27889, 40.60324 ], [ -4.2789, 40.60414 ], [ -4.28008, 40.60412 ], [ -4.2801, 40.60502 ], [ -4.28128, 40.60501 ], [ -4.28246, 40.605 ], [ -4.28365, 40.60499 ], [ -4.28366, 40.60589 ], [ -4.28485, 40.60587 ], [ -4.28603, 40.60586 ], [ -4.28721, 40.60585 ], [ -4.28839, 40.60583 ], [ -4.28841, 40.60673 ], [ -4.28959, 40.60672 ], [ -4.28961, 40.60762 ], [ -4.29079, 40.60761 ], [ -4.29081, 40.60851 ], [ -4.29082, 40.60941 ], [ -4.29084, 40.61031 ], [ -4.28966, 40.61032 ], [ -4.28968, 40.61122 ], [ -4.28969, 40.61212 ], [ -4.28971, 40.61303 ], [ -4.28853, 40.61304 ], [ -4.28855, 40.61394 ], [ -4.28856, 40.61484 ], [ -4.28858, 40.61574 ], [ -4.28976, 40.61573 ], [ -4.28978, 40.61663 ], [ -4.2886, 40.61664 ], [ -4.28862, 40.61754 ], [ -4.28863, 40.61844 ], [ -4.28982, 40.61843 ], [ -4.28983, 40.61933 ], [ -4.28865, 40.61934 ], [ -4.28867, 40.62024 ], [ -4.28868, 40.62114 ], [ -4.2887, 40.62204 ], [ -4.28872, 40.62295 ], [ -4.28874, 40.62385 ], [ -4.28875, 40.62475 ], [ -4.28877, 40.62565 ], [ -4.28879, 40.62655 ], [ -4.28881, 40.62745 ], [ -4.28999, 40.62744 ], [ -4.28766, 40.62926 ], [ -4.28411, 40.6293 ] ] ] } },
{ "type": "Feature", "properties": { "ine_code": "28136", "name": "Santorcaz" }, "geometry": { "type": "Polygon", "coordinates": [ [ [ -3.25722, 40.48481 ], [ -3.25486, 40.48571 ], [ -3.25369, 40.48662 ], [ -3.25133, 40.48752 ], [ -3.25015, 40.48752 ], [ -3.24898, 40.48933 ], [ -3.24662, 40.49023 ], [ -3.24427, 40.49204 ], [ -3.24191, 40.49295 ], [ -3.24074, 40.49565 ], [ -3.2372, 40.49746 ], [ -3.23602, 40.49746 ], [ -3.23485, 40.49927 ], [ -3.23367, 40.50017 ], [ -3.23132, 40.50108 ], [ -3.22778, 40.50199 ], [ -3.2266, 40.50289 ], [ -3.22543, 40.50469 ], [ -3.22425, 40.50469 ], [ -3.22307, 40.5047 ], [ -3.22188, 40.5038 ], [ -3.2207, 40.5038 ], [ -3.21952, 40.5038 ], [ -3.21834, 40.50381 ], [ -3.21716, 40.50381 ], [ -3.21598, 40.50381 ], [ -3.2148, 40.50381 ], [ -3.2148, 40.50291 ], [ -3.21362, 40.50291 ], [ -3.21244, 40.50292 ], [ -3.21126, 40.50292 ], [ -3.21126, 40.50202 ], [ -3.21008, 40.50202 ], [ -3.2089, 40.50202 ], [ -3.20417, 40.49933 ], [ -3.2018, 40.49843 ], [ -3.2018, 40.49573 ], [ -3.20061, 40.49483 ], [ -3.20061, 40.49393 ], [ -3.19942, 40.49123 ], [ -3.19942, 40.49033 ], [ -3.19941, 40.48852 ], [ -3.19705, 40.48583 ], [ -3.19704, 40.48312 ], [ -3.19585, 40.48132 ], [ -3.19585, 40.47952 ], [ -3.19585, 40.47862 ], [ -3.19584, 40.47592 ], [ -3.19819, 40.47321 ], [ -3.19818, 40.47051 ], [ -3.19936, 40.47051 ], [ -3.19935, 40.4678 ], [ -3.20053, 40.466 ], [ -3.20052, 40.4642 ], [ -3.19934, 40.4624 ], [ -3.19815, 40.4606 ], [ -3.19933, 40.45879 ], [ -3.19932, 40.45519 ], [ -3.20049, 40.45249 ], [ -3.1993, 40.45159 ], [ -3.20047, 40.44798 ], [ -3.20047, 40.44618 ], [ -3.19928, 40.44438 ], [ -3.1981, 40.44258 ], [ -3.20045, 40.44077 ], [ -3.20163, 40.43987 ], [ -3.2028, 40.43897 ], [ -3.20516, 40.43806 ], [ -3.20634, 40.43806 ], [ -3.20752, 40.43716 ], [ -3.20987, 40.43445 ], [ -3.21104, 40.43445 ], [ -3.21341, 40.43625 ], [ -3.21577, 40.43804 ], [ -3.21695, 40.43804 ], [ -3.21813, 40.43804 ], [ -3.21813, 40.43894 ], [ -3.21931, 40.43894 ], [ -3.22049, 40.43984 ], [ -3.22167, 40.43983 ], [ -3.22285, 40.43983 ], [ -3.22521, 40.43983 ], [ -3.22639, 40.44073 ], [ -3.22993, 40.44162 ], [ -3.23111, 40.44162 ], [ -3.23347, 40.44161 ], [ -3.23466, 40.44341 ], [ -3.23466, 40.44431 ], [ -3.23466, 40.44521 ], [ -3.23467, 40.44702 ], [ -3.23467, 40.44882 ], [ -3.23704, 40.45061 ], [ -3.24058, 40.45151 ], [ -3.24176, 40.45151 ], [ -3.24412, 40.4515 ], [ -3.24649, 40.4542 ], [ -3.24649, 40.4551 ], [ -3.24886, 40.4569 ], [ -3.25004, 40.4587 ], [ -3.25005, 40.4605 ], [ -3.25006, 40.4623 ], [ -3.25006, 40.4641 ], [ -3.25243, 40.4668 ], [ -3.25243, 40.4677 ], [ -3.25362, 40.4686 ], [ -3.25363, 40.4722 ], [ -3.25482, 40.4749 ], [ -3.25601, 40.4767 ], [ -3.2572, 40.4803 ], [ -3.2572, 40.4812 ], [ -3.25838, 40.4812 ], [ -3.25839, 40.4821 ], [ -3.25839, 40.483 ], [ -3.25839, 40.4839 ], [ -3.25722, 40.48481 ] ] ] } },
{ "type": "Feature", "properties": { "ine_code": "28137", "name": "Los Santos de la Humosa" }, "geometry": { "type": "Polygon", "coordinates": [ [ [ -3.29974, 40.49461 ], [ -3.29974, 40.49551 ], [ -3.29975, 40.49642 ], [ -3.30093, 40.49641 ], [ -3.30211, 40.49641 ], [ -3.30211, 40.49731 ], [ -3.30329, 40.49731 ], [ -3.30447, 40.4973 ], [ -3.30447, 40.4982 ], [ -3.30565, 40.4982 ], [ -3.30683, 40.4982 ], [ -3.30684, 40.4991 ], [ -3.30684, 40.5 ], [ -3.30802, 40.5 ], [ -3.30803, 40.5009 ], [ -3.30921, 40.5018 ], [ -3.30922, 40.5027 ], [ -3.30804, 40.5027 ], [ -3.30804, 40.5036 ], [ -3.30686, 40.5045 ], [ -3.30569, 40.50541 ], [ -3.30569, 40.50631 ], [ -3.30687, 40.50631 ], [ -3.30805, 40.5063 ], [ -3.30923, 40.5063 ], [ -3.30924, 40.5072 ], [ -3.30806, 40.5072 ], [ -3.30806, 40.50811 ], [ -3.30806, 40.50901 ], [ -3.30807, 40.50991 ], [ -3.30807, 40.51081 ], [ -3.30808, 40.51171 ], [ -3.30808, 40.51261 ], [ -3.3069, 40.51261 ], [ -3.3069, 40.51351 ], [ -3.30572, 40.51352 ], [ -3.30454, 40.51352 ], [ -3.30454, 40.51262 ], [ -3.30336, 40.51172 ], [ -3.30217, 40.51082 ], [ -3.30099, 40.51083 ], [ -3.30099, 40.51173 ], [ -3.29982, 40.51263 ], [ -3.29982, 40.51353 ], [ -3.29864, 40.51354 ], [ -3.29747, 40.51534 ], [ -3.29511, 40.51625 ], [ -3.29394, 40.51715 ], [ -3.29276, 40.51715 ], [ -3.29158, 40.51716 ], [ -3.29039, 40.51716 ], [ -3.28803, 40.51627 ], [ -3.28685, 40.51627 ], [ -3.28567, 40.51627 ], [ -3.28567, 40.51717 ], [ -3.28449, 40.51717 ], [ -3.2845, 40.51808 ], [ -3.2845, 40.51898 ], [ -3.28332, 40.51988 ], [ -3.28333, 40.52078 ], [ -3.28451, 40.52168 ], [ -3.28452, 40.52348 ], [ -3.28452, 40.52438 ], [ -3.28453, 40.52528 ], [ -3.28571, 40.52528 ], [ -3.28807, 40.52527 ], [ -3.28807, 40.52617 ], [ -3.2869, 40.52708 ], [ -3.28571, 40.52708 ], [ -3.28572, 40.52798 ], [ -3.28454, 40.52799 ], [ -3.28454, 40.52889 ], [ -3.28928, 40.53158 ], [ -3.28457, 40.53519 ], [ -3.28338, 40.53429 ], [ -3.28221, 40.5352 ], [ -3.27984, 40.5334 ], [ -3.27748, 40.53341 ], [ -3.2763, 40.53341 ], [ -3.27512, 40.53341 ], [ -3.27512, 40.53431 ], [ -3.27512, 40.53522 ], [ -3.27394, 40.53522 ], [ -3.27395, 40.53612 ], [ -3.27276, 40.53612 ], [ -3.27277, 40.53702 ], [ -3.27159, 40.53703 ], [ -3.27041, 40.53703 ], [ -3.26923, 40.53703 ], [ -3.26804, 40.53703 ], [ -3.26805, 40.53793 ], [ -3.26687, 40.53794 ], [ -3.26569, 40.53794 ], [ -3.26451, 40.53794 ], [ -3.26451, 40.53884 ], [ -3.26333, 40.53885 ], [ -3.26215, 40.53885 ], [ -3.26215, 40.53975 ], [ -3.26097, 40.53975 ], [ -3.25979, 40.53976 ], [ -3.25861, 40.53976 ], [ -3.25861, 40.54066 ], [ -3.25743, 40.54066 ], [ -3.25743, 40.54156 ], [ -3.25625, 40.54157 ], [ -3.25507, 40.54157 ], [ -3.25508, 40.54247 ], [ -3.2539, 40.54247 ], [ -3.25389, 40.54157 ], [ -3.25271, 40.54157 ], [ -3.25153, 40.54158 ], [ -3.25153, 40.54248 ], [ -3.25154, 40.54338 ], [ -3.25036, 40.54338 ], [ -3.25036, 40.54428 ], [ -3.24799, 40.54338 ], [ -3.24681, 40.54159 ], [ -3.24562, 40.53979 ], [ -3.24444, 40.53889 ], [ -3.24325, 40.53799 ], [ -3.24325, 40.53709 ], [ -3.24206, 40.53619 ], [ -3.24088, 40.53529 ], [ -3.2397, 40.53439 ], [ -3.23733, 40.5344 ], [ -3.23615, 40.5335 ], [ -3.23497, 40.5326 ], [ -3.23379, 40.5326 ], [ -3.23261, 40.53261 ], [ -3.23142, 40.53171 ], [ -3.23024, 40.53261 ], [ -3.23025, 40.53351 ], [ -3.23143, 40.53441 ], [ -3.23143, 40.53531 ], [ -3.23262, 40.53621 ], [ -3.23262, 40.53801 ], [ -3.23263, 40.53891 ], [ -3.23263, 40.53981 ], [ -3.23145, 40.53982 ], [ -3.23145, 40.53891 ], [ -3.23027, 40.53892 ], [ -3.23026, 40.53802 ], [ -3.2279, 40.53712 ], [ -3.22671, 40.53622 ], [ -3.22671, 40.53532 ], [ -3.22789, 40.53532 ], [ -3.22789, 40.53442 ], [ -3.22671, 40.53442 ], [ -3.2267, 40.53352 ], [ -3.2267, 40.53262 ], [ -3.2267, 40.53172 ], [ -3.22551, 40.53082 ], [ -3.22551, 40.52992 ], [ -3.22433, 40.52992 ], [ -3.22433, 40.52902 ], [ -3.22433, 40.52812 ], [ -3.22432, 40.52722 ], [ -3.22314, 40.52722 ], [ -3.22314, 40.52632 ], [ -3.22195, 40.52542 ], [ -3.21959, 40.52452 ], [ -3.21841, 40.52362 ], [ -3.21723, 40.52363 ], [ -3.21013, 40.52094 ], [ -3.20659, 40.51914 ], [ -3.2054, 40.51824 ], [ -3.20186, 40.51645 ], [ -3.20185, 40.51555 ], [ -3.19949, 40.51465 ], [ -3.19949, 40.51285 ], [ -3.19948, 40.51195 ], [ -3.19948, 40.51105 ], [ -3.19948, 40.51015 ], [ -3.19948, 40.50924 ], [ -3.19829, 40.50835 ], [ -3.19947, 40.50744 ], [ -3.19947, 40.50654 ], [ -3.19946, 40.50564 ], [ -3.19946, 40.50474 ], [ -3.19946, 40.50384 ], [ -3.19946, 40.50294 ], [ -3.19945, 40.50204 ], [ -3.20063, 40.50113 ], [ -3.20063, 40.50023 ], [ -3.2018, 40.49843 ], [ -3.20417, 40.49933 ], [ -3.2089, 40.50202 ], [ -3.21008, 40.50202 ], [ -3.21126, 40.50202 ], [ -3.21126, 40.50292 ], [ -3.21244, 40.50292 ], [ -3.21362, 40.50291 ], [ -3.2148, 40.50291 ], [ -3.2148, 40.50381 ], [ -3.21598, 40.50381 ], [ -3.21716, 40.50381 ], [ -3.21834, 40.50381 ], [ -3.21952, 40.5038 ], [ -3.2207, 40.5038 ], [ -3.22188, 40.5038 ], [ -3.22307, 40.5047 ], [ -3.22425, 40.50469 ], [ -3.22543, 40.50469 ], [ -3.2266, 40.50289 ], [ -3.22778, 40.50199 ], [ -3.23132, 40.50108 ], [ -3.23367, 40.50017 ], [ -3.23485, 40.49927 ], [ -3.23602, 40.49746 ], [ -3.2372, 40.49746 ], [ -3.24074, 40.49565 ], [ -3.24191, 40.49295 ], [ -3.24427, 40.49204 ], [ -3.24662, 40.49023 ], [ -3.24898, 40.48933 ], [ -3.25015, 40.48752 ], [ -3.25133, 40.48752 ], [ -3.25369, 40.48662 ], [ -3.25486, 40.48571 ], [ -3.25722, 40.48481 ], [ -3.25839, 40.4839 ], [ -3.25958, 40.4848 ], [ -3.2643, 40.48479 ], [ -3.2643, 40.48569 ], [ -3.26784, 40.48568 ], [ -3.27374, 40.48657 ], [ -3.27611, 40.48837 ], [ -3.27966, 40.49016 ], [ -3.28084, 40.49106 ], [ -3.28085, 40.49286 ], [ -3.28321, 40.49375 ], [ -3.28439, 40.49375 ], [ -3.28676, 40.49465 ], [ -3.28794, 40.49464 ], [ -3.28912, 40.49464 ], [ -3.29265, 40.49373 ], [ -3.29502, 40.49463 ], [ -3.29856, 40.49462 ], [ -3.29974, 40.49461 ] ] ] } },
{ "type": "Feature", "properties": { "ine_code": "28138", "name": "La Serna del Monte" }, "geometry": { "type": "Polygon", "coordinates": [ [ [ -3.63642, 41.03016 ], [ -3.63523, 41.03016 ], [ -3.63405, 41.03017 ], [ -3.63405, 41.03107 ], [ -3.63406, 41.03197 ], [ -3.63407, 41.03287 ], [ -3.63288, 41.03288 ], [ -3.63289, 41.03378 ], [ -3.6317, 41.03379 ], [ -3.62704, 41.04462 ], [ -3.62353, 41.05005 ], [ -3.62358, 41.05545 ], [ -3.62483, 41.06175 ], [ -3.62485, 41.06445 ], [ -3.62486, 41.06535 ], [ -3.62608, 41.06805 ], [ -3.62727, 41.06804 ], [ -3.62847, 41.06894 ], [ -3.62491, 41.07076 ], [ -3.62014, 41.06988 ], [ -3.61657, 41.0699 ], [ -3.61656, 41.069 ], [ -3.61656, 41.0681 ], [ -3.61775, 41.06809 ], [ -3.61774, 41.06719 ], [ -3.61893, 41.06719 ], [ -3.61892, 41.06629 ], [ -3.61891, 41.06539 ], [ -3.6189, 41.06448 ], [ -3.61889, 41.06358 ], [ -3.61889, 41.06268 ], [ -3.6177, 41.06269 ], [ -3.61769, 41.06179 ], [ -3.61768, 41.06089 ], [ -3.61767, 41.05999 ], [ -3.61766, 41.05909 ], [ -3.61765, 41.05819 ], [ -3.61764, 41.05728 ], [ -3.61764, 41.05638 ], [ -3.61763, 41.05548 ], [ -3.61882, 41.05548 ], [ -3.61881, 41.05458 ], [ -3.62, 41.05457 ], [ -3.61999, 41.05367 ], [ -3.61998, 41.05277 ], [ -3.61997, 41.05187 ], [ -3.62116, 41.05186 ], [ -3.62116, 41.05096 ], [ -3.62235, 41.05095 ], [ -3.62234, 41.05005 ], [ -3.62233, 41.04915 ], [ -3.62113, 41.04826 ], [ -3.61993, 41.04736 ], [ -3.61992, 41.04646 ], [ -3.61991, 41.04556 ], [ -3.61991, 41.04466 ], [ -3.6199, 41.04376 ], [ -3.61871, 41.04377 ], [ -3.6187, 41.04287 ], [ -3.61751, 41.04287 ], [ -3.61631, 41.04198 ], [ -3.6163, 41.04108 ], [ -3.61629, 41.04018 ], [ -3.61629, 41.03928 ], [ -3.61628, 41.03838 ], [ -3.61627, 41.03747 ], [ -3.61626, 41.03657 ], [ -3.61625, 41.03567 ], [ -3.61624, 41.03477 ], [ -3.61505, 41.03388 ], [ -3.61383, 41.03118 ], [ -3.61263, 41.02939 ], [ -3.6126, 41.02668 ], [ -3.61258, 41.02488 ], [ -3.61139, 41.02489 ], [ -3.61021, 41.0249 ], [ -3.6102, 41.02399 ], [ -3.60901, 41.024 ], [ -3.609, 41.0231 ], [ -3.60899, 41.0222 ], [ -3.60898, 41.0213 ], [ -3.61017, 41.02129 ], [ -3.61253, 41.01858 ], [ -3.61486, 41.01406 ], [ -3.61842, 41.01314 ], [ -3.61843, 41.01404 ], [ -3.61844, 41.01494 ], [ -3.61845, 41.01584 ], [ -3.61846, 41.01674 ], [ -3.61846, 41.01764 ], [ -3.61847, 41.01855 ], [ -3.61848, 41.01945 ], [ -3.61849, 41.02035 ], [ -3.6185, 41.02125 ], [ -3.61969, 41.02124 ], [ -3.6197, 41.02214 ], [ -3.62088, 41.02214 ], [ -3.62207, 41.02213 ], [ -3.62326, 41.02212 ], [ -3.62327, 41.02302 ], [ -3.62328, 41.02392 ], [ -3.62448, 41.02482 ], [ -3.62447, 41.02392 ], [ -3.62566, 41.02391 ], [ -3.62685, 41.02391 ], [ -3.62684, 41.023 ], [ -3.62683, 41.0221 ], [ -3.62802, 41.0221 ], [ -3.62801, 41.0212 ], [ -3.6292, 41.02119 ], [ -3.63038, 41.02028 ], [ -3.63157, 41.02028 ], [ -3.63276, 41.02027 ], [ -3.63396, 41.02116 ], [ -3.63398, 41.02387 ], [ -3.63399, 41.02477 ], [ -3.634, 41.02567 ], [ -3.63401, 41.02657 ], [ -3.63402, 41.02747 ], [ -3.63403, 41.02837 ], [ -3.63522, 41.02836 ], [ -3.63523, 41.02926 ], [ -3.63642, 41.02926 ], [ -3.63642, 41.03016 ] ] ] } },
{ "type": "Feature", "properties": { "ine_code": "28140", "name": "Serranillos del Valle" }, "geometry": { "type": "MultiPolygon", "coordinates": [ [ [ [ -3.92351, 40.20032 ], [ -3.92233, 40.20033 ], [ -3.92116, 40.20034 ], [ -3.91999, 40.20125 ], [ -3.91882, 40.20126 ], [ -3.91764, 40.20127 ], [ -3.91647, 40.20128 ], [ -3.9153, 40.20129 ], [ -3.91412, 40.20129 ], [ -3.91295, 40.2013 ], [ -3.91296, 40.20221 ], [ -3.91178, 40.20221 ], [ -3.91061, 40.20222 ], [ -3.90943, 40.20223 ], [ -3.90942, 40.20133 ], [ -3.90825, 40.20134 ], [ -3.90707, 40.20135 ], [ -3.90588, 40.20046 ], [ -3.90471, 40.20047 ], [ -3.90354, 40.20048 ], [ -3.90235, 40.19959 ], [ -3.90117, 40.19959 ], [ -3.90116, 40.19869 ], [ -3.89999, 40.1987 ], [ -3.89997, 40.1978 ], [ -3.8988, 40.19781 ], [ -3.89879, 40.19691 ], [ -3.89761, 40.19692 ], [ -3.8976, 40.19602 ], [ -3.89644, 40.19693 ], [ -3.89531, 40.20054 ], [ -3.89532, 40.20144 ], [ -3.89534, 40.20234 ], [ -3.89535, 40.20324 ], [ -3.89536, 40.20414 ], [ -3.89537, 40.20505 ], [ -3.89538, 40.20595 ], [ -3.89421, 40.20596 ], [ -3.89422, 40.20686 ], [ -3.89423, 40.20776 ], [ -3.89425, 40.20956 ], [ -3.89427, 40.21046 ], [ -3.89428, 40.21136 ], [ -3.89429, 40.21226 ], [ -3.89547, 40.21225 ], [ -3.89548, 40.21315 ], [ -3.89665, 40.21314 ], [ -3.89666, 40.21404 ], [ -3.89784, 40.21404 ], [ -3.89785, 40.21494 ], [ -3.89903, 40.21493 ], [ -3.89904, 40.21583 ], [ -3.90021, 40.21582 ], [ -3.90023, 40.21672 ], [ -3.90025, 40.21852 ], [ -3.90026, 40.21942 ], [ -3.90027, 40.22032 ], [ -3.90145, 40.22031 ], [ -3.90146, 40.22121 ], [ -3.90147, 40.22212 ], [ -3.90265, 40.22211 ], [ -3.90266, 40.22301 ], [ -3.90267, 40.22391 ], [ -3.90268, 40.22481 ], [ -3.90269, 40.22571 ], [ -3.90152, 40.22572 ], [ -3.90034, 40.22573 ], [ -3.90036, 40.22663 ], [ -3.89918, 40.22664 ], [ -3.89919, 40.22754 ], [ -3.90038, 40.22843 ], [ -3.90039, 40.22933 ], [ -3.90158, 40.23022 ], [ -3.90159, 40.23112 ], [ -3.9016, 40.23202 ], [ -3.90278, 40.23202 ], [ -3.90279, 40.23292 ], [ -3.9028, 40.23382 ], [ -3.90162, 40.23293 ], [ -3.90044, 40.23293 ], [ -3.89573, 40.23207 ], [ -3.89455, 40.23208 ], [ -3.89101, 40.23121 ], [ -3.89103, 40.23211 ], [ -3.89104, 40.23301 ], [ -3.88986, 40.23302 ], [ -3.88869, 40.23303 ], [ -3.88867, 40.23212 ], [ -3.8875, 40.23213 ], [ -3.88632, 40.23214 ], [ -3.88515, 40.23215 ], [ -3.88397, 40.23216 ], [ -3.878, 40.225 ], [ -3.8768, 40.22321 ], [ -3.87442, 40.22052 ], [ -3.872, 40.21513 ], [ -3.8696, 40.21155 ], [ -3.86721, 40.20796 ], [ -3.86718, 40.20616 ], [ -3.86598, 40.20347 ], [ -3.86596, 40.20257 ], [ -3.86714, 40.20256 ], [ -3.8683, 40.20165 ], [ -3.86948, 40.20164 ], [ -3.86947, 40.20074 ], [ -3.86945, 40.19984 ], [ -3.87063, 40.19983 ], [ -3.87062, 40.19893 ], [ -3.87179, 40.19892 ], [ -3.87178, 40.19802 ], [ -3.87177, 40.19712 ], [ -3.87294, 40.19711 ], [ -3.87293, 40.19621 ], [ -3.8741, 40.1953 ], [ -3.87408, 40.1944 ], [ -3.87526, 40.19439 ], [ -3.87525, 40.19349 ], [ -3.87524, 40.19259 ], [ -3.87522, 40.19169 ], [ -3.8764, 40.19168 ], [ -3.87639, 40.19078 ], [ -3.87755, 40.18987 ], [ -3.87754, 40.18897 ], [ -3.87871, 40.18896 ], [ -3.87989, 40.18895 ], [ -3.88106, 40.18894 ], [ -3.88224, 40.18893 ], [ -3.88341, 40.18892 ], [ -3.8846, 40.18981 ], [ -3.88577, 40.1898 ], [ -3.89281, 40.18885 ], [ -3.89398, 40.18884 ], [ -3.89752, 40.18971 ], [ -3.89988, 40.1906 ], [ -3.90105, 40.19059 ], [ -3.90223, 40.19058 ], [ -3.9034, 40.19057 ], [ -3.90339, 40.18967 ], [ -3.90457, 40.18966 ], [ -3.90574, 40.18965 ], [ -3.90692, 40.18964 ], [ -3.90809, 40.18963 ], [ -3.90926, 40.18962 ], [ -3.91044, 40.18961 ], [ -3.91163, 40.1905 ], [ -3.9128, 40.19049 ], [ -3.91398, 40.19048 ], [ -3.91399, 40.19139 ], [ -3.91516, 40.19138 ], [ -3.91634, 40.19137 ], [ -3.91635, 40.19227 ], [ -3.91752, 40.19226 ], [ -3.91754, 40.19316 ], [ -3.91871, 40.19315 ], [ -3.91872, 40.19405 ], [ -3.91991, 40.19494 ], [ -3.9211, 40.19583 ], [ -3.92111, 40.19673 ], [ -3.92112, 40.19764 ], [ -3.9223, 40.19763 ], [ -3.92231, 40.19853 ], [ -3.92348, 40.19852 ], [ -3.92468, 40.20031 ], [ -3.92351, 40.20032 ] ] ], [ [ [ -3.90399, 40.23471 ], [ -3.9028, 40.23382 ], [ -3.90398, 40.23381 ], [ -3.90399, 40.23471 ] ] ] ] } },
{ "type": "Feature", "properties": { "ine_code": "28141", "name": "Sevilla la Nueva" }, "geometry": { "type": "Polygon", "coordinates": [ [ [ -4.075, 40.34406 ], [ -4.07502, 40.34586 ], [ -4.07504, 40.34676 ], [ -4.07505, 40.34766 ], [ -4.07507, 40.34856 ], [ -4.07508, 40.34946 ], [ -4.07626, 40.34945 ], [ -4.0751, 40.35036 ], [ -4.07629, 40.35125 ], [ -4.07512, 40.35217 ], [ -4.07398, 40.35398 ], [ -4.07518, 40.35577 ], [ -4.07636, 40.35576 ], [ -4.07639, 40.35756 ], [ -4.0764, 40.35846 ], [ -4.07522, 40.35847 ], [ -4.07405, 40.35848 ], [ -4.07288, 40.35939 ], [ -4.07171, 40.3594 ], [ -4.07054, 40.36032 ], [ -4.07174, 40.36121 ], [ -4.07059, 40.36302 ], [ -4.06826, 40.36484 ], [ -4.0671, 40.36575 ], [ -4.06477, 40.36758 ], [ -4.06246, 40.3703 ], [ -4.06128, 40.37031 ], [ -4.06129, 40.37121 ], [ -4.06016, 40.37393 ], [ -4.05899, 40.37484 ], [ -4.05665, 40.37576 ], [ -4.0543, 40.37578 ], [ -4.05195, 40.3767 ], [ -4.05197, 40.3776 ], [ -4.05081, 40.37852 ], [ -4.04964, 40.37943 ], [ -4.04726, 40.37765 ], [ -4.04608, 40.37766 ], [ -4.04492, 40.37857 ], [ -4.04257, 40.37949 ], [ -4.04138, 40.3786 ], [ -4.0414, 40.3795 ], [ -4.04141, 40.3804 ], [ -4.04023, 40.38041 ], [ -4.03905, 40.38042 ], [ -4.03788, 40.38043 ], [ -4.03786, 40.37953 ], [ -4.03785, 40.37863 ], [ -4.03549, 40.37865 ], [ -4.03314, 40.37867 ], [ -4.03195, 40.37778 ], [ -4.02958, 40.3769 ], [ -4.02955, 40.3751 ], [ -4.02717, 40.37332 ], [ -4.02481, 40.37334 ], [ -4.02244, 40.37246 ], [ -4.02243, 40.37156 ], [ -4.02125, 40.37157 ], [ -4.02124, 40.37067 ], [ -4.02006, 40.37068 ], [ -4.01887, 40.36979 ], [ -4.01768, 40.3689 ], [ -4.01648, 40.36801 ], [ -4.01529, 40.36712 ], [ -4.01294, 40.36714 ], [ -4.01292, 40.36624 ], [ -4.01173, 40.36535 ], [ -4.01172, 40.36445 ], [ -4.00819, 40.36448 ], [ -4.00701, 40.36449 ], [ -4.007, 40.36359 ], [ -4.00698, 40.36269 ], [ -4.00697, 40.36179 ], [ -4.00696, 40.36089 ], [ -4.00694, 40.35999 ], [ -4.00575, 40.3591 ], [ -4.00457, 40.35911 ], [ -4.00338, 40.35822 ], [ -4.00337, 40.35731 ], [ -4.00336, 40.35641 ], [ -4.00333, 40.35461 ], [ -4.00214, 40.35372 ], [ -4.00095, 40.35283 ], [ -3.99974, 40.35104 ], [ -3.99972, 40.34924 ], [ -3.99851, 40.34745 ], [ -3.9985, 40.34655 ], [ -3.99849, 40.34565 ], [ -3.99846, 40.34384 ], [ -4.0008, 40.34292 ], [ -4.00079, 40.34202 ], [ -4.00197, 40.34201 ], [ -4.00314, 40.342 ], [ -4.00313, 40.3411 ], [ -4.00431, 40.34109 ], [ -4.00429, 40.34019 ], [ -4.00547, 40.34018 ], [ -4.00546, 40.33928 ], [ -4.00663, 40.33927 ], [ -4.00781, 40.33926 ], [ -4.0078, 40.33836 ], [ -4.00898, 40.33835 ], [ -4.00896, 40.33745 ], [ -4.01132, 40.33743 ], [ -4.0113, 40.33652 ], [ -4.01248, 40.33651 ], [ -4.01366, 40.3365 ], [ -4.01483, 40.33649 ], [ -4.016, 40.33558 ], [ -4.01718, 40.33557 ], [ -4.01835, 40.33556 ], [ -4.02069, 40.33464 ], [ -4.02303, 40.33372 ], [ -4.02421, 40.33371 ], [ -4.02655, 40.33279 ], [ -4.02892, 40.33367 ], [ -4.0301, 40.33366 ], [ -4.03244, 40.33273 ], [ -4.03361, 40.33272 ], [ -4.03479, 40.33271 ], [ -4.03714, 40.33269 ], [ -4.03832, 40.33268 ], [ -4.04068, 40.33266 ], [ -4.04185, 40.33265 ], [ -4.04303, 40.33264 ], [ -4.04538, 40.33262 ], [ -4.0454, 40.33352 ], [ -4.04657, 40.33351 ], [ -4.04775, 40.3335 ], [ -4.04777, 40.3344 ], [ -4.04894, 40.33439 ], [ -4.05012, 40.33438 ], [ -4.05131, 40.33527 ], [ -4.05249, 40.33526 ], [ -4.05483, 40.33433 ], [ -4.05718, 40.33431 ], [ -4.05836, 40.3343 ], [ -4.06189, 40.33427 ], [ -4.06308, 40.33516 ], [ -4.06661, 40.33513 ], [ -4.06779, 40.33512 ], [ -4.06897, 40.33511 ], [ -4.06898, 40.33601 ], [ -4.069, 40.33691 ], [ -4.06783, 40.33782 ], [ -4.06666, 40.33783 ], [ -4.06667, 40.33873 ], [ -4.06668, 40.33963 ], [ -4.06551, 40.33964 ], [ -4.06552, 40.34054 ], [ -4.0667, 40.34053 ], [ -4.06671, 40.34143 ], [ -4.0679, 40.34232 ], [ -4.06908, 40.34231 ], [ -4.0691, 40.34321 ], [ -4.07027, 40.3432 ], [ -4.07145, 40.34319 ], [ -4.07263, 40.34318 ], [ -4.0738, 40.34317 ], [ -4.075, 40.34406 ] ] ] } },
{ "type": "Feature", "properties": { "ine_code": "28143", "name": "Somosierra" }, "geometry": { "type": "Polygon", "coordinates": [ [ [ -3.61136, 41.1501 ], [ -3.6078, 41.15102 ], [ -3.60423, 41.15194 ], [ -3.60187, 41.15465 ], [ -3.5995, 41.15557 ], [ -3.5983, 41.15467 ], [ -3.59591, 41.15469 ], [ -3.59471, 41.15379 ], [ -3.59353, 41.1547 ], [ -3.59234, 41.1547 ], [ -3.59115, 41.15471 ], [ -3.58997, 41.15652 ], [ -3.58998, 41.15742 ], [ -3.5888, 41.15833 ], [ -3.58286, 41.16106 ], [ -3.57808, 41.16018 ], [ -3.57451, 41.1602 ], [ -3.56973, 41.15932 ], [ -3.56736, 41.16023 ], [ -3.56023, 41.16297 ], [ -3.55786, 41.16479 ], [ -3.55072, 41.16572 ], [ -3.54356, 41.16575 ], [ -3.53998, 41.16487 ], [ -3.53877, 41.16307 ], [ -3.53637, 41.16038 ], [ -3.53752, 41.15497 ], [ -3.54105, 41.14955 ], [ -3.54459, 41.14593 ], [ -3.54456, 41.14233 ], [ -3.54811, 41.13871 ], [ -3.5481, 41.13781 ], [ -3.54689, 41.13511 ], [ -3.54807, 41.13421 ], [ -3.54805, 41.1324 ], [ -3.54803, 41.1297 ], [ -3.54803, 41.1288 ], [ -3.54801, 41.127 ], [ -3.54918, 41.12429 ], [ -3.55036, 41.12338 ], [ -3.55391, 41.12067 ], [ -3.5551, 41.12066 ], [ -3.55627, 41.11795 ], [ -3.55746, 41.11704 ], [ -3.55982, 41.11523 ], [ -3.56221, 41.11522 ], [ -3.56458, 41.11431 ], [ -3.56577, 41.1143 ], [ -3.56696, 41.1143 ], [ -3.56697, 41.1152 ], [ -3.56816, 41.11519 ], [ -3.56937, 41.11699 ], [ -3.57057, 41.11788 ], [ -3.57176, 41.11788 ], [ -3.57296, 41.11877 ], [ -3.57414, 41.11786 ], [ -3.57652, 41.11785 ], [ -3.57892, 41.11964 ], [ -3.5825, 41.12052 ], [ -3.58607, 41.11961 ], [ -3.58964, 41.11959 ], [ -3.59084, 41.12048 ], [ -3.59085, 41.12138 ], [ -3.59086, 41.12228 ], [ -3.59086, 41.12318 ], [ -3.58968, 41.12409 ], [ -3.58969, 41.12499 ], [ -3.59088, 41.12499 ], [ -3.59327, 41.12587 ], [ -3.59446, 41.12587 ], [ -3.59565, 41.12586 ], [ -3.59684, 41.12495 ], [ -3.59803, 41.12495 ], [ -3.59804, 41.12585 ], [ -3.59804, 41.12675 ], [ -3.59805, 41.12765 ], [ -3.59925, 41.12855 ], [ -3.59808, 41.13035 ], [ -3.59928, 41.13215 ], [ -3.5981, 41.13306 ], [ -3.59691, 41.13306 ], [ -3.59572, 41.13307 ], [ -3.59573, 41.13397 ], [ -3.59453, 41.13397 ], [ -3.59454, 41.13488 ], [ -3.59335, 41.13488 ], [ -3.59216, 41.13489 ], [ -3.59217, 41.13579 ], [ -3.59218, 41.13669 ], [ -3.59218, 41.13759 ], [ -3.59219, 41.13849 ], [ -3.5922, 41.13939 ], [ -3.59221, 41.14029 ], [ -3.59222, 41.14119 ], [ -3.59222, 41.14209 ], [ -3.59223, 41.14299 ], [ -3.59227, 41.1466 ], [ -3.59347, 41.14839 ], [ -3.59469, 41.15109 ], [ -3.5947, 41.15199 ], [ -3.59589, 41.15198 ], [ -3.59826, 41.15017 ], [ -3.60301, 41.14924 ], [ -3.6054, 41.14923 ], [ -3.61135, 41.1483 ], [ -3.61374, 41.14919 ], [ -3.61136, 41.1501 ] ] ] } },
{ "type": "Feature", "properties": { "ine_code": "28144", "name": "Soto del Real" }, "geometry": { "type": "Polygon", "coordinates": [ [ [ -3.8288, 40.81364 ], [ -3.82879, 40.81274 ], [ -3.82877, 40.81094 ], [ -3.82876, 40.81004 ], [ -3.82875, 40.80914 ], [ -3.82874, 40.80823 ], [ -3.82873, 40.80733 ], [ -3.82754, 40.80734 ], [ -3.82753, 40.80644 ], [ -3.82752, 40.80554 ], [ -3.82632, 40.80465 ], [ -3.82514, 40.80466 ], [ -3.82512, 40.80376 ], [ -3.82394, 40.80376 ], [ -3.82393, 40.80286 ], [ -3.82274, 40.80287 ], [ -3.82273, 40.80197 ], [ -3.82155, 40.80198 ], [ -3.82153, 40.80108 ], [ -3.82035, 40.80109 ], [ -3.81795, 40.7984 ], [ -3.81553, 40.79482 ], [ -3.81429, 40.79032 ], [ -3.81426, 40.78762 ], [ -3.81543, 40.78671 ], [ -3.81542, 40.78581 ], [ -3.81424, 40.78582 ], [ -3.81422, 40.78492 ], [ -3.81421, 40.78402 ], [ -3.81303, 40.78402 ], [ -3.81302, 40.78312 ], [ -3.81301, 40.78222 ], [ -3.81182, 40.78223 ], [ -3.81181, 40.78133 ], [ -3.81179, 40.77953 ], [ -3.8082, 40.77685 ], [ -3.80818, 40.77505 ], [ -3.80581, 40.77507 ], [ -3.79867, 40.77241 ], [ -3.7963, 40.77243 ], [ -3.79037, 40.77247 ], [ -3.78916, 40.76978 ], [ -3.78442, 40.76981 ], [ -3.78085, 40.76893 ], [ -3.7749, 40.76627 ], [ -3.77131, 40.76359 ], [ -3.76776, 40.76361 ], [ -3.76418, 40.76184 ], [ -3.76063, 40.76186 ], [ -3.75942, 40.76007 ], [ -3.75585, 40.75829 ], [ -3.75346, 40.7565 ], [ -3.75345, 40.7556 ], [ -3.75107, 40.75472 ], [ -3.74987, 40.75292 ], [ -3.74748, 40.75114 ], [ -3.74388, 40.74756 ], [ -3.7427, 40.74756 ], [ -3.74151, 40.74757 ], [ -3.7415, 40.74667 ], [ -3.74032, 40.74668 ], [ -3.74031, 40.74578 ], [ -3.7391, 40.74398 ], [ -3.73909, 40.74308 ], [ -3.73791, 40.74309 ], [ -3.7379, 40.74219 ], [ -3.73789, 40.74129 ], [ -3.73788, 40.74039 ], [ -3.7367, 40.74039 ], [ -3.73669, 40.73949 ], [ -3.73668, 40.73859 ], [ -3.73549, 40.7386 ], [ -3.73548, 40.7377 ], [ -3.7343, 40.73771 ], [ -3.73429, 40.73681 ], [ -3.73428, 40.73591 ], [ -3.73309, 40.73591 ], [ -3.73306, 40.73321 ], [ -3.73305, 40.73231 ], [ -3.73303, 40.73051 ], [ -3.73542, 40.73229 ], [ -3.73777, 40.73048 ], [ -3.75073, 40.72409 ], [ -3.76482, 40.71409 ], [ -3.76717, 40.71227 ], [ -3.76952, 40.71135 ], [ -3.77182, 40.70503 ], [ -3.773, 40.70502 ], [ -3.77419, 40.70502 ], [ -3.77537, 40.70501 ], [ -3.77655, 40.705 ], [ -3.77774, 40.70499 ], [ -3.77892, 40.70498 ], [ -3.7801, 40.70498 ], [ -3.78128, 40.70407 ], [ -3.78246, 40.70406 ], [ -3.78247, 40.70496 ], [ -3.78366, 40.70495 ], [ -3.78367, 40.70585 ], [ -3.78485, 40.70584 ], [ -3.78486, 40.70675 ], [ -3.78604, 40.70674 ], [ -3.78606, 40.70764 ], [ -3.78725, 40.70853 ], [ -3.78843, 40.70852 ], [ -3.78844, 40.70942 ], [ -3.78963, 40.70942 ], [ -3.79081, 40.70941 ], [ -3.79199, 40.7094 ], [ -3.79318, 40.70939 ], [ -3.79437, 40.71028 ], [ -3.79556, 40.71028 ], [ -3.79674, 40.71027 ], [ -3.79792, 40.71026 ], [ -3.79911, 40.71025 ], [ -3.8003, 40.71114 ], [ -3.80154, 40.71564 ], [ -3.80274, 40.71653 ], [ -3.80753, 40.721 ], [ -3.80756, 40.7237 ], [ -3.80997, 40.72729 ], [ -3.8136, 40.73357 ], [ -3.81361, 40.73447 ], [ -3.81485, 40.73897 ], [ -3.8184, 40.73894 ], [ -3.81841, 40.73984 ], [ -3.81842, 40.74074 ], [ -3.81962, 40.74164 ], [ -3.81963, 40.74254 ], [ -3.81964, 40.74344 ], [ -3.81965, 40.74434 ], [ -3.81966, 40.74524 ], [ -3.81967, 40.74614 ], [ -3.81968, 40.74704 ], [ -3.81972, 40.74974 ], [ -3.82091, 40.75064 ], [ -3.82095, 40.75334 ], [ -3.82218, 40.75693 ], [ -3.82342, 40.76143 ], [ -3.82469, 40.76863 ], [ -3.82473, 40.77223 ], [ -3.82592, 40.77222 ], [ -3.82595, 40.77492 ], [ -3.8284, 40.78121 ], [ -3.82842, 40.78301 ], [ -3.82843, 40.78391 ], [ -3.82964, 40.78571 ], [ -3.82966, 40.78751 ], [ -3.82969, 40.78931 ], [ -3.82971, 40.79111 ], [ -3.82973, 40.79291 ], [ -3.83093, 40.79381 ], [ -3.83454, 40.79828 ], [ -3.83575, 40.80008 ], [ -3.83823, 40.80907 ], [ -3.83827, 40.81177 ], [ -3.8288, 40.81364 ] ] ] } },
{ "type": "Feature", "properties": { "ine_code": "28145", "name": "Talamanca de Jarama" }, "geometry": { "type": "Polygon", "coordinates": [ [ [ -3.54241, 40.73516 ], [ -3.54123, 40.73517 ], [ -3.54005, 40.73608 ], [ -3.54006, 40.73698 ], [ -3.53888, 40.73788 ], [ -3.53771, 40.73879 ], [ -3.53771, 40.73969 ], [ -3.53654, 40.7406 ], [ -3.53654, 40.7415 ], [ -3.53773, 40.74239 ], [ -3.53893, 40.74329 ], [ -3.53893, 40.74419 ], [ -3.54012, 40.74418 ], [ -3.54012, 40.74509 ], [ -3.53894, 40.74509 ], [ -3.53776, 40.7451 ], [ -3.53776, 40.746 ], [ -3.53658, 40.746 ], [ -3.53539, 40.74601 ], [ -3.53422, 40.74691 ], [ -3.53422, 40.74782 ], [ -3.53423, 40.74872 ], [ -3.53305, 40.74872 ], [ -3.53305, 40.74962 ], [ -3.53425, 40.75052 ], [ -3.53543, 40.75051 ], [ -3.5378, 40.7505 ], [ -3.53781, 40.7514 ], [ -3.53899, 40.7514 ], [ -3.54018, 40.75229 ], [ -3.54138, 40.75319 ], [ -3.54138, 40.75409 ], [ -3.54139, 40.75499 ], [ -3.54021, 40.75499 ], [ -3.54021, 40.75589 ], [ -3.54023, 40.7577 ], [ -3.53904, 40.7577 ], [ -3.53905, 40.7586 ], [ -3.53787, 40.75951 ], [ -3.53669, 40.75951 ], [ -3.53196, 40.76134 ], [ -3.5296, 40.76225 ], [ -3.52485, 40.76137 ], [ -3.52486, 40.76227 ], [ -3.52487, 40.76317 ], [ -3.52369, 40.76408 ], [ -3.5237, 40.76498 ], [ -3.52251, 40.76498 ], [ -3.52252, 40.76589 ], [ -3.52134, 40.76679 ], [ -3.52017, 40.7677 ], [ -3.52017, 40.7686 ], [ -3.519, 40.77041 ], [ -3.51782, 40.77131 ], [ -3.51665, 40.77312 ], [ -3.51547, 40.77403 ], [ -3.51313, 40.77674 ], [ -3.51313, 40.77764 ], [ -3.51195, 40.77855 ], [ -3.51196, 40.77945 ], [ -3.51078, 40.78035 ], [ -3.5096, 40.78036 ], [ -3.5096, 40.78126 ], [ -3.50843, 40.78216 ], [ -3.50845, 40.78487 ], [ -3.50965, 40.78666 ], [ -3.50965, 40.78756 ], [ -3.51203, 40.78845 ], [ -3.50611, 40.78938 ], [ -3.50493, 40.78939 ], [ -3.50492, 40.78849 ], [ -3.50373, 40.78849 ], [ -3.50255, 40.7885 ], [ -3.50136, 40.7885 ], [ -3.50018, 40.78851 ], [ -3.49899, 40.78851 ], [ -3.49899, 40.78761 ], [ -3.50017, 40.78761 ], [ -3.50016, 40.7867 ], [ -3.50134, 40.7858 ], [ -3.49897, 40.78491 ], [ -3.50015, 40.7849 ], [ -3.50014, 40.784 ], [ -3.50014, 40.7831 ], [ -3.50132, 40.7831 ], [ -3.5013, 40.78039 ], [ -3.50485, 40.77948 ], [ -3.50722, 40.77947 ], [ -3.5072, 40.77676 ], [ -3.50364, 40.77588 ], [ -3.50362, 40.77408 ], [ -3.50362, 40.77318 ], [ -3.5048, 40.77317 ], [ -3.5048, 40.77227 ], [ -3.50361, 40.77228 ], [ -3.5036, 40.77138 ], [ -3.50121, 40.76868 ], [ -3.50121, 40.76778 ], [ -3.49882, 40.76509 ], [ -3.49644, 40.7642 ], [ -3.49645, 40.7651 ], [ -3.49526, 40.76511 ], [ -3.49408, 40.76511 ], [ -3.49409, 40.76601 ], [ -3.4929, 40.76602 ], [ -3.49291, 40.76692 ], [ -3.49172, 40.76692 ], [ -3.49173, 40.76782 ], [ -3.49054, 40.76783 ], [ -3.48936, 40.76783 ], [ -3.48817, 40.76784 ], [ -3.48934, 40.76513 ], [ -3.48697, 40.76514 ], [ -3.48696, 40.76334 ], [ -3.48459, 40.76335 ], [ -3.48576, 40.76154 ], [ -3.48575, 40.76064 ], [ -3.48575, 40.75974 ], [ -3.48693, 40.75974 ], [ -3.48811, 40.75973 ], [ -3.48811, 40.75883 ], [ -3.4881, 40.75703 ], [ -3.48572, 40.75614 ], [ -3.48452, 40.75434 ], [ -3.4857, 40.75343 ], [ -3.4845, 40.75164 ], [ -3.48213, 40.75075 ], [ -3.48093, 40.74895 ], [ -3.48092, 40.74805 ], [ -3.48092, 40.74715 ], [ -3.47973, 40.74715 ], [ -3.47972, 40.74625 ], [ -3.47854, 40.74626 ], [ -3.47736, 40.74626 ], [ -3.47617, 40.74627 ], [ -3.47499, 40.74627 ], [ -3.47498, 40.74537 ], [ -3.47497, 40.74447 ], [ -3.47379, 40.74448 ], [ -3.47261, 40.74448 ], [ -3.47142, 40.74449 ], [ -3.47024, 40.74449 ], [ -3.46905, 40.74449 ], [ -3.46787, 40.7445 ], [ -3.46669, 40.74541 ], [ -3.4667, 40.74631 ], [ -3.4667, 40.74721 ], [ -3.46552, 40.74721 ], [ -3.46433, 40.74722 ], [ -3.46312, 40.74362 ], [ -3.46194, 40.74362 ], [ -3.46076, 40.74453 ], [ -3.45839, 40.74454 ], [ -3.45721, 40.74454 ], [ -3.45602, 40.74455 ], [ -3.45484, 40.74455 ], [ -3.45483, 40.74365 ], [ -3.45365, 40.74366 ], [ -3.45364, 40.74275 ], [ -3.45246, 40.74276 ], [ -3.45245, 40.74186 ], [ -3.45245, 40.74096 ], [ -3.45244, 40.74006 ], [ -3.45243, 40.73916 ], [ -3.45125, 40.73916 ], [ -3.45124, 40.73826 ], [ -3.45003, 40.73466 ], [ -3.45003, 40.73376 ], [ -3.44884, 40.73376 ], [ -3.44884, 40.73286 ], [ -3.44883, 40.73106 ], [ -3.44882, 40.73016 ], [ -3.44881, 40.72926 ], [ -3.44881, 40.72836 ], [ -3.44762, 40.72836 ], [ -3.44762, 40.72746 ], [ -3.44761, 40.72656 ], [ -3.44761, 40.72566 ], [ -3.44642, 40.72567 ], [ -3.44642, 40.72477 ], [ -3.44641, 40.72386 ], [ -3.4464, 40.72296 ], [ -3.44522, 40.72297 ], [ -3.44404, 40.72297 ], [ -3.44404, 40.72387 ], [ -3.44287, 40.72568 ], [ -3.44054, 40.73109 ], [ -3.43936, 40.7329 ], [ -3.43819, 40.73471 ], [ -3.43819, 40.73381 ], [ -3.437, 40.73381 ], [ -3.43581, 40.73291 ], [ -3.43462, 40.73202 ], [ -3.43462, 40.73112 ], [ -3.43461, 40.73022 ], [ -3.4346, 40.72932 ], [ -3.4346, 40.72841 ], [ -3.43459, 40.72751 ], [ -3.43578, 40.72751 ], [ -3.43577, 40.72661 ], [ -3.43576, 40.72571 ], [ -3.43695, 40.7257 ], [ -3.43694, 40.7248 ], [ -3.43694, 40.7239 ], [ -3.43693, 40.723 ], [ -3.43811, 40.72209 ], [ -3.43929, 40.72119 ], [ -3.44047, 40.72119 ], [ -3.44047, 40.72028 ], [ -3.44165, 40.72028 ], [ -3.44283, 40.71937 ], [ -3.44401, 40.71847 ], [ -3.444, 40.71757 ], [ -3.44518, 40.71756 ], [ -3.44518, 40.71666 ], [ -3.44517, 40.71576 ], [ -3.44635, 40.71486 ], [ -3.44753, 40.71395 ], [ -3.4487, 40.71305 ], [ -3.44988, 40.71214 ], [ -3.45106, 40.71123 ], [ -3.45225, 40.71213 ], [ -3.45223, 40.70943 ], [ -3.45342, 40.70942 ], [ -3.4546, 40.70942 ], [ -3.45459, 40.70852 ], [ -3.45458, 40.70672 ], [ -3.45577, 40.70671 ], [ -3.45575, 40.70401 ], [ -3.45693, 40.704 ], [ -3.45811, 40.704 ], [ -3.4593, 40.704 ], [ -3.46048, 40.70399 ], [ -3.46048, 40.70309 ], [ -3.46047, 40.70219 ], [ -3.46046, 40.70039 ], [ -3.46044, 40.69859 ], [ -3.46162, 40.69768 ], [ -3.46281, 40.69768 ], [ -3.4628, 40.69677 ], [ -3.46279, 40.69587 ], [ -3.46277, 40.69317 ], [ -3.46396, 40.69317 ], [ -3.46395, 40.69227 ], [ -3.46513, 40.69226 ], [ -3.46751, 40.69315 ], [ -3.46869, 40.69315 ], [ -3.46867, 40.68954 ], [ -3.46986, 40.69134 ], [ -3.46987, 40.69224 ], [ -3.4746, 40.69222 ], [ -3.47462, 40.69402 ], [ -3.47345, 40.69673 ], [ -3.47348, 40.70124 ], [ -3.47232, 40.70394 ], [ -3.47114, 40.70485 ], [ -3.46997, 40.70665 ], [ -3.47234, 40.70755 ], [ -3.4759, 40.70753 ], [ -3.47828, 40.70932 ], [ -3.48065, 40.71021 ], [ -3.4842, 40.7102 ], [ -3.48776, 40.71109 ], [ -3.48895, 40.71198 ], [ -3.49132, 40.71287 ], [ -3.49725, 40.71375 ], [ -3.49964, 40.71644 ], [ -3.50439, 40.71912 ], [ -3.50796, 40.72091 ], [ -3.5139, 40.72358 ], [ -3.51864, 40.72446 ], [ -3.51984, 40.72626 ], [ -3.52104, 40.72806 ], [ -3.52343, 40.73075 ], [ -3.52581, 40.73254 ], [ -3.527, 40.73253 ], [ -3.527, 40.73343 ], [ -3.52819, 40.73343 ], [ -3.52937, 40.73342 ], [ -3.52938, 40.73432 ], [ -3.53056, 40.73432 ], [ -3.53175, 40.73431 ], [ -3.53293, 40.73431 ], [ -3.53412, 40.7343 ], [ -3.5353, 40.7343 ], [ -3.53529, 40.7334 ], [ -3.53648, 40.73339 ], [ -3.53766, 40.73339 ], [ -3.53885, 40.73338 ], [ -3.54003, 40.73337 ], [ -3.54121, 40.73337 ], [ -3.54122, 40.73427 ], [ -3.54241, 40.73426 ], [ -3.54359, 40.73426 ], [ -3.5436, 40.73516 ], [ -3.54241, 40.73516 ] ] ] } },
{ "type": "Feature", "properties": { "ine_code": "28146", "name": "Tielmes" }, "geometry": { "type": "Polygon", "coordinates": [ [ [ -3.3234, 40.26121 ], [ -3.32105, 40.26032 ], [ -3.31752, 40.26033 ], [ -3.31399, 40.26034 ], [ -3.30811, 40.26125 ], [ -3.30576, 40.26036 ], [ -3.30458, 40.26036 ], [ -3.30105, 40.26037 ], [ -3.29753, 40.26038 ], [ -3.294, 40.26129 ], [ -3.29165, 40.2613 ], [ -3.28695, 40.26221 ], [ -3.2846, 40.26221 ], [ -3.28342, 40.26132 ], [ -3.28341, 40.25951 ], [ -3.2834, 40.25771 ], [ -3.2834, 40.25591 ], [ -3.28338, 40.25231 ], [ -3.28455, 40.2514 ], [ -3.28337, 40.2496 ], [ -3.28219, 40.24961 ], [ -3.27983, 40.24781 ], [ -3.27863, 40.23971 ], [ -3.27862, 40.2379 ], [ -3.27861, 40.2352 ], [ -3.2786, 40.2334 ], [ -3.27624, 40.2316 ], [ -3.27505, 40.2289 ], [ -3.27387, 40.2262 ], [ -3.27386, 40.2244 ], [ -3.27268, 40.2226 ], [ -3.27267, 40.2208 ], [ -3.27149, 40.2181 ], [ -3.2703, 40.2145 ], [ -3.27264, 40.21359 ], [ -3.27381, 40.21269 ], [ -3.27381, 40.21179 ], [ -3.27616, 40.21088 ], [ -3.2785, 40.20998 ], [ -3.28202, 40.20726 ], [ -3.28435, 40.20275 ], [ -3.28786, 40.20004 ], [ -3.29137, 40.19643 ], [ -3.29488, 40.19372 ], [ -3.29839, 40.1901 ], [ -3.29958, 40.1919 ], [ -3.30075, 40.1928 ], [ -3.30194, 40.1946 ], [ -3.30312, 40.1955 ], [ -3.30548, 40.19819 ], [ -3.30784, 40.19999 ], [ -3.30902, 40.20269 ], [ -3.30786, 40.2063 ], [ -3.3067, 40.209 ], [ -3.30671, 40.21171 ], [ -3.30789, 40.2126 ], [ -3.30907, 40.2135 ], [ -3.30908, 40.2144 ], [ -3.31025, 40.2144 ], [ -3.31026, 40.2153 ], [ -3.31026, 40.2162 ], [ -3.31026, 40.2171 ], [ -3.31027, 40.218 ], [ -3.31027, 40.2189 ], [ -3.31145, 40.2189 ], [ -3.31145, 40.2198 ], [ -3.31263, 40.2198 ], [ -3.31263, 40.2207 ], [ -3.31264, 40.2216 ], [ -3.31381, 40.2216 ], [ -3.31499, 40.22159 ], [ -3.31734, 40.22339 ], [ -3.31735, 40.22429 ], [ -3.31853, 40.22519 ], [ -3.3197, 40.22518 ], [ -3.32088, 40.22518 ], [ -3.32088, 40.22608 ], [ -3.32206, 40.22698 ], [ -3.32207, 40.22788 ], [ -3.32207, 40.22878 ], [ -3.32325, 40.22878 ], [ -3.32325, 40.22968 ], [ -3.32444, 40.23148 ], [ -3.32561, 40.23147 ], [ -3.32679, 40.23237 ], [ -3.32797, 40.23417 ], [ -3.32915, 40.23417 ], [ -3.33033, 40.23507 ], [ -3.33151, 40.23686 ], [ -3.33269, 40.23776 ], [ -3.33387, 40.23866 ], [ -3.33506, 40.24046 ], [ -3.33624, 40.24226 ], [ -3.33507, 40.24316 ], [ -3.33627, 40.24676 ], [ -3.3351, 40.24857 ], [ -3.33629, 40.25126 ], [ -3.33512, 40.25307 ], [ -3.33631, 40.25487 ], [ -3.33632, 40.25667 ], [ -3.33515, 40.25848 ], [ -3.33516, 40.26028 ], [ -3.33399, 40.26118 ], [ -3.33399, 40.26298 ], [ -3.334, 40.26388 ], [ -3.3234, 40.26121 ] ] ] } },
{ "type": "Feature", "properties": { "ine_code": "28147", "name": "Titulcia" }, "geometry": { "type": "Polygon", "coordinates": [ [ [ -3.58334, 40.12956 ], [ -3.58335, 40.13046 ], [ -3.58336, 40.13136 ], [ -3.58337, 40.13226 ], [ -3.58338, 40.13316 ], [ -3.58338, 40.13406 ], [ -3.58339, 40.13496 ], [ -3.58222, 40.13497 ], [ -3.58222, 40.13587 ], [ -3.58106, 40.13678 ], [ -3.57988, 40.13678 ], [ -3.57989, 40.13768 ], [ -3.57872, 40.13769 ], [ -3.57754, 40.13769 ], [ -3.57755, 40.1386 ], [ -3.57638, 40.1386 ], [ -3.57521, 40.13951 ], [ -3.57404, 40.13951 ], [ -3.57405, 40.14041 ], [ -3.57405, 40.14132 ], [ -3.57406, 40.14222 ], [ -3.57523, 40.14221 ], [ -3.57524, 40.14311 ], [ -3.57642, 40.14311 ], [ -3.57642, 40.14401 ], [ -3.57643, 40.14491 ], [ -3.57526, 40.14491 ], [ -3.57527, 40.14581 ], [ -3.57527, 40.14672 ], [ -3.5741, 40.14672 ], [ -3.57411, 40.14762 ], [ -3.57293, 40.14763 ], [ -3.57294, 40.14853 ], [ -3.57177, 40.14853 ], [ -3.57059, 40.14854 ], [ -3.56942, 40.14855 ], [ -3.56824, 40.14855 ], [ -3.56707, 40.14856 ], [ -3.56708, 40.14946 ], [ -3.5659, 40.14946 ], [ -3.56591, 40.15037 ], [ -3.56592, 40.15127 ], [ -3.56593, 40.15217 ], [ -3.56593, 40.15307 ], [ -3.56594, 40.15397 ], [ -3.56595, 40.15487 ], [ -3.56477, 40.15488 ], [ -3.56478, 40.15578 ], [ -3.56361, 40.15578 ], [ -3.56362, 40.15668 ], [ -3.56362, 40.15758 ], [ -3.56363, 40.15848 ], [ -3.56364, 40.15939 ], [ -3.56364, 40.16029 ], [ -3.56365, 40.16119 ], [ -3.56366, 40.16209 ], [ -3.56367, 40.16299 ], [ -3.56367, 40.16389 ], [ -3.56368, 40.16479 ], [ -3.56369, 40.16569 ], [ -3.5637, 40.16659 ], [ -3.5637, 40.16749 ], [ -3.56371, 40.16839 ], [ -3.56372, 40.1693 ], [ -3.56373, 40.1702 ], [ -3.56255, 40.1702 ], [ -3.56256, 40.1711 ], [ -3.56139, 40.17111 ], [ -3.56021, 40.17111 ], [ -3.55904, 40.17112 ], [ -3.55903, 40.17022 ], [ -3.55785, 40.17023 ], [ -3.55786, 40.17113 ], [ -3.55669, 40.17113 ], [ -3.55551, 40.17114 ], [ -3.55433, 40.17024 ], [ -3.55198, 40.16935 ], [ -3.55081, 40.17026 ], [ -3.54845, 40.16937 ], [ -3.54727, 40.16847 ], [ -3.54491, 40.16668 ], [ -3.5449, 40.16578 ], [ -3.54489, 40.16488 ], [ -3.54371, 40.16399 ], [ -3.54488, 40.16308 ], [ -3.54605, 40.16217 ], [ -3.54486, 40.16128 ], [ -3.54602, 40.15857 ], [ -3.54601, 40.15767 ], [ -3.54482, 40.15587 ], [ -3.54365, 40.15588 ], [ -3.54363, 40.15408 ], [ -3.54363, 40.15317 ], [ -3.54244, 40.15228 ], [ -3.54244, 40.15138 ], [ -3.54126, 40.15138 ], [ -3.54126, 40.15048 ], [ -3.54008, 40.15049 ], [ -3.5389, 40.14959 ], [ -3.53772, 40.1487 ], [ -3.54005, 40.14688 ], [ -3.54123, 40.14688 ], [ -3.54474, 40.14506 ], [ -3.5459, 40.14415 ], [ -3.54707, 40.14325 ], [ -3.54824, 40.14324 ], [ -3.54941, 40.14234 ], [ -3.55058, 40.14233 ], [ -3.55058, 40.14143 ], [ -3.55174, 40.14052 ], [ -3.5529, 40.13872 ], [ -3.55523, 40.1369 ], [ -3.5564, 40.136 ], [ -3.55521, 40.1333 ], [ -3.55638, 40.13329 ], [ -3.55752, 40.12968 ], [ -3.55751, 40.12788 ], [ -3.55749, 40.12518 ], [ -3.55983, 40.12517 ], [ -3.56219, 40.12606 ], [ -3.56335, 40.12515 ], [ -3.56687, 40.12423 ], [ -3.56804, 40.12423 ], [ -3.57039, 40.12422 ], [ -3.57389, 40.1224 ], [ -3.57506, 40.12149 ], [ -3.57743, 40.12418 ], [ -3.57862, 40.12598 ], [ -3.57863, 40.12778 ], [ -3.57864, 40.12868 ], [ -3.57865, 40.12958 ], [ -3.57982, 40.12957 ], [ -3.57983, 40.13048 ], [ -3.581, 40.13047 ], [ -3.581, 40.12957 ], [ -3.58099, 40.12867 ], [ -3.58216, 40.12866 ], [ -3.58334, 40.12866 ], [ -3.58334, 40.12956 ] ], [ [ -3.57748, 40.13049 ], [ -3.57866, 40.13048 ], [ -3.57865, 40.12958 ], [ -3.57748, 40.13049 ] ] ] } },
{ "type": "Feature", "properties": { "ine_code": "28148", "name": "Torrejón de Ardoz" }, "geometry": { "type": "Polygon", "coordinates": [ [ [ -3.49548, 40.47412 ], [ -3.49431, 40.47503 ], [ -3.49313, 40.47593 ], [ -3.49314, 40.47683 ], [ -3.49196, 40.47684 ], [ -3.49079, 40.47774 ], [ -3.48844, 40.47956 ], [ -3.48845, 40.48046 ], [ -3.48727, 40.48136 ], [ -3.4861, 40.48227 ], [ -3.48492, 40.48227 ], [ -3.48493, 40.48317 ], [ -3.48375, 40.48318 ], [ -3.48257, 40.48409 ], [ -3.48023, 40.4859 ], [ -3.47905, 40.4868 ], [ -3.47787, 40.48681 ], [ -3.4767, 40.48771 ], [ -3.47909, 40.49221 ], [ -3.47911, 40.49491 ], [ -3.47439, 40.49493 ], [ -3.47084, 40.49404 ], [ -3.46966, 40.49315 ], [ -3.4673, 40.49316 ], [ -3.46495, 40.49497 ], [ -3.46025, 40.49769 ], [ -3.45672, 40.49951 ], [ -3.4532, 40.50222 ], [ -3.44967, 40.50404 ], [ -3.44496, 40.50586 ], [ -3.44142, 40.50587 ], [ -3.43671, 40.50769 ], [ -3.43554, 40.5086 ], [ -3.43436, 40.5095 ], [ -3.43318, 40.50951 ], [ -3.432, 40.50951 ], [ -3.43201, 40.51041 ], [ -3.43083, 40.51042 ], [ -3.42965, 40.51042 ], [ -3.42962, 40.50682 ], [ -3.42961, 40.50501 ], [ -3.42959, 40.50141 ], [ -3.42957, 40.49871 ], [ -3.42957, 40.49781 ], [ -3.42955, 40.49511 ], [ -3.42835, 40.49151 ], [ -3.43071, 40.4915 ], [ -3.43069, 40.4897 ], [ -3.43069, 40.48879 ], [ -3.43068, 40.48699 ], [ -3.42829, 40.4834 ], [ -3.42946, 40.48069 ], [ -3.42945, 40.47979 ], [ -3.42827, 40.47889 ], [ -3.42826, 40.47799 ], [ -3.42825, 40.47709 ], [ -3.42825, 40.47619 ], [ -3.42707, 40.4762 ], [ -3.42706, 40.47529 ], [ -3.42706, 40.47439 ], [ -3.42705, 40.47349 ], [ -3.42587, 40.4735 ], [ -3.42587, 40.4726 ], [ -3.42586, 40.4717 ], [ -3.42822, 40.47169 ], [ -3.4294, 40.47168 ], [ -3.42938, 40.46898 ], [ -3.43174, 40.46807 ], [ -3.43173, 40.46717 ], [ -3.43408, 40.46626 ], [ -3.43289, 40.46356 ], [ -3.4317, 40.46176 ], [ -3.43404, 40.45995 ], [ -3.43638, 40.45724 ], [ -3.4399, 40.45362 ], [ -3.44459, 40.45 ], [ -3.44693, 40.44639 ], [ -3.44811, 40.44639 ], [ -3.4481, 40.44548 ], [ -3.44809, 40.44458 ], [ -3.44927, 40.44458 ], [ -3.44927, 40.44368 ], [ -3.45045, 40.44367 ], [ -3.45044, 40.44277 ], [ -3.45043, 40.44187 ], [ -3.45161, 40.44187 ], [ -3.45279, 40.44096 ], [ -3.45397, 40.44096 ], [ -3.45514, 40.44005 ], [ -3.45632, 40.44005 ], [ -3.4575, 40.44004 ], [ -3.45749, 40.43914 ], [ -3.45867, 40.43914 ], [ -3.45985, 40.43913 ], [ -3.45984, 40.43823 ], [ -3.46102, 40.43823 ], [ -3.4622, 40.43822 ], [ -3.46219, 40.43732 ], [ -3.46337, 40.43732 ], [ -3.46455, 40.43731 ], [ -3.46573, 40.43731 ], [ -3.46691, 40.4373 ], [ -3.4669, 40.4364 ], [ -3.4669, 40.4355 ], [ -3.46689, 40.4346 ], [ -3.46808, 40.4355 ], [ -3.47161, 40.43458 ], [ -3.47397, 40.43457 ], [ -3.47396, 40.43367 ], [ -3.47513, 40.43276 ], [ -3.47631, 40.43276 ], [ -3.47749, 40.43275 ], [ -3.47867, 40.43275 ], [ -3.47866, 40.43185 ], [ -3.47984, 40.43184 ], [ -3.48102, 40.43184 ], [ -3.48101, 40.43094 ], [ -3.48219, 40.43093 ], [ -3.48456, 40.43273 ], [ -3.48576, 40.43452 ], [ -3.48813, 40.43721 ], [ -3.49052, 40.44171 ], [ -3.48819, 40.44532 ], [ -3.48822, 40.44893 ], [ -3.48941, 40.45072 ], [ -3.48944, 40.45433 ], [ -3.49064, 40.45702 ], [ -3.49183, 40.45972 ], [ -3.49422, 40.46332 ], [ -3.49423, 40.46422 ], [ -3.49542, 40.46601 ], [ -3.49661, 40.46781 ], [ -3.4978, 40.46961 ], [ -3.49546, 40.47142 ], [ -3.49665, 40.47321 ], [ -3.49548, 40.47412 ] ] ] } },
{ "type": "Feature", "properties": { "ine_code": "28149", "name": "Torrejón de la Calzada" }, "geometry": { "type": "Polygon", "coordinates": [ [ [ -3.81786, 40.20832 ], [ -3.81668, 40.20833 ], [ -3.8167, 40.20923 ], [ -3.81552, 40.20924 ], [ -3.81553, 40.21014 ], [ -3.81437, 40.21105 ], [ -3.8132, 40.21196 ], [ -3.81203, 40.21197 ], [ -3.81204, 40.21287 ], [ -3.81086, 40.21288 ], [ -3.80736, 40.2147 ], [ -3.80737, 40.2156 ], [ -3.80619, 40.21561 ], [ -3.80621, 40.21651 ], [ -3.80504, 40.21742 ], [ -3.80505, 40.21832 ], [ -3.80388, 40.21833 ], [ -3.80389, 40.21923 ], [ -3.8039, 40.22013 ], [ -3.80272, 40.22014 ], [ -3.80273, 40.22104 ], [ -3.80156, 40.22105 ], [ -3.80157, 40.22195 ], [ -3.80039, 40.22196 ], [ -3.8004, 40.22286 ], [ -3.79923, 40.22287 ], [ -3.79805, 40.22287 ], [ -3.79804, 40.22197 ], [ -3.79687, 40.22198 ], [ -3.79569, 40.22199 ], [ -3.79452, 40.222 ], [ -3.79334, 40.22201 ], [ -3.79335, 40.22291 ], [ -3.79218, 40.22292 ], [ -3.79217, 40.22201 ], [ -3.79099, 40.22202 ], [ -3.78982, 40.22203 ], [ -3.78981, 40.22113 ], [ -3.7898, 40.22023 ], [ -3.78979, 40.21933 ], [ -3.79096, 40.21932 ], [ -3.79095, 40.21842 ], [ -3.79094, 40.21752 ], [ -3.78975, 40.21663 ], [ -3.7874, 40.21664 ], [ -3.78504, 40.21576 ], [ -3.78385, 40.21396 ], [ -3.78266, 40.21307 ], [ -3.78031, 40.21309 ], [ -3.7803, 40.21218 ], [ -3.78029, 40.21128 ], [ -3.78028, 40.21038 ], [ -3.78027, 40.20948 ], [ -3.77908, 40.20859 ], [ -3.77907, 40.20769 ], [ -3.77906, 40.20679 ], [ -3.77905, 40.20589 ], [ -3.77904, 40.20499 ], [ -3.77787, 40.20499 ], [ -3.77786, 40.20409 ], [ -3.77785, 40.20319 ], [ -3.78137, 40.20317 ], [ -3.7837, 40.20135 ], [ -3.78369, 40.20045 ], [ -3.78368, 40.19955 ], [ -3.78367, 40.19865 ], [ -3.78366, 40.19775 ], [ -3.78365, 40.19685 ], [ -3.786, 40.19683 ], [ -3.78598, 40.19503 ], [ -3.78715, 40.19502 ], [ -3.78833, 40.19501 ], [ -3.7895, 40.195 ], [ -3.79068, 40.195 ], [ -3.79066, 40.19319 ], [ -3.79181, 40.19139 ], [ -3.7918, 40.19048 ], [ -3.79179, 40.18958 ], [ -3.79296, 40.18958 ], [ -3.79414, 40.18957 ], [ -3.7953, 40.18866 ], [ -3.79646, 40.18685 ], [ -3.79763, 40.18684 ], [ -3.79761, 40.18504 ], [ -3.79875, 40.18233 ], [ -3.79992, 40.18142 ], [ -3.79991, 40.18052 ], [ -3.79873, 40.18053 ], [ -3.79872, 40.17963 ], [ -3.79755, 40.17963 ], [ -3.79871, 40.17872 ], [ -3.7987, 40.17782 ], [ -3.79987, 40.17782 ], [ -3.79984, 40.17511 ], [ -3.80456, 40.17688 ], [ -3.80574, 40.17687 ], [ -3.80692, 40.17777 ], [ -3.80578, 40.18048 ], [ -3.8058, 40.18228 ], [ -3.80466, 40.18499 ], [ -3.80468, 40.18679 ], [ -3.8047, 40.18859 ], [ -3.80471, 40.18949 ], [ -3.80589, 40.18949 ], [ -3.80706, 40.18948 ], [ -3.80823, 40.18947 ], [ -3.80827, 40.19217 ], [ -3.80828, 40.19307 ], [ -3.8083, 40.19487 ], [ -3.81065, 40.19486 ], [ -3.81301, 40.19574 ], [ -3.81186, 40.19755 ], [ -3.81305, 40.19935 ], [ -3.81425, 40.20114 ], [ -3.81428, 40.20384 ], [ -3.82135, 40.20559 ], [ -3.81786, 40.20832 ] ] ] } },
{ "type": "Feature", "properties": { "ine_code": "28150", "name": "Torrejón de Velasco" }, "geometry": { "type": "Polygon", "coordinates": [ [ [ -3.79987, 40.17782 ], [ -3.7987, 40.17782 ], [ -3.79871, 40.17872 ], [ -3.79755, 40.17963 ], [ -3.79872, 40.17963 ], [ -3.79873, 40.18053 ], [ -3.79991, 40.18052 ], [ -3.79992, 40.18142 ], [ -3.79875, 40.18233 ], [ -3.79761, 40.18504 ], [ -3.79763, 40.18684 ], [ -3.79646, 40.18685 ], [ -3.7953, 40.18866 ], [ -3.79414, 40.18957 ], [ -3.79296, 40.18958 ], [ -3.79179, 40.18958 ], [ -3.7918, 40.19048 ], [ -3.79181, 40.19139 ], [ -3.79066, 40.19319 ], [ -3.79068, 40.195 ], [ -3.7895, 40.195 ], [ -3.78833, 40.19501 ], [ -3.78715, 40.19502 ], [ -3.78598, 40.19503 ], [ -3.786, 40.19683 ], [ -3.78365, 40.19685 ], [ -3.78366, 40.19775 ], [ -3.78367, 40.19865 ], [ -3.78368, 40.19955 ], [ -3.78369, 40.20045 ], [ -3.7837, 40.20135 ], [ -3.78137, 40.20317 ], [ -3.77785, 40.20319 ], [ -3.77786, 40.20409 ], [ -3.77787, 40.20499 ], [ -3.77904, 40.20499 ], [ -3.77905, 40.20589 ], [ -3.77906, 40.20679 ], [ -3.77907, 40.20769 ], [ -3.77908, 40.20859 ], [ -3.78027, 40.20948 ], [ -3.7791, 40.20949 ], [ -3.77792, 40.2095 ], [ -3.77556, 40.20861 ], [ -3.7744, 40.20952 ], [ -3.77085, 40.20774 ], [ -3.76967, 40.20775 ], [ -3.76496, 40.20688 ], [ -3.76145, 40.20781 ], [ -3.7591, 40.20782 ], [ -3.75794, 40.20873 ], [ -3.75795, 40.20963 ], [ -3.75677, 40.20964 ], [ -3.75678, 40.21054 ], [ -3.75561, 40.21055 ], [ -3.7556, 40.20965 ], [ -3.75442, 40.20965 ], [ -3.75441, 40.20875 ], [ -3.75324, 40.20876 ], [ -3.75205, 40.20787 ], [ -3.75204, 40.20697 ], [ -3.75087, 40.20697 ], [ -3.75086, 40.20607 ], [ -3.74967, 40.20518 ], [ -3.74966, 40.20428 ], [ -3.74849, 40.20429 ], [ -3.74848, 40.20339 ], [ -3.7473, 40.20339 ], [ -3.74729, 40.20249 ], [ -3.74612, 40.2025 ], [ -3.74611, 40.2016 ], [ -3.74493, 40.20161 ], [ -3.74376, 40.20161 ], [ -3.74377, 40.20251 ], [ -3.74259, 40.20252 ], [ -3.7426, 40.20342 ], [ -3.74143, 40.20343 ], [ -3.74144, 40.20433 ], [ -3.74026, 40.20434 ], [ -3.7391, 40.20525 ], [ -3.73793, 40.20616 ], [ -3.73679, 40.20977 ], [ -3.73681, 40.21157 ], [ -3.73564, 40.21158 ], [ -3.73328, 40.21069 ], [ -3.7321, 40.2107 ], [ -3.73093, 40.21071 ], [ -3.72974, 40.20981 ], [ -3.72738, 40.20893 ], [ -3.72621, 40.20893 ], [ -3.72385, 40.20805 ], [ -3.72268, 40.20805 ], [ -3.7215, 40.20806 ], [ -3.72149, 40.20716 ], [ -3.72032, 40.20717 ], [ -3.71914, 40.20718 ], [ -3.71796, 40.20628 ], [ -3.71678, 40.20629 ], [ -3.71561, 40.2063 ], [ -3.7156, 40.2054 ], [ -3.71442, 40.2054 ], [ -3.71325, 40.20541 ], [ -3.71324, 40.20451 ], [ -3.71206, 40.20452 ], [ -3.71089, 40.20452 ], [ -3.7097, 40.20363 ], [ -3.70853, 40.20364 ], [ -3.70735, 40.20364 ], [ -3.70617, 40.20275 ], [ -3.70381, 40.20186 ], [ -3.70026, 40.19918 ], [ -3.70025, 40.19828 ], [ -3.70024, 40.19738 ], [ -3.7014, 40.19647 ], [ -3.7014, 40.19557 ], [ -3.70255, 40.19376 ], [ -3.70254, 40.19286 ], [ -3.70253, 40.19196 ], [ -3.70252, 40.19106 ], [ -3.70368, 40.18925 ], [ -3.70367, 40.18835 ], [ -3.70366, 40.18745 ], [ -3.70483, 40.18654 ], [ -3.70482, 40.18564 ], [ -3.70481, 40.18474 ], [ -3.70598, 40.18473 ], [ -3.70597, 40.18383 ], [ -3.70714, 40.18292 ], [ -3.70713, 40.18202 ], [ -3.70829, 40.18111 ], [ -3.70945, 40.17931 ], [ -3.70944, 40.17841 ], [ -3.70826, 40.17751 ], [ -3.70705, 40.17482 ], [ -3.70587, 40.17392 ], [ -3.70468, 40.17213 ], [ -3.70467, 40.17123 ], [ -3.70348, 40.17033 ], [ -3.7023, 40.16944 ], [ -3.70229, 40.16854 ], [ -3.7011, 40.16674 ], [ -3.69991, 40.16495 ], [ -3.6999, 40.16405 ], [ -3.69987, 40.16135 ], [ -3.69986, 40.16044 ], [ -3.70102, 40.15954 ], [ -3.70219, 40.15863 ], [ -3.70334, 40.15682 ], [ -3.70451, 40.15591 ], [ -3.7045, 40.15501 ], [ -3.70567, 40.155 ], [ -3.70567, 40.1541 ], [ -3.70684, 40.1541 ], [ -3.70683, 40.15319 ], [ -3.708, 40.15319 ], [ -3.70799, 40.15229 ], [ -3.70917, 40.15228 ], [ -3.70916, 40.15138 ], [ -3.71033, 40.15137 ], [ -3.71032, 40.15047 ], [ -3.7115, 40.15046 ], [ -3.71149, 40.14956 ], [ -3.71265, 40.14865 ], [ -3.71264, 40.14775 ], [ -3.71382, 40.14775 ], [ -3.71381, 40.14685 ], [ -3.71498, 40.14684 ], [ -3.71733, 40.14682 ], [ -3.71849, 40.14592 ], [ -3.71968, 40.14681 ], [ -3.72086, 40.1477 ], [ -3.72204, 40.1477 ], [ -3.7232, 40.14679 ], [ -3.72437, 40.14678 ], [ -3.72671, 40.14586 ], [ -3.72788, 40.14496 ], [ -3.73021, 40.14404 ], [ -3.73137, 40.14223 ], [ -3.7337, 40.14041 ], [ -3.73604, 40.1395 ], [ -3.73835, 40.13678 ], [ -3.73951, 40.13497 ], [ -3.74185, 40.13406 ], [ -3.74418, 40.13314 ], [ -3.74417, 40.13224 ], [ -3.74652, 40.13222 ], [ -3.74888, 40.13311 ], [ -3.75123, 40.13309 ], [ -3.75358, 40.13398 ], [ -3.75594, 40.13487 ], [ -3.75712, 40.13576 ], [ -3.7583, 40.13575 ], [ -3.76065, 40.13664 ], [ -3.76184, 40.13753 ], [ -3.76537, 40.13841 ], [ -3.7689, 40.13928 ], [ -3.77008, 40.13928 ], [ -3.77126, 40.14017 ], [ -3.77127, 40.14107 ], [ -3.77128, 40.14197 ], [ -3.77364, 40.14286 ], [ -3.77601, 40.14464 ], [ -3.7772, 40.14644 ], [ -3.77721, 40.14734 ], [ -3.77838, 40.14733 ], [ -3.77839, 40.14823 ], [ -3.77841, 40.14913 ], [ -3.77842, 40.15003 ], [ -3.77843, 40.15093 ], [ -3.77844, 40.15183 ], [ -3.77962, 40.15273 ], [ -3.77963, 40.15363 ], [ -3.77964, 40.15453 ], [ -3.77965, 40.15543 ], [ -3.77849, 40.15634 ], [ -3.77966, 40.15633 ], [ -3.78085, 40.15722 ], [ -3.78087, 40.15903 ], [ -3.78205, 40.15992 ], [ -3.78324, 40.16081 ], [ -3.78325, 40.16171 ], [ -3.78443, 40.16261 ], [ -3.7868, 40.16439 ], [ -3.78917, 40.16618 ], [ -3.79035, 40.16707 ], [ -3.79271, 40.16795 ], [ -3.79391, 40.16975 ], [ -3.79627, 40.17063 ], [ -3.79628, 40.17153 ], [ -3.79865, 40.17332 ], [ -3.79983, 40.17421 ], [ -3.79867, 40.17512 ], [ -3.79984, 40.17511 ], [ -3.79987, 40.17782 ] ] ] } },
{ "type": "Feature", "properties": { "ine_code": "28151", "name": "Torrelaguna" }, "geometry": { "type": "Polygon", "coordinates": [ [ [ -3.59907, 40.84569 ], [ -3.5967, 40.8466 ], [ -3.59077, 40.84663 ], [ -3.58959, 40.84664 ], [ -3.58722, 40.84755 ], [ -3.58604, 40.84756 ], [ -3.58485, 40.84756 ], [ -3.57893, 40.84849 ], [ -3.57774, 40.8485 ], [ -3.57655, 40.84851 ], [ -3.57537, 40.84941 ], [ -3.57419, 40.84942 ], [ -3.573, 40.84942 ], [ -3.57182, 40.85033 ], [ -3.57065, 40.85124 ], [ -3.56946, 40.85124 ], [ -3.56828, 40.85215 ], [ -3.5671, 40.85306 ], [ -3.56474, 40.85397 ], [ -3.56356, 40.85488 ], [ -3.56119, 40.85579 ], [ -3.56001, 40.85579 ], [ -3.55883, 40.8567 ], [ -3.55764, 40.85671 ], [ -3.55646, 40.85761 ], [ -3.55528, 40.85762 ], [ -3.55528, 40.85852 ], [ -3.5541, 40.85853 ], [ -3.55409, 40.85762 ], [ -3.5529, 40.85763 ], [ -3.55172, 40.85764 ], [ -3.55053, 40.85764 ], [ -3.54934, 40.85765 ], [ -3.54934, 40.85675 ], [ -3.54815, 40.85675 ], [ -3.54814, 40.85585 ], [ -3.54696, 40.85586 ], [ -3.54696, 40.85676 ], [ -3.54578, 40.85676 ], [ -3.54578, 40.85766 ], [ -3.5446, 40.85767 ], [ -3.54341, 40.85768 ], [ -3.54342, 40.85858 ], [ -3.54343, 40.85948 ], [ -3.54343, 40.86038 ], [ -3.54225, 40.86038 ], [ -3.54225, 40.86128 ], [ -3.54107, 40.86129 ], [ -3.54108, 40.86219 ], [ -3.53989, 40.8622 ], [ -3.5399, 40.8631 ], [ -3.5387, 40.8622 ], [ -3.53752, 40.86221 ], [ -3.53633, 40.86221 ], [ -3.53394, 40.86042 ], [ -3.52913, 40.85234 ], [ -3.52436, 40.84876 ], [ -3.52076, 40.84427 ], [ -3.516, 40.84159 ], [ -3.51481, 40.84159 ], [ -3.5148, 40.84069 ], [ -3.51361, 40.8398 ], [ -3.51243, 40.8398 ], [ -3.51242, 40.8389 ], [ -3.51241, 40.838 ], [ -3.51122, 40.8371 ], [ -3.51358, 40.83619 ], [ -3.51238, 40.8344 ], [ -3.51356, 40.83349 ], [ -3.51355, 40.83169 ], [ -3.51354, 40.83079 ], [ -3.51235, 40.82989 ], [ -3.51233, 40.82809 ], [ -3.51113, 40.82539 ], [ -3.51111, 40.82269 ], [ -3.50991, 40.82179 ], [ -3.50872, 40.82 ], [ -3.50514, 40.81821 ], [ -3.50632, 40.81641 ], [ -3.50867, 40.81459 ], [ -3.50986, 40.81459 ], [ -3.50985, 40.81369 ], [ -3.51104, 40.81368 ], [ -3.51103, 40.81278 ], [ -3.51102, 40.81188 ], [ -3.51221, 40.81188 ], [ -3.5122, 40.81097 ], [ -3.5122, 40.81007 ], [ -3.51219, 40.80917 ], [ -3.51337, 40.80827 ], [ -3.51336, 40.80737 ], [ -3.51218, 40.80737 ], [ -3.51217, 40.80647 ], [ -3.51335, 40.80556 ], [ -3.51334, 40.80466 ], [ -3.51452, 40.80376 ], [ -3.51333, 40.80286 ], [ -3.51213, 40.80107 ], [ -3.50975, 40.80018 ], [ -3.50856, 40.79928 ], [ -3.5038, 40.7975 ], [ -3.50262, 40.7975 ], [ -3.50261, 40.7966 ], [ -3.50379, 40.7957 ], [ -3.50378, 40.7948 ], [ -3.5026, 40.7948 ], [ -3.50259, 40.7939 ], [ -3.50258, 40.793 ], [ -3.50258, 40.7921 ], [ -3.50257, 40.7912 ], [ -3.50256, 40.7903 ], [ -3.50375, 40.79029 ], [ -3.50374, 40.78939 ], [ -3.50493, 40.78939 ], [ -3.50611, 40.78938 ], [ -3.50612, 40.79028 ], [ -3.5073, 40.79028 ], [ -3.50849, 40.79027 ], [ -3.50967, 40.79027 ], [ -3.51203, 40.78845 ], [ -3.51914, 40.78842 ], [ -3.52032, 40.78752 ], [ -3.52388, 40.7875 ], [ -3.52981, 40.78837 ], [ -3.53099, 40.78837 ], [ -3.53218, 40.78836 ], [ -3.53219, 40.78926 ], [ -3.53337, 40.78926 ], [ -3.53456, 40.78925 ], [ -3.53693, 40.78924 ], [ -3.5381, 40.78834 ], [ -3.54404, 40.78921 ], [ -3.54522, 40.7892 ], [ -3.54997, 40.79008 ], [ -3.55116, 40.79008 ], [ -3.55234, 40.79007 ], [ -3.55828, 40.79184 ], [ -3.55947, 40.79184 ], [ -3.56065, 40.79093 ], [ -3.56538, 40.79001 ], [ -3.56894, 40.78999 ], [ -3.57013, 40.79088 ], [ -3.57368, 40.79087 ], [ -3.57488, 40.79266 ], [ -3.5749, 40.79446 ], [ -3.57729, 40.79625 ], [ -3.57849, 40.79805 ], [ -3.57732, 40.79986 ], [ -3.57734, 40.80256 ], [ -3.57736, 40.80436 ], [ -3.57736, 40.80526 ], [ -3.5762, 40.80797 ], [ -3.57621, 40.80887 ], [ -3.57622, 40.80977 ], [ -3.57623, 40.81067 ], [ -3.57506, 40.81248 ], [ -3.57275, 40.8206 ], [ -3.57276, 40.8215 ], [ -3.57395, 40.82149 ], [ -3.57513, 40.82149 ], [ -3.57633, 40.82238 ], [ -3.57751, 40.82238 ], [ -3.57875, 40.82778 ], [ -3.57996, 40.83137 ], [ -3.5871, 40.83404 ], [ -3.58828, 40.83313 ], [ -3.59064, 40.83222 ], [ -3.59418, 40.8295 ], [ -3.59536, 40.82949 ], [ -3.59537, 40.83039 ], [ -3.59538, 40.83129 ], [ -3.59657, 40.83129 ], [ -3.59657, 40.83219 ], [ -3.59658, 40.83309 ], [ -3.59777, 40.83308 ], [ -3.59778, 40.83398 ], [ -3.59778, 40.83489 ], [ -3.59897, 40.83488 ], [ -3.59898, 40.83578 ], [ -3.60017, 40.83668 ], [ -3.60018, 40.83758 ], [ -3.60137, 40.83757 ], [ -3.60138, 40.83847 ], [ -3.60256, 40.83846 ], [ -3.60257, 40.83937 ], [ -3.60258, 40.84027 ], [ -3.60376, 40.84026 ], [ -3.60377, 40.84116 ], [ -3.60496, 40.84115 ], [ -3.60497, 40.84206 ], [ -3.59907, 40.84569 ] ] ] } },
{ "type": "Feature", "properties": { "ine_code": "28152", "name": "Torrelodones" }, "geometry": { "type": "Polygon", "coordinates": [ [ [ -3.95712, 40.58383 ], [ -3.95595, 40.58474 ], [ -3.95596, 40.58564 ], [ -3.95481, 40.58745 ], [ -3.95482, 40.58835 ], [ -3.95483, 40.58925 ], [ -3.95368, 40.59106 ], [ -3.95252, 40.59288 ], [ -3.95253, 40.59378 ], [ -3.95138, 40.59559 ], [ -3.95139, 40.59649 ], [ -3.95021, 40.5965 ], [ -3.94783, 40.59562 ], [ -3.94665, 40.59563 ], [ -3.94429, 40.59565 ], [ -3.94074, 40.59568 ], [ -3.93956, 40.59568 ], [ -3.9372, 40.5957 ], [ -3.93483, 40.59572 ], [ -3.93128, 40.59485 ], [ -3.93129, 40.59575 ], [ -3.9301, 40.59486 ], [ -3.92772, 40.59398 ], [ -3.92654, 40.59399 ], [ -3.92534, 40.5931 ], [ -3.92416, 40.59311 ], [ -3.9218, 40.59313 ], [ -3.91825, 40.59315 ], [ -3.91707, 40.59316 ], [ -3.91588, 40.59227 ], [ -3.9147, 40.59228 ], [ -3.91232, 40.5914 ], [ -3.90876, 40.59053 ], [ -3.90758, 40.59054 ], [ -3.90284, 40.58967 ], [ -3.90047, 40.58879 ], [ -3.89929, 40.5888 ], [ -3.89811, 40.58881 ], [ -3.89692, 40.58882 ], [ -3.89455, 40.58793 ], [ -3.89219, 40.58795 ], [ -3.88982, 40.58797 ], [ -3.88864, 40.58798 ], [ -3.88627, 40.5871 ], [ -3.88508, 40.58711 ], [ -3.88389, 40.58621 ], [ -3.88388, 40.58531 ], [ -3.88387, 40.58441 ], [ -3.88386, 40.58351 ], [ -3.88384, 40.58261 ], [ -3.88383, 40.58171 ], [ -3.88382, 40.58081 ], [ -3.88381, 40.57991 ], [ -3.8838, 40.57901 ], [ -3.88378, 40.57811 ], [ -3.88377, 40.57721 ], [ -3.88495, 40.5772 ], [ -3.88494, 40.5763 ], [ -3.88493, 40.5754 ], [ -3.88492, 40.5745 ], [ -3.8861, 40.57449 ], [ -3.88728, 40.57448 ], [ -3.88727, 40.57358 ], [ -3.88845, 40.57357 ], [ -3.88963, 40.57356 ], [ -3.88962, 40.57266 ], [ -3.8908, 40.57265 ], [ -3.89079, 40.57175 ], [ -3.89197, 40.57174 ], [ -3.89196, 40.57084 ], [ -3.89314, 40.57083 ], [ -3.89313, 40.56993 ], [ -3.89431, 40.56992 ], [ -3.89547, 40.56811 ], [ -3.89665, 40.5681 ], [ -3.89664, 40.5672 ], [ -3.899, 40.56718 ], [ -3.89899, 40.56628 ], [ -3.90134, 40.56536 ], [ -3.90369, 40.56444 ], [ -3.90486, 40.56353 ], [ -3.90841, 40.5644 ], [ -3.90958, 40.56349 ], [ -3.91193, 40.56257 ], [ -3.9131, 40.56166 ], [ -3.91427, 40.56075 ], [ -3.91662, 40.55983 ], [ -3.91895, 40.55801 ], [ -3.92014, 40.558 ], [ -3.9225, 40.55799 ], [ -3.92368, 40.55798 ], [ -3.92486, 40.55797 ], [ -3.92604, 40.55796 ], [ -3.92722, 40.55795 ], [ -3.9284, 40.55794 ], [ -3.92958, 40.55793 ], [ -3.9296, 40.55883 ], [ -3.93078, 40.55882 ], [ -3.93077, 40.55792 ], [ -3.93075, 40.55702 ], [ -3.93193, 40.55701 ], [ -3.93192, 40.55611 ], [ -3.93191, 40.55521 ], [ -3.93073, 40.55522 ], [ -3.93072, 40.55432 ], [ -3.9307, 40.55342 ], [ -3.93188, 40.55341 ], [ -3.93187, 40.55251 ], [ -3.93186, 40.5516 ], [ -3.93185, 40.5507 ], [ -3.93303, 40.55069 ], [ -3.93304, 40.55159 ], [ -3.93422, 40.55159 ], [ -3.93421, 40.55068 ], [ -3.9342, 40.54978 ], [ -3.93538, 40.54977 ], [ -3.93536, 40.54887 ], [ -3.93654, 40.54886 ], [ -3.93773, 40.54885 ], [ -3.93891, 40.54884 ], [ -3.94009, 40.54884 ], [ -3.94007, 40.54793 ], [ -3.94126, 40.54792 ], [ -3.94244, 40.54792 ], [ -3.94245, 40.54882 ], [ -3.94363, 40.54881 ], [ -3.94364, 40.54971 ], [ -3.94366, 40.55061 ], [ -3.94485, 40.5515 ], [ -3.94486, 40.5524 ], [ -3.94487, 40.5533 ], [ -3.94489, 40.5542 ], [ -3.94608, 40.55509 ], [ -3.94609, 40.55599 ], [ -3.94729, 40.55688 ], [ -3.9473, 40.55779 ], [ -3.94731, 40.55869 ], [ -3.94732, 40.55959 ], [ -3.94851, 40.55958 ], [ -3.94852, 40.56048 ], [ -3.9497, 40.56047 ], [ -3.95088, 40.56046 ], [ -3.95087, 40.55956 ], [ -3.95086, 40.55866 ], [ -3.95204, 40.55865 ], [ -3.95202, 40.55775 ], [ -3.95201, 40.55685 ], [ -3.95319, 40.55684 ], [ -3.9532, 40.55774 ], [ -3.95439, 40.55773 ], [ -3.9544, 40.55863 ], [ -3.95441, 40.55953 ], [ -3.95442, 40.56043 ], [ -3.95444, 40.56133 ], [ -3.95562, 40.56132 ], [ -3.95563, 40.56222 ], [ -3.95681, 40.56221 ], [ -3.95682, 40.56311 ], [ -3.95801, 40.5631 ], [ -3.95802, 40.564 ], [ -3.95803, 40.5649 ], [ -3.95804, 40.5658 ], [ -3.95686, 40.56581 ], [ -3.95688, 40.56671 ], [ -3.95689, 40.56762 ], [ -3.9569, 40.56852 ], [ -3.95691, 40.56942 ], [ -3.95693, 40.57032 ], [ -3.95695, 40.57212 ], [ -3.95815, 40.57301 ], [ -3.95817, 40.57481 ], [ -3.95938, 40.5766 ], [ -3.95712, 40.58383 ] ], [ [ -3.93079, 40.55972 ], [ -3.93197, 40.55971 ], [ -3.93196, 40.55881 ], [ -3.93078, 40.55882 ], [ -3.93079, 40.55972 ] ] ] } },
{ "type": "Feature", "properties": { "ine_code": "28153", "name": "Torremocha de Jarama" }, "geometry": { "type": "Polygon", "coordinates": [ [ [ -3.53516, 40.86492 ], [ -3.53398, 40.86493 ], [ -3.53399, 40.86583 ], [ -3.53399, 40.86673 ], [ -3.53281, 40.86673 ], [ -3.53281, 40.86763 ], [ -3.53163, 40.86764 ], [ -3.53044, 40.86765 ], [ -3.53045, 40.86855 ], [ -3.52926, 40.86855 ], [ -3.52927, 40.86945 ], [ -3.52808, 40.86946 ], [ -3.52809, 40.87036 ], [ -3.52457, 40.87578 ], [ -3.52456, 40.87398 ], [ -3.52573, 40.87217 ], [ -3.52453, 40.87037 ], [ -3.52095, 40.86769 ], [ -3.52094, 40.86679 ], [ -3.52093, 40.86589 ], [ -3.51975, 40.86589 ], [ -3.51974, 40.86499 ], [ -3.51973, 40.86409 ], [ -3.51972, 40.86319 ], [ -3.51972, 40.86229 ], [ -3.51853, 40.86229 ], [ -3.51734, 40.8623 ], [ -3.51734, 40.8614 ], [ -3.51615, 40.8614 ], [ -3.51614, 40.8605 ], [ -3.51614, 40.8596 ], [ -3.51495, 40.85961 ], [ -3.51494, 40.85871 ], [ -3.51613, 40.8587 ], [ -3.51612, 40.8578 ], [ -3.51612, 40.8569 ], [ -3.51611, 40.856 ], [ -3.51492, 40.856 ], [ -3.51492, 40.8551 ], [ -3.51491, 40.8542 ], [ -3.5149, 40.8533 ], [ -3.5149, 40.8524 ], [ -3.51371, 40.85241 ], [ -3.5137, 40.85151 ], [ -3.51252, 40.85151 ], [ -3.51133, 40.85152 ], [ -3.51132, 40.85062 ], [ -3.51014, 40.85062 ], [ -3.51013, 40.84972 ], [ -3.51012, 40.84882 ], [ -3.50894, 40.84882 ], [ -3.50893, 40.84792 ], [ -3.50892, 40.84702 ], [ -3.50774, 40.84703 ], [ -3.50773, 40.84613 ], [ -3.50654, 40.84613 ], [ -3.50655, 40.84703 ], [ -3.50537, 40.84794 ], [ -3.50418, 40.84794 ], [ -3.50419, 40.84885 ], [ -3.503, 40.84885 ], [ -3.50182, 40.84976 ], [ -3.50064, 40.84976 ], [ -3.50065, 40.85066 ], [ -3.49946, 40.85067 ], [ -3.49947, 40.85157 ], [ -3.49828, 40.85157 ], [ -3.49235, 40.8516 ], [ -3.48997, 40.85071 ], [ -3.48641, 40.85072 ], [ -3.48523, 40.85163 ], [ -3.48404, 40.85163 ], [ -3.48286, 40.85254 ], [ -3.48168, 40.85254 ], [ -3.48168, 40.85345 ], [ -3.4805, 40.85345 ], [ -3.4805, 40.85435 ], [ -3.47932, 40.85436 ], [ -3.47932, 40.85526 ], [ -3.47814, 40.85526 ], [ -3.47695, 40.85527 ], [ -3.47576, 40.85527 ], [ -3.47576, 40.85437 ], [ -3.47457, 40.85438 ], [ -3.47339, 40.85438 ], [ -3.47338, 40.85348 ], [ -3.47219, 40.85349 ], [ -3.47219, 40.85258 ], [ -3.471, 40.85259 ], [ -3.47099, 40.85169 ], [ -3.47337, 40.85168 ], [ -3.47456, 40.85257 ], [ -3.47575, 40.85257 ], [ -3.47574, 40.85167 ], [ -3.47693, 40.85166 ], [ -3.47692, 40.85076 ], [ -3.47573, 40.85077 ], [ -3.47573, 40.84987 ], [ -3.47453, 40.84897 ], [ -3.47334, 40.84808 ], [ -3.47214, 40.84628 ], [ -3.47095, 40.84538 ], [ -3.46976, 40.84449 ], [ -3.46975, 40.84359 ], [ -3.46974, 40.84268 ], [ -3.47092, 40.84178 ], [ -3.4721, 40.84087 ], [ -3.47329, 40.84087 ], [ -3.47447, 40.83996 ], [ -3.47566, 40.83996 ], [ -3.47683, 40.83905 ], [ -3.47802, 40.83905 ], [ -3.47921, 40.83904 ], [ -3.4792, 40.83814 ], [ -3.47919, 40.83724 ], [ -3.47919, 40.83634 ], [ -3.47918, 40.83544 ], [ -3.478, 40.83544 ], [ -3.47799, 40.83454 ], [ -3.4768, 40.83365 ], [ -3.47679, 40.83275 ], [ -3.47678, 40.83185 ], [ -3.47678, 40.83095 ], [ -3.47677, 40.83004 ], [ -3.47676, 40.82914 ], [ -3.47676, 40.82824 ], [ -3.47675, 40.82734 ], [ -3.47674, 40.82644 ], [ -3.47674, 40.82554 ], [ -3.47673, 40.82464 ], [ -3.47673, 40.82374 ], [ -3.47791, 40.82373 ], [ -3.4779, 40.82283 ], [ -3.4779, 40.82193 ], [ -3.47908, 40.82193 ], [ -3.47908, 40.82103 ], [ -3.48026, 40.82102 ], [ -3.48026, 40.82012 ], [ -3.48144, 40.82012 ], [ -3.48144, 40.81921 ], [ -3.48262, 40.81921 ], [ -3.48262, 40.81831 ], [ -3.48261, 40.81741 ], [ -3.4826, 40.81651 ], [ -3.4826, 40.81561 ], [ -3.48259, 40.81471 ], [ -3.48258, 40.8138 ], [ -3.48377, 40.8138 ], [ -3.48495, 40.81379 ], [ -3.48495, 40.81289 ], [ -3.48613, 40.81289 ], [ -3.48613, 40.81199 ], [ -3.48731, 40.81198 ], [ -3.48731, 40.81108 ], [ -3.48848, 40.81018 ], [ -3.48967, 40.81017 ], [ -3.48966, 40.80927 ], [ -3.49085, 40.80927 ], [ -3.49084, 40.80836 ], [ -3.49084, 40.80746 ], [ -3.49201, 40.80656 ], [ -3.49201, 40.80566 ], [ -3.492, 40.80476 ], [ -3.49199, 40.80386 ], [ -3.49199, 40.80295 ], [ -3.49198, 40.80205 ], [ -3.4908, 40.80206 ], [ -3.49079, 40.80116 ], [ -3.49078, 40.80026 ], [ -3.49196, 40.79935 ], [ -3.49195, 40.79845 ], [ -3.49195, 40.79755 ], [ -3.49313, 40.79754 ], [ -3.49431, 40.79664 ], [ -3.4955, 40.79663 ], [ -3.49669, 40.79753 ], [ -3.49788, 40.79843 ], [ -3.49907, 40.79842 ], [ -3.49907, 40.79932 ], [ -3.50026, 40.79932 ], [ -3.50025, 40.79842 ], [ -3.50144, 40.79841 ], [ -3.50143, 40.79751 ], [ -3.50262, 40.7975 ], [ -3.5038, 40.7975 ], [ -3.50856, 40.79928 ], [ -3.50975, 40.80018 ], [ -3.51213, 40.80107 ], [ -3.51333, 40.80286 ], [ -3.51452, 40.80376 ], [ -3.51334, 40.80466 ], [ -3.51335, 40.80556 ], [ -3.51217, 40.80647 ], [ -3.51218, 40.80737 ], [ -3.51336, 40.80737 ], [ -3.51337, 40.80827 ], [ -3.51219, 40.80917 ], [ -3.5122, 40.81007 ], [ -3.5122, 40.81097 ], [ -3.51221, 40.81188 ], [ -3.51102, 40.81188 ], [ -3.51103, 40.81278 ], [ -3.51104, 40.81368 ], [ -3.50985, 40.81369 ], [ -3.50986, 40.81459 ], [ -3.50867, 40.81459 ], [ -3.50632, 40.81641 ], [ -3.50514, 40.81821 ], [ -3.50872, 40.82 ], [ -3.50991, 40.82179 ], [ -3.51111, 40.82269 ], [ -3.51113, 40.82539 ], [ -3.51233, 40.82809 ], [ -3.51235, 40.82989 ], [ -3.51354, 40.83079 ], [ -3.51355, 40.83169 ], [ -3.51356, 40.83349 ], [ -3.51238, 40.8344 ], [ -3.51358, 40.83619 ], [ -3.51122, 40.8371 ], [ -3.51241, 40.838 ], [ -3.51242, 40.8389 ], [ -3.51243, 40.8398 ], [ -3.51361, 40.8398 ], [ -3.5148, 40.84069 ], [ -3.51481, 40.84159 ], [ -3.516, 40.84159 ], [ -3.52076, 40.84427 ], [ -3.52436, 40.84876 ], [ -3.52913, 40.85234 ], [ -3.53394, 40.86042 ], [ -3.53633, 40.86221 ], [ -3.53516, 40.86492 ] ] ] } },
{ "type": "Feature", "properties": { "ine_code": "28154", "name": "Torres de la Alameda" }, "geometry": { "type": "Polygon", "coordinates": [ [ [ -3.42693, 40.45367 ], [ -3.42575, 40.45368 ], [ -3.42457, 40.45458 ], [ -3.42458, 40.45548 ], [ -3.4234, 40.45639 ], [ -3.41986, 40.4555 ], [ -3.41986, 40.4546 ], [ -3.41397, 40.45642 ], [ -3.40924, 40.45374 ], [ -3.40923, 40.45284 ], [ -3.40805, 40.45284 ], [ -3.40687, 40.45284 ], [ -3.40687, 40.45194 ], [ -3.40686, 40.45104 ], [ -3.40568, 40.45105 ], [ -3.4045, 40.45105 ], [ -3.4045, 40.45015 ], [ -3.40332, 40.45015 ], [ -3.40332, 40.45106 ], [ -3.40214, 40.45106 ], [ -3.40096, 40.45106 ], [ -3.39979, 40.45107 ], [ -3.39861, 40.45107 ], [ -3.3986, 40.45017 ], [ -3.39742, 40.45017 ], [ -3.39743, 40.45108 ], [ -3.39625, 40.45108 ], [ -3.39506, 40.45018 ], [ -3.39388, 40.45019 ], [ -3.3927, 40.45019 ], [ -3.3927, 40.44929 ], [ -3.39152, 40.44929 ], [ -3.39151, 40.44839 ], [ -3.39034, 40.4484 ], [ -3.39033, 40.4475 ], [ -3.38915, 40.4475 ], [ -3.38915, 40.4466 ], [ -3.38441, 40.44391 ], [ -3.38205, 40.44212 ], [ -3.37732, 40.44033 ], [ -3.37613, 40.43944 ], [ -3.37377, 40.43764 ], [ -3.37258, 40.43674 ], [ -3.36904, 40.43495 ], [ -3.36667, 40.43406 ], [ -3.36549, 40.43316 ], [ -3.36312, 40.43137 ], [ -3.36076, 40.43048 ], [ -3.35957, 40.42958 ], [ -3.35721, 40.42868 ], [ -3.35367, 40.42689 ], [ -3.3513, 40.4251 ], [ -3.34894, 40.4242 ], [ -3.3454, 40.42331 ], [ -3.34303, 40.42242 ], [ -3.33949, 40.42063 ], [ -3.33831, 40.42153 ], [ -3.33596, 40.42154 ], [ -3.33478, 40.42245 ], [ -3.33242, 40.42245 ], [ -3.33242, 40.42155 ], [ -3.33124, 40.42065 ], [ -3.33006, 40.42066 ], [ -3.33005, 40.41976 ], [ -3.33005, 40.41885 ], [ -3.32887, 40.41886 ], [ -3.32887, 40.41796 ], [ -3.32886, 40.41706 ], [ -3.32766, 40.41256 ], [ -3.32766, 40.41165 ], [ -3.32765, 40.41075 ], [ -3.32765, 40.40985 ], [ -3.32764, 40.40895 ], [ -3.32646, 40.40896 ], [ -3.32646, 40.40805 ], [ -3.32646, 40.40715 ], [ -3.32528, 40.40716 ], [ -3.32409, 40.40626 ], [ -3.32409, 40.40536 ], [ -3.32291, 40.40536 ], [ -3.32291, 40.40446 ], [ -3.32173, 40.40446 ], [ -3.32055, 40.40447 ], [ -3.31937, 40.40447 ], [ -3.31819, 40.40447 ], [ -3.31702, 40.40448 ], [ -3.31701, 40.40358 ], [ -3.31583, 40.40358 ], [ -3.31228, 40.40089 ], [ -3.31581, 40.39907 ], [ -3.32051, 40.39546 ], [ -3.32286, 40.39545 ], [ -3.32403, 40.39275 ], [ -3.3252, 40.39004 ], [ -3.32283, 40.38824 ], [ -3.32165, 40.38735 ], [ -3.31927, 40.38375 ], [ -3.32397, 40.38103 ], [ -3.3275, 40.37922 ], [ -3.32867, 40.37832 ], [ -3.3322, 40.37741 ], [ -3.33338, 40.3774 ], [ -3.33456, 40.3774 ], [ -3.33691, 40.37739 ], [ -3.34161, 40.37468 ], [ -3.34396, 40.37287 ], [ -3.34631, 40.37106 ], [ -3.34747, 40.36925 ], [ -3.34983, 40.36835 ], [ -3.35217, 40.36654 ], [ -3.35335, 40.36743 ], [ -3.35572, 40.36833 ], [ -3.35926, 40.37012 ], [ -3.36044, 40.37102 ], [ -3.36279, 40.37011 ], [ -3.36398, 40.37191 ], [ -3.36516, 40.3719 ], [ -3.3687, 40.37279 ], [ -3.37106, 40.37459 ], [ -3.37462, 40.37818 ], [ -3.3758, 40.37998 ], [ -3.37699, 40.38087 ], [ -3.37936, 40.38357 ], [ -3.37937, 40.38537 ], [ -3.38056, 40.38717 ], [ -3.38292, 40.38896 ], [ -3.38411, 40.38986 ], [ -3.38648, 40.39255 ], [ -3.38885, 40.39525 ], [ -3.39241, 40.39974 ], [ -3.39478, 40.40244 ], [ -3.39715, 40.40423 ], [ -3.39953, 40.40782 ], [ -3.4019, 40.41052 ], [ -3.40191, 40.41232 ], [ -3.4031, 40.41412 ], [ -3.40548, 40.41681 ], [ -3.40668, 40.42131 ], [ -3.40905, 40.42311 ], [ -3.41142, 40.4258 ], [ -3.41025, 40.42671 ], [ -3.41262, 40.4285 ], [ -3.41499, 40.43119 ], [ -3.41383, 40.433 ], [ -3.41384, 40.4357 ], [ -3.41266, 40.43571 ], [ -3.41385, 40.4366 ], [ -3.41739, 40.43749 ], [ -3.42094, 40.44018 ], [ -3.42331, 40.44197 ], [ -3.42098, 40.44649 ], [ -3.4198, 40.44559 ], [ -3.41863, 40.4465 ], [ -3.41865, 40.4501 ], [ -3.41984, 40.4519 ], [ -3.42102, 40.45189 ], [ -3.4222, 40.45189 ], [ -3.4222, 40.45279 ], [ -3.42338, 40.45279 ], [ -3.42456, 40.45278 ], [ -3.42456, 40.45188 ], [ -3.42574, 40.45188 ], [ -3.42691, 40.45187 ], [ -3.42692, 40.45277 ], [ -3.42693, 40.45367 ] ] ] } },
{ "type": "Feature", "properties": { "ine_code": "28155", "name": "Valdaracete" }, "geometry": { "type": "Polygon", "coordinates": [ [ [ -3.26677, 40.21361 ], [ -3.26559, 40.21271 ], [ -3.26324, 40.21271 ], [ -3.25971, 40.21272 ], [ -3.25501, 40.21363 ], [ -3.24679, 40.21365 ], [ -3.24209, 40.21366 ], [ -3.23973, 40.21276 ], [ -3.23739, 40.21367 ], [ -3.23505, 40.21638 ], [ -3.23505, 40.21728 ], [ -3.23388, 40.21908 ], [ -3.23035, 40.21819 ], [ -3.22801, 40.22 ], [ -3.22684, 40.2218 ], [ -3.22215, 40.22451 ], [ -3.2198, 40.22632 ], [ -3.22098, 40.22812 ], [ -3.21981, 40.22992 ], [ -3.21747, 40.23353 ], [ -3.21866, 40.23623 ], [ -3.21749, 40.23803 ], [ -3.21396, 40.23894 ], [ -3.20927, 40.24075 ], [ -3.20457, 40.24346 ], [ -3.20105, 40.24437 ], [ -3.1987, 40.24618 ], [ -3.19518, 40.24708 ], [ -3.194, 40.24799 ], [ -3.18812, 40.24529 ], [ -3.18341, 40.2435 ], [ -3.18106, 40.2426 ], [ -3.17987, 40.2399 ], [ -3.17869, 40.2363 ], [ -3.17751, 40.2363 ], [ -3.17516, 40.2354 ], [ -3.17398, 40.2345 ], [ -3.17163, 40.23451 ], [ -3.1681, 40.23361 ], [ -3.16222, 40.23092 ], [ -3.16104, 40.22912 ], [ -3.15751, 40.22732 ], [ -3.15397, 40.22462 ], [ -3.1528, 40.22372 ], [ -3.15044, 40.22283 ], [ -3.15397, 40.22192 ], [ -3.15397, 40.22102 ], [ -3.15514, 40.22102 ], [ -3.15631, 40.22011 ], [ -3.15749, 40.22011 ], [ -3.15749, 40.21921 ], [ -3.15866, 40.21921 ], [ -3.15866, 40.21831 ], [ -3.15984, 40.21831 ], [ -3.15983, 40.21741 ], [ -3.15983, 40.21651 ], [ -3.15983, 40.21561 ], [ -3.161, 40.2156 ], [ -3.161, 40.2147 ], [ -3.161, 40.2138 ], [ -3.16218, 40.2138 ], [ -3.16217, 40.2129 ], [ -3.16217, 40.212 ], [ -3.16217, 40.2111 ], [ -3.16217, 40.2102 ], [ -3.16216, 40.2093 ], [ -3.16099, 40.2084 ], [ -3.16099, 40.2075 ], [ -3.16098, 40.20659 ], [ -3.16098, 40.20569 ], [ -3.1598, 40.20479 ], [ -3.1598, 40.20389 ], [ -3.1598, 40.20299 ], [ -3.1598, 40.20209 ], [ -3.15862, 40.20209 ], [ -3.15862, 40.20119 ], [ -3.15509, 40.2003 ], [ -3.15392, 40.1994 ], [ -3.15391, 40.1985 ], [ -3.15274, 40.1976 ], [ -3.15156, 40.19489 ], [ -3.1539, 40.19309 ], [ -3.15508, 40.19309 ], [ -3.15507, 40.19129 ], [ -3.15625, 40.19038 ], [ -3.15741, 40.18678 ], [ -3.15741, 40.18588 ], [ -3.15623, 40.18498 ], [ -3.15506, 40.18408 ], [ -3.15388, 40.18228 ], [ -3.1527, 40.18048 ], [ -3.15152, 40.17868 ], [ -3.15152, 40.17778 ], [ -3.15034, 40.17598 ], [ -3.14916, 40.17418 ], [ -3.15033, 40.17147 ], [ -3.15032, 40.16877 ], [ -3.14914, 40.16246 ], [ -3.15031, 40.16156 ], [ -3.15148, 40.16066 ], [ -3.15383, 40.15885 ], [ -3.15851, 40.15524 ], [ -3.16086, 40.15614 ], [ -3.16673, 40.15523 ], [ -3.16674, 40.15613 ], [ -3.16791, 40.15613 ], [ -3.16908, 40.15613 ], [ -3.16908, 40.15523 ], [ -3.17143, 40.15523 ], [ -3.1726, 40.15522 ], [ -3.17613, 40.15702 ], [ -3.17731, 40.15882 ], [ -3.17966, 40.15882 ], [ -3.18083, 40.15791 ], [ -3.18318, 40.15701 ], [ -3.1867, 40.157 ], [ -3.19022, 40.157 ], [ -3.19257, 40.15699 ], [ -3.19727, 40.15699 ], [ -3.19726, 40.15608 ], [ -3.20548, 40.15607 ], [ -3.21371, 40.15966 ], [ -3.21843, 40.16416 ], [ -3.21843, 40.16506 ], [ -3.21961, 40.16866 ], [ -3.21962, 40.17136 ], [ -3.21846, 40.17407 ], [ -3.22083, 40.18127 ], [ -3.22319, 40.18487 ], [ -3.2314, 40.18215 ], [ -3.23727, 40.18034 ], [ -3.24667, 40.18212 ], [ -3.25492, 40.18841 ], [ -3.25728, 40.1902 ], [ -3.26199, 40.1947 ], [ -3.26907, 40.20099 ], [ -3.27026, 40.20639 ], [ -3.27027, 40.20819 ], [ -3.2703, 40.2145 ], [ -3.26677, 40.21361 ] ] ] } },
{ "type": "Feature", "properties": { "ine_code": "28156", "name": "Valdeavero" }, "geometry": { "type": "Polygon", "coordinates": [ [ [ -3.38181, 40.60878 ], [ -3.38418, 40.60968 ], [ -3.38064, 40.61059 ], [ -3.38064, 40.61149 ], [ -3.38065, 40.61239 ], [ -3.37947, 40.6124 ], [ -3.37593, 40.61421 ], [ -3.37475, 40.61421 ], [ -3.37475, 40.61511 ], [ -3.37357, 40.61512 ], [ -3.37358, 40.61602 ], [ -3.37595, 40.61691 ], [ -3.37713, 40.61781 ], [ -3.37714, 40.61871 ], [ -3.37596, 40.61961 ], [ -3.37478, 40.62052 ], [ -3.37479, 40.62142 ], [ -3.37479, 40.62232 ], [ -3.37362, 40.62413 ], [ -3.37126, 40.62504 ], [ -3.37127, 40.62594 ], [ -3.37245, 40.62683 ], [ -3.36891, 40.62775 ], [ -3.36892, 40.62955 ], [ -3.36893, 40.63045 ], [ -3.36893, 40.63135 ], [ -3.36775, 40.63225 ], [ -3.36538, 40.63136 ], [ -3.3642, 40.63136 ], [ -3.36421, 40.63317 ], [ -3.36303, 40.63407 ], [ -3.36423, 40.63587 ], [ -3.36423, 40.63677 ], [ -3.36306, 40.63857 ], [ -3.36542, 40.63857 ], [ -3.36897, 40.63856 ], [ -3.37016, 40.63945 ], [ -3.37252, 40.63854 ], [ -3.37371, 40.64034 ], [ -3.37488, 40.63854 ], [ -3.3725, 40.63584 ], [ -3.37368, 40.63494 ], [ -3.37605, 40.63493 ], [ -3.37722, 40.63402 ], [ -3.37722, 40.63312 ], [ -3.3784, 40.63312 ], [ -3.38077, 40.63311 ], [ -3.38077, 40.63401 ], [ -3.38078, 40.63491 ], [ -3.38078, 40.63581 ], [ -3.3796, 40.63672 ], [ -3.37961, 40.63762 ], [ -3.37961, 40.63852 ], [ -3.37962, 40.63942 ], [ -3.37844, 40.63943 ], [ -3.37844, 40.64033 ], [ -3.37726, 40.64033 ], [ -3.37608, 40.64033 ], [ -3.37608, 40.64124 ], [ -3.3749, 40.64124 ], [ -3.37372, 40.64124 ], [ -3.37372, 40.64214 ], [ -3.37254, 40.64305 ], [ -3.37255, 40.64395 ], [ -3.37255, 40.64485 ], [ -3.37256, 40.64575 ], [ -3.37256, 40.64665 ], [ -3.37375, 40.64665 ], [ -3.37375, 40.64755 ], [ -3.37257, 40.64755 ], [ -3.37257, 40.64845 ], [ -3.37139, 40.64846 ], [ -3.37021, 40.64846 ], [ -3.3702, 40.64756 ], [ -3.36902, 40.64756 ], [ -3.36903, 40.64847 ], [ -3.36785, 40.64937 ], [ -3.36667, 40.65027 ], [ -3.36549, 40.65028 ], [ -3.36666, 40.64847 ], [ -3.36191, 40.64578 ], [ -3.356, 40.6449 ], [ -3.35481, 40.64401 ], [ -3.34889, 40.64312 ], [ -3.34533, 40.64133 ], [ -3.3465, 40.63772 ], [ -3.34532, 40.63773 ], [ -3.33939, 40.63594 ], [ -3.33822, 40.63775 ], [ -3.33704, 40.63775 ], [ -3.33705, 40.63955 ], [ -3.33706, 40.64136 ], [ -3.33587, 40.64136 ], [ -3.33586, 40.63956 ], [ -3.33232, 40.63957 ], [ -3.32877, 40.64048 ], [ -3.32759, 40.64048 ], [ -3.32523, 40.64229 ], [ -3.32287, 40.6432 ], [ -3.32288, 40.6441 ], [ -3.32406, 40.645 ], [ -3.32289, 40.6459 ], [ -3.32171, 40.64771 ], [ -3.31936, 40.65041 ], [ -3.317, 40.65132 ], [ -3.317, 40.65222 ], [ -3.31701, 40.65493 ], [ -3.31582, 40.65313 ], [ -3.31344, 40.64953 ], [ -3.31815, 40.64591 ], [ -3.32051, 40.64411 ], [ -3.32286, 40.6405 ], [ -3.32403, 40.63869 ], [ -3.32401, 40.63419 ], [ -3.32399, 40.62968 ], [ -3.32753, 40.62787 ], [ -3.33225, 40.62605 ], [ -3.33816, 40.62604 ], [ -3.33579, 40.62424 ], [ -3.33578, 40.62334 ], [ -3.33223, 40.62245 ], [ -3.32868, 40.62066 ], [ -3.32748, 40.61796 ], [ -3.3263, 40.61796 ], [ -3.32512, 40.61797 ], [ -3.32511, 40.61707 ], [ -3.32511, 40.61617 ], [ -3.32392, 40.61617 ], [ -3.32392, 40.61527 ], [ -3.32274, 40.61527 ], [ -3.32273, 40.61437 ], [ -3.32273, 40.61347 ], [ -3.32154, 40.61257 ], [ -3.32154, 40.61167 ], [ -3.32508, 40.61076 ], [ -3.32508, 40.60986 ], [ -3.33096, 40.60354 ], [ -3.32977, 40.60264 ], [ -3.33094, 40.60083 ], [ -3.33212, 40.59993 ], [ -3.3333, 40.59993 ], [ -3.33448, 40.59902 ], [ -3.33447, 40.59812 ], [ -3.33802, 40.59721 ], [ -3.33919, 40.59631 ], [ -3.3392, 40.59721 ], [ -3.34156, 40.5972 ], [ -3.34393, 40.59809 ], [ -3.34393, 40.59899 ], [ -3.34512, 40.59989 ], [ -3.3463, 40.59989 ], [ -3.34749, 40.60079 ], [ -3.34868, 40.60168 ], [ -3.34986, 40.60168 ], [ -3.35222, 40.60167 ], [ -3.3534, 40.60167 ], [ -3.35577, 40.60166 ], [ -3.35814, 40.60255 ], [ -3.36169, 40.60344 ], [ -3.36287, 40.60344 ], [ -3.36761, 40.60523 ], [ -3.36879, 40.60612 ], [ -3.36998, 40.60702 ], [ -3.37235, 40.60791 ], [ -3.37589, 40.6061 ], [ -3.37707, 40.6061 ], [ -3.37707, 40.607 ], [ -3.37944, 40.60699 ], [ -3.38181, 40.60788 ], [ -3.38181, 40.60878 ] ] ] } },
{ "type": "Feature", "properties": { "ine_code": "28157", "name": "Valdelaguna" }, "geometry": { "type": "Polygon", "coordinates": [ [ [ -3.42064, 40.20144 ], [ -3.41946, 40.20144 ], [ -3.41595, 40.20326 ], [ -3.41243, 40.20417 ], [ -3.40775, 40.20689 ], [ -3.40423, 40.2078 ], [ -3.39839, 40.21503 ], [ -3.39605, 40.21684 ], [ -3.39489, 40.21865 ], [ -3.39136, 40.21866 ], [ -3.38665, 40.21687 ], [ -3.38547, 40.21507 ], [ -3.38545, 40.21237 ], [ -3.3831, 40.21148 ], [ -3.38309, 40.21058 ], [ -3.37956, 40.20879 ], [ -3.37838, 40.20789 ], [ -3.3772, 40.20699 ], [ -3.37719, 40.20609 ], [ -3.37602, 40.2061 ], [ -3.37601, 40.20519 ], [ -3.37365, 40.2025 ], [ -3.37129, 40.20071 ], [ -3.37128, 40.1998 ], [ -3.37011, 40.19981 ], [ -3.3701, 40.19891 ], [ -3.36893, 40.19891 ], [ -3.36658, 40.19892 ], [ -3.36423, 40.19893 ], [ -3.36305, 40.19893 ], [ -3.3607, 40.19894 ], [ -3.35717, 40.19805 ], [ -3.35365, 40.19806 ], [ -3.3513, 40.19806 ], [ -3.34541, 40.19538 ], [ -3.34423, 40.19448 ], [ -3.34188, 40.19359 ], [ -3.34069, 40.19179 ], [ -3.33951, 40.18999 ], [ -3.33833, 40.18909 ], [ -3.33833, 40.18819 ], [ -3.33715, 40.1882 ], [ -3.33715, 40.1873 ], [ -3.33597, 40.1873 ], [ -3.33479, 40.1864 ], [ -3.33244, 40.18551 ], [ -3.33243, 40.18461 ], [ -3.33126, 40.18461 ], [ -3.33126, 40.18371 ], [ -3.33008, 40.18371 ], [ -3.3289, 40.18281 ], [ -3.32773, 40.18282 ], [ -3.32772, 40.18192 ], [ -3.32655, 40.18192 ], [ -3.32537, 40.18192 ], [ -3.3242, 40.18103 ], [ -3.32302, 40.18103 ], [ -3.32302, 40.18013 ], [ -3.32184, 40.18013 ], [ -3.32184, 40.17923 ], [ -3.32066, 40.17923 ], [ -3.32066, 40.17833 ], [ -3.32182, 40.17563 ], [ -3.32416, 40.17382 ], [ -3.32532, 40.17111 ], [ -3.32765, 40.1675 ], [ -3.32882, 40.1648 ], [ -3.33232, 40.16118 ], [ -3.33349, 40.15938 ], [ -3.33465, 40.15667 ], [ -3.33815, 40.15216 ], [ -3.33931, 40.15035 ], [ -3.34166, 40.15124 ], [ -3.34283, 40.14944 ], [ -3.34635, 40.14853 ], [ -3.34869, 40.14762 ], [ -3.35337, 40.144 ], [ -3.35805, 40.14219 ], [ -3.3604, 40.14128 ], [ -3.36626, 40.14036 ], [ -3.36977, 40.13854 ], [ -3.37329, 40.13673 ], [ -3.3768, 40.13492 ], [ -3.37797, 40.13401 ], [ -3.37914, 40.13401 ], [ -3.38031, 40.13401 ], [ -3.38267, 40.1349 ], [ -3.38501, 40.13489 ], [ -3.38502, 40.13669 ], [ -3.38503, 40.13759 ], [ -3.38622, 40.14029 ], [ -3.38859, 40.14479 ], [ -3.38978, 40.14659 ], [ -3.39097, 40.14929 ], [ -3.39215, 40.15108 ], [ -3.39333, 40.15288 ], [ -3.39335, 40.15468 ], [ -3.39454, 40.15738 ], [ -3.39572, 40.16008 ], [ -3.39691, 40.16278 ], [ -3.3981, 40.16458 ], [ -3.40046, 40.16727 ], [ -3.40048, 40.16998 ], [ -3.40167, 40.17267 ], [ -3.40288, 40.17898 ], [ -3.40525, 40.18257 ], [ -3.40644, 40.18437 ], [ -3.40762, 40.18617 ], [ -3.41233, 40.18705 ], [ -3.41469, 40.18885 ], [ -3.41704, 40.18974 ], [ -3.41942, 40.19423 ], [ -3.4206, 40.19513 ], [ -3.42178, 40.19603 ], [ -3.42296, 40.19692 ], [ -3.42064, 40.20144 ] ] ] } },
{ "type": "Feature", "properties": { "ine_code": "28158", "name": "Valdemanco" }, "geometry": { "type": "Polygon", "coordinates": [ [ [ -3.69315, 40.8812 ], [ -3.69197, 40.8812 ], [ -3.68133, 40.88577 ], [ -3.68015, 40.88668 ], [ -3.67897, 40.88669 ], [ -3.67898, 40.88759 ], [ -3.67779, 40.88759 ], [ -3.6778, 40.88849 ], [ -3.67781, 40.88939 ], [ -3.67662, 40.8894 ], [ -3.67663, 40.8903 ], [ -3.67664, 40.8912 ], [ -3.67665, 40.8921 ], [ -3.67546, 40.89211 ], [ -3.66951, 40.89034 ], [ -3.66832, 40.89035 ], [ -3.66595, 40.89036 ], [ -3.66356, 40.88948 ], [ -3.66117, 40.88769 ], [ -3.65998, 40.8868 ], [ -3.6564, 40.88501 ], [ -3.65041, 40.87964 ], [ -3.64801, 40.87695 ], [ -3.648, 40.87605 ], [ -3.64799, 40.87515 ], [ -3.64798, 40.87425 ], [ -3.64797, 40.87245 ], [ -3.64796, 40.87155 ], [ -3.64795, 40.87065 ], [ -3.64674, 40.86885 ], [ -3.64674, 40.86795 ], [ -3.64554, 40.86706 ], [ -3.64553, 40.86616 ], [ -3.64433, 40.86436 ], [ -3.64432, 40.86346 ], [ -3.6443, 40.86166 ], [ -3.64428, 40.85986 ], [ -3.64427, 40.85896 ], [ -3.64308, 40.85806 ], [ -3.64306, 40.85626 ], [ -3.64304, 40.85356 ], [ -3.64302, 40.85176 ], [ -3.64537, 40.84904 ], [ -3.64654, 40.84814 ], [ -3.64772, 40.84723 ], [ -3.6489, 40.84632 ], [ -3.65123, 40.8418 ], [ -3.65122, 40.8409 ], [ -3.65002, 40.84001 ], [ -3.65001, 40.83911 ], [ -3.65, 40.83821 ], [ -3.65, 40.83731 ], [ -3.64999, 40.83641 ], [ -3.65116, 40.8355 ], [ -3.65116, 40.8346 ], [ -3.65234, 40.83459 ], [ -3.65233, 40.83369 ], [ -3.65352, 40.83368 ], [ -3.6547, 40.83368 ], [ -3.65944, 40.83275 ], [ -3.66063, 40.83274 ], [ -3.663, 40.83273 ], [ -3.66537, 40.83271 ], [ -3.66894, 40.83359 ], [ -3.67131, 40.83358 ], [ -3.67371, 40.83627 ], [ -3.67611, 40.83896 ], [ -3.67613, 40.84166 ], [ -3.67614, 40.84256 ], [ -3.67854, 40.84525 ], [ -3.67976, 40.84794 ], [ -3.68098, 40.85154 ], [ -3.67983, 40.85515 ], [ -3.67867, 40.85786 ], [ -3.68104, 40.85785 ], [ -3.68347, 40.86324 ], [ -3.6835, 40.86594 ], [ -3.68352, 40.86774 ], [ -3.68472, 40.86954 ], [ -3.68952, 40.87401 ], [ -3.69433, 40.88029 ], [ -3.69315, 40.8812 ] ] ] } },
{ "type": "Feature", "properties": { "ine_code": "28159", "name": "Valdemaqueda" }, "geometry": { "type": "MultiPolygon", "coordinates": [ [ [ [ -4.28042, 40.49782 ], [ -4.2804, 40.49692 ], [ -4.28158, 40.4969 ], [ -4.2816, 40.49781 ], [ -4.28042, 40.49782 ] ] ], [ [ [ -4.33934, 40.43409 ], [ -4.33936, 40.43499 ], [ -4.33937, 40.43589 ], [ -4.34057, 40.43678 ], [ -4.34059, 40.43768 ], [ -4.33941, 40.43769 ], [ -4.33943, 40.43859 ], [ -4.33825, 40.43861 ], [ -4.33827, 40.43951 ], [ -4.33829, 40.44041 ], [ -4.33711, 40.44042 ], [ -4.33593, 40.44044 ], [ -4.33591, 40.43953 ], [ -4.33473, 40.43955 ], [ -4.33475, 40.44045 ], [ -4.33357, 40.44046 ], [ -4.33239, 40.44048 ], [ -4.33121, 40.44049 ], [ -4.33123, 40.44139 ], [ -4.33241, 40.44138 ], [ -4.33243, 40.44228 ], [ -4.33361, 40.44226 ], [ -4.33478, 40.44225 ], [ -4.3348, 40.44315 ], [ -4.33482, 40.44405 ], [ -4.33364, 40.44407 ], [ -4.33246, 40.44408 ], [ -4.33128, 40.44409 ], [ -4.33012, 40.44501 ], [ -4.33014, 40.44591 ], [ -4.33016, 40.44681 ], [ -4.33135, 40.4477 ], [ -4.33137, 40.4486 ], [ -4.33019, 40.44861 ], [ -4.32901, 40.44862 ], [ -4.32784, 40.44864 ], [ -4.32667, 40.44955 ], [ -4.3255, 40.44956 ], [ -4.32432, 40.44958 ], [ -4.32314, 40.44959 ], [ -4.32196, 40.4496 ], [ -4.3208, 40.45052 ], [ -4.32081, 40.45142 ], [ -4.31964, 40.45143 ], [ -4.31965, 40.45233 ], [ -4.31967, 40.45323 ], [ -4.31969, 40.45414 ], [ -4.31971, 40.45504 ], [ -4.31972, 40.45594 ], [ -4.3209, 40.45592 ], [ -4.32208, 40.45591 ], [ -4.32326, 40.4559 ], [ -4.32328, 40.4568 ], [ -4.32446, 40.45678 ], [ -4.32444, 40.45588 ], [ -4.32562, 40.45587 ], [ -4.32564, 40.45677 ], [ -4.32565, 40.45767 ], [ -4.32567, 40.45857 ], [ -4.32569, 40.45947 ], [ -4.32571, 40.46037 ], [ -4.32453, 40.46039 ], [ -4.32335, 40.4604 ], [ -4.32217, 40.46041 ], [ -4.32215, 40.45951 ], [ -4.32097, 40.45953 ], [ -4.32096, 40.45863 ], [ -4.31978, 40.45864 ], [ -4.3186, 40.45865 ], [ -4.31742, 40.45867 ], [ -4.31744, 40.45957 ], [ -4.31863, 40.46045 ], [ -4.31865, 40.46135 ], [ -4.31983, 40.46134 ], [ -4.31985, 40.46224 ], [ -4.31986, 40.46314 ], [ -4.31869, 40.46316 ], [ -4.31752, 40.46407 ], [ -4.31634, 40.46408 ], [ -4.31636, 40.46498 ], [ -4.31638, 40.46588 ], [ -4.31756, 40.46587 ], [ -4.31874, 40.46586 ], [ -4.31876, 40.46676 ], [ -4.31758, 40.46677 ], [ -4.31759, 40.46767 ], [ -4.31761, 40.46857 ], [ -4.31763, 40.46947 ], [ -4.31881, 40.46946 ], [ -4.31999, 40.46945 ], [ -4.32001, 40.47035 ], [ -4.32002, 40.47125 ], [ -4.32122, 40.47214 ], [ -4.32124, 40.47304 ], [ -4.32126, 40.47394 ], [ -4.32127, 40.47484 ], [ -4.32245, 40.47482 ], [ -4.32247, 40.47572 ], [ -4.32365, 40.47571 ], [ -4.32367, 40.47661 ], [ -4.32369, 40.47751 ], [ -4.3237, 40.47841 ], [ -4.32372, 40.47931 ], [ -4.32374, 40.48021 ], [ -4.32376, 40.48111 ], [ -4.32377, 40.48202 ], [ -4.32379, 40.48292 ], [ -4.32381, 40.48382 ], [ -4.32383, 40.48472 ], [ -4.32501, 40.4847 ], [ -4.32502, 40.4856 ], [ -4.32384, 40.48562 ], [ -4.32386, 40.48652 ], [ -4.32388, 40.48742 ], [ -4.32506, 40.48741 ], [ -4.32508, 40.48831 ], [ -4.3239, 40.48832 ], [ -4.32392, 40.48922 ], [ -4.3251, 40.48921 ], [ -4.32511, 40.49011 ], [ -4.32513, 40.49101 ], [ -4.32395, 40.49102 ], [ -4.32397, 40.49192 ], [ -4.32515, 40.49191 ], [ -4.32517, 40.49281 ], [ -4.32399, 40.49282 ], [ -4.324, 40.49372 ], [ -4.32402, 40.49462 ], [ -4.3252, 40.49461 ], [ -4.32522, 40.49551 ], [ -4.32404, 40.49553 ], [ -4.32406, 40.49643 ], [ -4.32524, 40.49641 ], [ -4.32407, 40.49733 ], [ -4.32409, 40.49823 ], [ -4.32411, 40.49913 ], [ -4.32413, 40.50003 ], [ -4.32295, 40.50004 ], [ -4.32297, 40.50094 ], [ -4.32298, 40.50184 ], [ -4.323, 40.50274 ], [ -4.32418, 40.50273 ], [ -4.3242, 40.50363 ], [ -4.32422, 40.50453 ], [ -4.32423, 40.50543 ], [ -4.32425, 40.50633 ], [ -4.32543, 40.50632 ], [ -4.32545, 40.50722 ], [ -4.32663, 40.50721 ], [ -4.32665, 40.50811 ], [ -4.32785, 40.50899 ], [ -4.32786, 40.5099 ], [ -4.32668, 40.50991 ], [ -4.3255, 40.50992 ], [ -4.32552, 40.51082 ], [ -4.32554, 40.51172 ], [ -4.32556, 40.51262 ], [ -4.32438, 40.51264 ], [ -4.3232, 40.51265 ], [ -4.32321, 40.51355 ], [ -4.32323, 40.51445 ], [ -4.32325, 40.51535 ], [ -4.32327, 40.51625 ], [ -4.32209, 40.51627 ], [ -4.3221, 40.51717 ], [ -4.32092, 40.51718 ], [ -4.32094, 40.51808 ], [ -4.32096, 40.51898 ], [ -4.32098, 40.51988 ], [ -4.32099, 40.52078 ], [ -4.32101, 40.52169 ], [ -4.32103, 40.52259 ], [ -4.32105, 40.52349 ], [ -4.32107, 40.52439 ], [ -4.32108, 40.52529 ], [ -4.3211, 40.52619 ], [ -4.32112, 40.52709 ], [ -4.32114, 40.52799 ], [ -4.31996, 40.528 ], [ -4.31997, 40.5289 ], [ -4.31999, 40.5298 ], [ -4.32001, 40.53071 ], [ -4.32003, 40.53161 ], [ -4.32004, 40.53251 ], [ -4.32122, 40.53249 ], [ -4.32241, 40.53248 ], [ -4.32359, 40.53247 ], [ -4.32477, 40.53245 ], [ -4.32596, 40.53334 ], [ -4.32714, 40.53333 ], [ -4.32833, 40.53331 ], [ -4.32834, 40.53421 ], [ -4.32836, 40.53511 ], [ -4.32718, 40.53513 ], [ -4.3272, 40.53603 ], [ -4.32722, 40.53693 ], [ -4.32604, 40.53694 ], [ -4.32605, 40.53784 ], [ -4.32487, 40.53786 ], [ -4.32489, 40.53876 ], [ -4.32491, 40.53966 ], [ -4.32373, 40.53967 ], [ -4.32375, 40.54057 ], [ -4.32376, 40.54147 ], [ -4.32378, 40.54237 ], [ -4.3238, 40.54327 ], [ -4.32382, 40.54417 ], [ -4.32383, 40.54508 ], [ -4.32385, 40.54598 ], [ -4.32387, 40.54688 ], [ -4.32389, 40.54778 ], [ -4.3239, 40.54868 ], [ -4.32392, 40.54958 ], [ -4.32274, 40.54959 ], [ -4.32276, 40.55049 ], [ -4.32158, 40.55051 ], [ -4.3204, 40.55052 ], [ -4.32042, 40.55142 ], [ -4.31923, 40.55143 ], [ -4.31925, 40.55233 ], [ -4.31807, 40.55235 ], [ -4.31809, 40.55325 ], [ -4.31691, 40.55326 ], [ -4.31573, 40.55328 ], [ -4.31456, 40.55419 ], [ -4.31338, 40.5542 ], [ -4.3122, 40.55422 ], [ -4.31222, 40.55512 ], [ -4.31106, 40.55603 ], [ -4.31108, 40.55693 ], [ -4.30991, 40.55785 ], [ -4.30873, 40.55786 ], [ -4.30757, 40.55877 ], [ -4.30639, 40.55879 ], [ -4.30521, 40.5588 ], [ -4.30522, 40.5597 ], [ -4.30404, 40.55971 ], [ -4.30286, 40.55973 ], [ -4.30288, 40.56063 ], [ -4.3017, 40.56064 ], [ -4.30053, 40.56156 ], [ -4.29935, 40.56157 ], [ -4.29819, 40.56248 ], [ -4.29701, 40.5625 ], [ -4.29583, 40.56251 ], [ -4.29465, 40.56252 ], [ -4.29347, 40.56254 ], [ -4.29229, 40.56255 ], [ -4.29112, 40.56346 ], [ -4.28994, 40.56348 ], [ -4.28878, 40.56439 ], [ -4.2876, 40.5644 ], [ -4.28643, 40.56532 ], [ -4.28525, 40.56533 ], [ -4.28523, 40.56443 ], [ -4.28405, 40.56444 ], [ -4.28404, 40.56354 ], [ -4.28285, 40.56355 ], [ -4.28167, 40.56357 ], [ -4.28049, 40.56358 ], [ -4.28048, 40.56268 ], [ -4.28046, 40.56178 ], [ -4.27928, 40.56179 ], [ -4.2781, 40.56181 ], [ -4.27811, 40.56271 ], [ -4.27693, 40.56272 ], [ -4.27575, 40.56273 ], [ -4.27577, 40.56363 ], [ -4.27459, 40.56365 ], [ -4.27341, 40.56366 ], [ -4.27339, 40.56276 ], [ -4.27337, 40.56186 ], [ -4.27219, 40.56187 ], [ -4.27101, 40.56188 ], [ -4.26983, 40.5619 ], [ -4.26981, 40.561 ], [ -4.2698, 40.5601 ], [ -4.27098, 40.56008 ], [ -4.27096, 40.55918 ], [ -4.27094, 40.55828 ], [ -4.27093, 40.55738 ], [ -4.27091, 40.55648 ], [ -4.26971, 40.55559 ], [ -4.26851, 40.5547 ], [ -4.2685, 40.5538 ], [ -4.26848, 40.5529 ], [ -4.26846, 40.552 ], [ -4.26964, 40.55199 ], [ -4.26963, 40.55109 ], [ -4.26961, 40.55019 ], [ -4.26843, 40.5502 ], [ -4.26725, 40.55021 ], [ -4.26605, 40.54933 ], [ -4.26603, 40.54843 ], [ -4.26485, 40.54844 ], [ -4.26367, 40.54845 ], [ -4.26249, 40.54846 ], [ -4.26131, 40.54848 ], [ -4.26013, 40.54849 ], [ -4.26011, 40.54759 ], [ -4.25893, 40.5476 ], [ -4.25891, 40.5467 ], [ -4.25773, 40.54671 ], [ -4.25775, 40.54762 ], [ -4.25657, 40.54763 ], [ -4.25655, 40.54673 ], [ -4.25654, 40.54583 ], [ -4.25652, 40.54493 ], [ -4.2577, 40.54491 ], [ -4.25768, 40.54401 ], [ -4.25886, 40.544 ], [ -4.25885, 40.5431 ], [ -4.25883, 40.5422 ], [ -4.26001, 40.54219 ], [ -4.26119, 40.54217 ], [ -4.26237, 40.54216 ], [ -4.26355, 40.54215 ], [ -4.26357, 40.54305 ], [ -4.26475, 40.54303 ], [ -4.26593, 40.54302 ], [ -4.26711, 40.54301 ], [ -4.26829, 40.543 ], [ -4.26947, 40.54298 ], [ -4.27065, 40.54297 ], [ -4.27064, 40.54207 ], [ -4.27182, 40.54206 ], [ -4.2718, 40.54116 ], [ -4.27178, 40.54025 ], [ -4.2706, 40.54027 ], [ -4.26942, 40.54028 ], [ -4.26824, 40.54029 ], [ -4.26822, 40.53939 ], [ -4.26821, 40.53849 ], [ -4.26701, 40.5376 ], [ -4.26583, 40.53762 ], [ -4.26581, 40.53672 ], [ -4.26463, 40.53673 ], [ -4.26461, 40.53583 ], [ -4.26343, 40.53584 ], [ -4.26342, 40.53494 ], [ -4.26222, 40.53405 ], [ -4.2622, 40.53315 ], [ -4.26101, 40.53227 ], [ -4.26099, 40.53136 ], [ -4.26217, 40.53135 ], [ -4.26215, 40.53045 ], [ -4.26333, 40.53044 ], [ -4.2645, 40.52952 ], [ -4.26448, 40.52862 ], [ -4.26446, 40.52772 ], [ -4.26445, 40.52682 ], [ -4.26443, 40.52592 ], [ -4.26441, 40.52502 ], [ -4.26439, 40.52412 ], [ -4.2632, 40.52323 ], [ -4.26436, 40.52232 ], [ -4.26434, 40.52142 ], [ -4.26552, 40.52141 ], [ -4.26551, 40.5205 ], [ -4.26431, 40.51962 ], [ -4.26429, 40.51872 ], [ -4.26428, 40.51782 ], [ -4.26426, 40.51691 ], [ -4.26544, 40.5169 ], [ -4.26546, 40.5178 ], [ -4.26664, 40.51779 ], [ -4.26665, 40.51869 ], [ -4.26783, 40.51868 ], [ -4.26901, 40.51866 ], [ -4.269, 40.51776 ], [ -4.26898, 40.51686 ], [ -4.27016, 40.51685 ], [ -4.27014, 40.51595 ], [ -4.26896, 40.51596 ], [ -4.26777, 40.51507 ], [ -4.26659, 40.51509 ], [ -4.26657, 40.51419 ], [ -4.26539, 40.5142 ], [ -4.26421, 40.51421 ], [ -4.26419, 40.51331 ], [ -4.26535, 40.5124 ], [ -4.26652, 40.51148 ], [ -4.2677, 40.51147 ], [ -4.26768, 40.51057 ], [ -4.26766, 40.50967 ], [ -4.26883, 40.50876 ], [ -4.27001, 40.50874 ], [ -4.27002, 40.50964 ], [ -4.2712, 40.50963 ], [ -4.27119, 40.50873 ], [ -4.27235, 40.50782 ], [ -4.27233, 40.50692 ], [ -4.27351, 40.5069 ], [ -4.27469, 40.50689 ], [ -4.27586, 40.50598 ], [ -4.27704, 40.50596 ], [ -4.27702, 40.50506 ], [ -4.277, 40.50416 ], [ -4.27582, 40.50418 ], [ -4.2758, 40.50327 ], [ -4.27462, 40.50329 ], [ -4.27461, 40.50239 ], [ -4.27579, 40.50237 ], [ -4.27697, 40.50236 ], [ -4.27816, 40.50325 ], [ -4.27934, 40.50324 ], [ -4.28052, 40.50322 ], [ -4.2817, 40.50321 ], [ -4.28288, 40.5032 ], [ -4.28405, 40.50228 ], [ -4.28285, 40.5014 ], [ -4.28283, 40.50049 ], [ -4.28165, 40.50051 ], [ -4.28164, 40.49961 ], [ -4.28282, 40.49959 ], [ -4.2828, 40.49869 ], [ -4.28398, 40.49868 ], [ -4.28396, 40.49778 ], [ -4.28394, 40.49688 ], [ -4.28276, 40.49689 ], [ -4.28158, 40.4969 ], [ -4.28157, 40.496 ], [ -4.28155, 40.4951 ], [ -4.28037, 40.49512 ], [ -4.28035, 40.49422 ], [ -4.28153, 40.4942 ], [ -4.28271, 40.49419 ], [ -4.28389, 40.49418 ], [ -4.28507, 40.49416 ], [ -4.28625, 40.49415 ], [ -4.28623, 40.49325 ], [ -4.28741, 40.49324 ], [ -4.2874, 40.49234 ], [ -4.28858, 40.49232 ], [ -4.28856, 40.49142 ], [ -4.28738, 40.49144 ], [ -4.28736, 40.49053 ], [ -4.28735, 40.48963 ], [ -4.28617, 40.48965 ], [ -4.28499, 40.48966 ], [ -4.28497, 40.48876 ], [ -4.28615, 40.48875 ], [ -4.28613, 40.48785 ], [ -4.28731, 40.48783 ], [ -4.28733, 40.48873 ], [ -4.28851, 40.48872 ], [ -4.28846, 40.48602 ], [ -4.28723, 40.48333 ], [ -4.28721, 40.48243 ], [ -4.28717, 40.48063 ], [ -4.28939, 40.4734 ], [ -4.28938, 40.47249 ], [ -4.28936, 40.47159 ], [ -4.28931, 40.46889 ], [ -4.29045, 40.46708 ], [ -4.29042, 40.46528 ], [ -4.29155, 40.46256 ], [ -4.29149, 40.45986 ], [ -4.29137, 40.45355 ], [ -4.29359, 40.44632 ], [ -4.29358, 40.44542 ], [ -4.29824, 40.44267 ], [ -4.29942, 40.44265 ], [ -4.30646, 40.44077 ], [ -4.31351, 40.43979 ], [ -4.31467, 40.43888 ], [ -4.31821, 40.43884 ], [ -4.31823, 40.43974 ], [ -4.32173, 40.4379 ], [ -4.32287, 40.43608 ], [ -4.32757, 40.43513 ], [ -4.32873, 40.43421 ], [ -4.3393, 40.43229 ], [ -4.33932, 40.43319 ], [ -4.33934, 40.43409 ] ] ] ] } },
{ "type": "Feature", "properties": { "ine_code": "28160", "name": "Valdemorillo" }, "geometry": { "type": "Polygon", "coordinates": [ [ [ -4.13102, 40.5255 ], [ -4.13106, 40.52821 ], [ -4.13108, 40.52911 ], [ -4.12644, 40.53456 ], [ -4.12411, 40.53638 ], [ -4.12413, 40.53728 ], [ -4.12414, 40.53818 ], [ -4.12416, 40.53908 ], [ -4.12298, 40.53909 ], [ -4.12299, 40.54 ], [ -4.12181, 40.54001 ], [ -4.12065, 40.54092 ], [ -4.11947, 40.54093 ], [ -4.11948, 40.54183 ], [ -4.1195, 40.54273 ], [ -4.11832, 40.54274 ], [ -4.11714, 40.54275 ], [ -4.11715, 40.54366 ], [ -4.11597, 40.54367 ], [ -4.11479, 40.54368 ], [ -4.11361, 40.54369 ], [ -4.11243, 40.5437 ], [ -4.11126, 40.54461 ], [ -4.10651, 40.54286 ], [ -4.10536, 40.54467 ], [ -4.10304, 40.54739 ], [ -4.10424, 40.54828 ], [ -4.10425, 40.54918 ], [ -4.10309, 40.5501 ], [ -4.10311, 40.5519 ], [ -4.10193, 40.55191 ], [ -4.10195, 40.55281 ], [ -4.10077, 40.55282 ], [ -4.10078, 40.55372 ], [ -4.0996, 40.55373 ], [ -4.09962, 40.55463 ], [ -4.09844, 40.55465 ], [ -4.09845, 40.55555 ], [ -4.09846, 40.55645 ], [ -4.09728, 40.55646 ], [ -4.0961, 40.55647 ], [ -4.09492, 40.55648 ], [ -4.09494, 40.55738 ], [ -4.09376, 40.55739 ], [ -4.09259, 40.5583 ], [ -4.09141, 40.55832 ], [ -4.09142, 40.55922 ], [ -4.09024, 40.55923 ], [ -4.08906, 40.55924 ], [ -4.08788, 40.55925 ], [ -4.0867, 40.55926 ], [ -4.08671, 40.56016 ], [ -4.08673, 40.56106 ], [ -4.08674, 40.56196 ], [ -4.08556, 40.56197 ], [ -4.08438, 40.56198 ], [ -4.0844, 40.56289 ], [ -4.08321, 40.5629 ], [ -4.08323, 40.5638 ], [ -4.08205, 40.56381 ], [ -4.08206, 40.56471 ], [ -4.08088, 40.56472 ], [ -4.08087, 40.56382 ], [ -4.07969, 40.56383 ], [ -4.0797, 40.56473 ], [ -4.07971, 40.56563 ], [ -4.0809, 40.56562 ], [ -4.07973, 40.56653 ], [ -4.07856, 40.56744 ], [ -4.07738, 40.56746 ], [ -4.0762, 40.56747 ], [ -4.07503, 40.56838 ], [ -4.07385, 40.56839 ], [ -4.07267, 40.5684 ], [ -4.07149, 40.56841 ], [ -4.07031, 40.56842 ], [ -4.06914, 40.56933 ], [ -4.06796, 40.56934 ], [ -4.06797, 40.57025 ], [ -4.06679, 40.57026 ], [ -4.06561, 40.57027 ], [ -4.06445, 40.57118 ], [ -4.06326, 40.57119 ], [ -4.06208, 40.5712 ], [ -4.0621, 40.5721 ], [ -4.06092, 40.57211 ], [ -4.05974, 40.57212 ], [ -4.05855, 40.57213 ], [ -4.05737, 40.57214 ], [ -4.05736, 40.57124 ], [ -4.05618, 40.57125 ], [ -4.055, 40.57127 ], [ -4.05498, 40.57036 ], [ -4.05262, 40.57039 ], [ -4.04789, 40.57043 ], [ -4.04788, 40.56953 ], [ -4.04787, 40.56863 ], [ -4.04785, 40.56773 ], [ -4.04784, 40.56683 ], [ -4.04782, 40.56593 ], [ -4.04781, 40.56502 ], [ -4.0478, 40.56412 ], [ -4.04778, 40.56322 ], [ -4.04777, 40.56232 ], [ -4.04775, 40.56142 ], [ -4.04774, 40.56052 ], [ -4.04892, 40.56051 ], [ -4.04891, 40.55961 ], [ -4.04889, 40.55871 ], [ -4.04888, 40.55781 ], [ -4.04886, 40.55691 ], [ -4.04885, 40.55601 ], [ -4.04884, 40.55511 ], [ -4.04882, 40.55421 ], [ -4.05, 40.55419 ], [ -4.04999, 40.55329 ], [ -4.04998, 40.55239 ], [ -4.04996, 40.55149 ], [ -4.04995, 40.55059 ], [ -4.05113, 40.55058 ], [ -4.05111, 40.54968 ], [ -4.0511, 40.54878 ], [ -4.05109, 40.54788 ], [ -4.05107, 40.54698 ], [ -4.05106, 40.54608 ], [ -4.05222, 40.54517 ], [ -4.05221, 40.54426 ], [ -4.0522, 40.54336 ], [ -4.05218, 40.54246 ], [ -4.05336, 40.54245 ], [ -4.05335, 40.54155 ], [ -4.05333, 40.54065 ], [ -4.0545, 40.53974 ], [ -4.05449, 40.53884 ], [ -4.05331, 40.53885 ], [ -4.05329, 40.53795 ], [ -4.05328, 40.53705 ], [ -4.05326, 40.53615 ], [ -4.05208, 40.53616 ], [ -4.0509, 40.53617 ], [ -4.04972, 40.53618 ], [ -4.04854, 40.53619 ], [ -4.04853, 40.53529 ], [ -4.04735, 40.5353 ], [ -4.04617, 40.53531 ], [ -4.04618, 40.53621 ], [ -4.045, 40.53622 ], [ -4.04382, 40.53623 ], [ -4.04264, 40.53624 ], [ -4.04146, 40.53625 ], [ -4.04028, 40.53627 ], [ -4.04026, 40.53536 ], [ -4.03908, 40.53537 ], [ -4.0379, 40.53539 ], [ -4.03789, 40.53448 ], [ -4.03671, 40.5345 ], [ -4.03669, 40.53359 ], [ -4.03551, 40.53361 ], [ -4.0355, 40.5327 ], [ -4.03549, 40.5318 ], [ -4.03547, 40.5309 ], [ -4.03546, 40.53 ], [ -4.03428, 40.53001 ], [ -4.03426, 40.52911 ], [ -4.03308, 40.52912 ], [ -4.0319, 40.52913 ], [ -4.03072, 40.52914 ], [ -4.02953, 40.52825 ], [ -4.02833, 40.52736 ], [ -4.02832, 40.52646 ], [ -4.0295, 40.52645 ], [ -4.02949, 40.52555 ], [ -4.02831, 40.52556 ], [ -4.02829, 40.52466 ], [ -4.02711, 40.52467 ], [ -4.0271, 40.52377 ], [ -4.02592, 40.52378 ], [ -4.0259, 40.52288 ], [ -4.02589, 40.52198 ], [ -4.02588, 40.52108 ], [ -4.02586, 40.52018 ], [ -4.02704, 40.52017 ], [ -4.02703, 40.51927 ], [ -4.02702, 40.51837 ], [ -4.02584, 40.51838 ], [ -4.02466, 40.51839 ], [ -4.02464, 40.51749 ], [ -4.02346, 40.5175 ], [ -4.02345, 40.5166 ], [ -4.02343, 40.5157 ], [ -4.02342, 40.51479 ], [ -4.02224, 40.51481 ], [ -4.02223, 40.5139 ], [ -4.02105, 40.51391 ], [ -4.02103, 40.51301 ], [ -4.02102, 40.51211 ], [ -4.021, 40.51121 ], [ -4.02099, 40.51031 ], [ -4.02217, 40.5103 ], [ -4.02216, 40.5094 ], [ -4.02098, 40.50941 ], [ -4.02096, 40.50851 ], [ -4.02095, 40.50761 ], [ -4.01977, 40.50762 ], [ -4.01976, 40.50672 ], [ -4.01858, 40.50673 ], [ -4.01856, 40.50583 ], [ -4.01855, 40.50493 ], [ -4.01737, 40.50494 ], [ -4.01736, 40.50404 ], [ -4.01734, 40.50314 ], [ -4.01733, 40.50224 ], [ -4.01731, 40.50134 ], [ -4.0173, 40.50043 ], [ -4.01848, 40.50042 ], [ -4.01847, 40.49952 ], [ -4.01845, 40.49862 ], [ -4.01844, 40.49772 ], [ -4.01843, 40.49682 ], [ -4.01961, 40.49681 ], [ -4.01959, 40.49591 ], [ -4.01841, 40.49592 ], [ -4.0184, 40.49502 ], [ -4.01722, 40.49503 ], [ -4.01723, 40.49593 ], [ -4.01605, 40.49594 ], [ -4.01604, 40.49504 ], [ -4.01603, 40.49414 ], [ -4.01485, 40.49415 ], [ -4.01483, 40.49325 ], [ -4.01365, 40.49326 ], [ -4.01364, 40.49236 ], [ -4.01246, 40.49237 ], [ -4.01245, 40.49147 ], [ -4.01125, 40.49058 ], [ -4.01007, 40.49059 ], [ -4.01009, 40.49149 ], [ -4.00891, 40.4915 ], [ -4.00773, 40.49151 ], [ -4.00771, 40.49061 ], [ -4.00653, 40.49062 ], [ -4.00535, 40.49063 ], [ -4.00534, 40.48973 ], [ -4.00533, 40.48883 ], [ -4.00651, 40.48882 ], [ -4.00649, 40.48792 ], [ -4.00648, 40.48702 ], [ -4.0053, 40.48703 ], [ -4.00412, 40.48704 ], [ -4.00294, 40.48705 ], [ -4.00293, 40.48615 ], [ -4.00175, 40.48616 ], [ -4.00173, 40.48526 ], [ -4.00055, 40.48527 ], [ -4.00054, 40.48437 ], [ -4.00053, 40.48346 ], [ -4.00051, 40.48256 ], [ -3.99932, 40.48167 ], [ -3.99931, 40.48077 ], [ -3.99929, 40.47987 ], [ -3.99811, 40.47988 ], [ -3.99693, 40.47989 ], [ -3.99692, 40.47899 ], [ -3.99574, 40.479 ], [ -3.99573, 40.4781 ], [ -3.99455, 40.47811 ], [ -3.99454, 40.47721 ], [ -3.99452, 40.47631 ], [ -3.99334, 40.47632 ], [ -3.99333, 40.47542 ], [ -3.99215, 40.47543 ], [ -3.99214, 40.47453 ], [ -3.99329, 40.47272 ], [ -3.99447, 40.47271 ], [ -3.99683, 40.47269 ], [ -3.99681, 40.47178 ], [ -3.99799, 40.47177 ], [ -3.99801, 40.47268 ], [ -3.99919, 40.47267 ], [ -4.00037, 40.47266 ], [ -4.00155, 40.47264 ], [ -4.00273, 40.47263 ], [ -4.0039, 40.47262 ], [ -4.00508, 40.47261 ], [ -4.00507, 40.47171 ], [ -4.00625, 40.4717 ], [ -4.00743, 40.47169 ], [ -4.0086, 40.47078 ], [ -4.00978, 40.47077 ], [ -4.00979, 40.47167 ], [ -4.01449, 40.47073 ], [ -4.018, 40.4689 ], [ -4.02152, 40.46706 ], [ -4.02382, 40.46344 ], [ -4.025, 40.46343 ], [ -4.02499, 40.46253 ], [ -4.02616, 40.46252 ], [ -4.02734, 40.46251 ], [ -4.02733, 40.46161 ], [ -4.02732, 40.46071 ], [ -4.0273, 40.45981 ], [ -4.02848, 40.4598 ], [ -4.02847, 40.4589 ], [ -4.02965, 40.45888 ], [ -4.03083, 40.45887 ], [ -4.03201, 40.45886 ], [ -4.03319, 40.45885 ], [ -4.03317, 40.45795 ], [ -4.03435, 40.45794 ], [ -4.03436, 40.45884 ], [ -4.03554, 40.45883 ], [ -4.03672, 40.45882 ], [ -4.03674, 40.45972 ], [ -4.03792, 40.45971 ], [ -4.0379, 40.45881 ], [ -4.03908, 40.4588 ], [ -4.04026, 40.45879 ], [ -4.04025, 40.45789 ], [ -4.04143, 40.45788 ], [ -4.04141, 40.45698 ], [ -4.0414, 40.45608 ], [ -4.04258, 40.45607 ], [ -4.04376, 40.45606 ], [ -4.04374, 40.45515 ], [ -4.04373, 40.45425 ], [ -4.04371, 40.45335 ], [ -4.0437, 40.45245 ], [ -4.04129, 40.44887 ], [ -4.04598, 40.44703 ], [ -4.04832, 40.4461 ], [ -4.0495, 40.44609 ], [ -4.05068, 40.44608 ], [ -4.05423, 40.44695 ], [ -4.06012, 40.4469 ], [ -4.06718, 40.44593 ], [ -4.06954, 40.44591 ], [ -4.06953, 40.44501 ], [ -4.07071, 40.445 ], [ -4.07069, 40.4441 ], [ -4.07187, 40.44409 ], [ -4.07305, 40.44408 ], [ -4.07423, 40.44406 ], [ -4.07421, 40.44316 ], [ -4.07539, 40.44315 ], [ -4.07538, 40.44225 ], [ -4.07656, 40.44224 ], [ -4.07654, 40.44134 ], [ -4.07772, 40.44133 ], [ -4.0789, 40.44132 ], [ -4.0813, 40.444 ], [ -4.08603, 40.44486 ], [ -4.08605, 40.44576 ], [ -4.08842, 40.44663 ], [ -4.08961, 40.44752 ], [ -4.09081, 40.44841 ], [ -4.09203, 40.45111 ], [ -4.09324, 40.4529 ], [ -4.09445, 40.45469 ], [ -4.09448, 40.45649 ], [ -4.09449, 40.45739 ], [ -4.09567, 40.45738 ], [ -4.09568, 40.45828 ], [ -4.0957, 40.45918 ], [ -4.09571, 40.46008 ], [ -4.09573, 40.46098 ], [ -4.09574, 40.46188 ], [ -4.09576, 40.46278 ], [ -4.09577, 40.46368 ], [ -4.09461, 40.46459 ], [ -4.09462, 40.46549 ], [ -4.0958, 40.46548 ], [ -4.09582, 40.46638 ], [ -4.097, 40.46637 ], [ -4.09818, 40.46636 ], [ -4.09819, 40.46726 ], [ -4.09937, 40.46725 ], [ -4.09938, 40.46815 ], [ -4.10056, 40.46814 ], [ -4.10058, 40.46904 ], [ -4.10176, 40.46903 ], [ -4.10177, 40.46993 ], [ -4.10295, 40.46992 ], [ -4.10413, 40.46991 ], [ -4.10415, 40.47081 ], [ -4.10533, 40.4708 ], [ -4.10534, 40.4717 ], [ -4.10535, 40.4726 ], [ -4.10653, 40.47259 ], [ -4.10655, 40.47349 ], [ -4.10656, 40.47439 ], [ -4.10538, 40.4744 ], [ -4.1054, 40.4753 ], [ -4.10541, 40.4762 ], [ -4.10543, 40.4771 ], [ -4.10425, 40.47711 ], [ -4.10426, 40.47802 ], [ -4.10544, 40.478 ], [ -4.10546, 40.4789 ], [ -4.10664, 40.47889 ], [ -4.10782, 40.47888 ], [ -4.10783, 40.47978 ], [ -4.10785, 40.48068 ], [ -4.10904, 40.48157 ], [ -4.11022, 40.48156 ], [ -4.11021, 40.48066 ], [ -4.11139, 40.48065 ], [ -4.1114, 40.48155 ], [ -4.11142, 40.48245 ], [ -4.11024, 40.48246 ], [ -4.11025, 40.48336 ], [ -4.11027, 40.48426 ], [ -4.10909, 40.48428 ], [ -4.1091, 40.48518 ], [ -4.10912, 40.48608 ], [ -4.10913, 40.48698 ], [ -4.11031, 40.48697 ], [ -4.11149, 40.48695 ], [ -4.1115, 40.48786 ], [ -4.11268, 40.48784 ], [ -4.11386, 40.48783 ], [ -4.11504, 40.48782 ], [ -4.11506, 40.48872 ], [ -4.11507, 40.48962 ], [ -4.11389, 40.48963 ], [ -4.11391, 40.49054 ], [ -4.11392, 40.49144 ], [ -4.1151, 40.49142 ], [ -4.11509, 40.49052 ], [ -4.11627, 40.49051 ], [ -4.11745, 40.4905 ], [ -4.11746, 40.4914 ], [ -4.11748, 40.4923 ], [ -4.11866, 40.49229 ], [ -4.11867, 40.49319 ], [ -4.11985, 40.49318 ], [ -4.11987, 40.49408 ], [ -4.11988, 40.49498 ], [ -4.1187, 40.49499 ], [ -4.11872, 40.49589 ], [ -4.11873, 40.49679 ], [ -4.11875, 40.4977 ], [ -4.11876, 40.4986 ], [ -4.11878, 40.4995 ], [ -4.11996, 40.49949 ], [ -4.11997, 40.50039 ], [ -4.11999, 40.50129 ], [ -4.12117, 40.50128 ], [ -4.12118, 40.50218 ], [ -4.12236, 40.50216 ], [ -4.12238, 40.50307 ], [ -4.12356, 40.50305 ], [ -4.12357, 40.50395 ], [ -4.12475, 40.50394 ], [ -4.12477, 40.50484 ], [ -4.12595, 40.50483 ], [ -4.12596, 40.50573 ], [ -4.12478, 40.50574 ], [ -4.1248, 40.50665 ], [ -4.12362, 40.50666 ], [ -4.12363, 40.50756 ], [ -4.12245, 40.50757 ], [ -4.12247, 40.50847 ], [ -4.12248, 40.50937 ], [ -4.1225, 40.51027 ], [ -4.12251, 40.51117 ], [ -4.12371, 40.51206 ], [ -4.12372, 40.51296 ], [ -4.12374, 40.51386 ], [ -4.12375, 40.51476 ], [ -4.12493, 40.51475 ], [ -4.12495, 40.51565 ], [ -4.12496, 40.51655 ], [ -4.12498, 40.51745 ], [ -4.12499, 40.51835 ], [ -4.12617, 40.51834 ], [ -4.12619, 40.51924 ], [ -4.1262, 40.52014 ], [ -4.12738, 40.52013 ], [ -4.1274, 40.52103 ], [ -4.12741, 40.52193 ], [ -4.12743, 40.52284 ], [ -4.13102, 40.5255 ] ] ] } },
{ "type": "Feature", "properties": { "ine_code": "28161", "name": "Valdemoro" }, "geometry": { "type": "Polygon", "coordinates": [ [ [ -3.71733, 40.14682 ], [ -3.71498, 40.14684 ], [ -3.71381, 40.14685 ], [ -3.71382, 40.14775 ], [ -3.71264, 40.14775 ], [ -3.71265, 40.14865 ], [ -3.71149, 40.14956 ], [ -3.7115, 40.15046 ], [ -3.71032, 40.15047 ], [ -3.71033, 40.15137 ], [ -3.70916, 40.15138 ], [ -3.70917, 40.15228 ], [ -3.70799, 40.15229 ], [ -3.708, 40.15319 ], [ -3.70683, 40.15319 ], [ -3.70684, 40.1541 ], [ -3.70567, 40.1541 ], [ -3.70567, 40.155 ], [ -3.7045, 40.15501 ], [ -3.70451, 40.15591 ], [ -3.70334, 40.15682 ], [ -3.70219, 40.15863 ], [ -3.70102, 40.15954 ], [ -3.69986, 40.16044 ], [ -3.69987, 40.16135 ], [ -3.6999, 40.16405 ], [ -3.69991, 40.16495 ], [ -3.7011, 40.16674 ], [ -3.70229, 40.16854 ], [ -3.7023, 40.16944 ], [ -3.70348, 40.17033 ], [ -3.70467, 40.17123 ], [ -3.70468, 40.17213 ], [ -3.70587, 40.17392 ], [ -3.70705, 40.17482 ], [ -3.70826, 40.17751 ], [ -3.70944, 40.17841 ], [ -3.70945, 40.17931 ], [ -3.70829, 40.18111 ], [ -3.70713, 40.18202 ], [ -3.70714, 40.18292 ], [ -3.70597, 40.18383 ], [ -3.70598, 40.18473 ], [ -3.70481, 40.18474 ], [ -3.70482, 40.18564 ], [ -3.70483, 40.18654 ], [ -3.70366, 40.18745 ], [ -3.70367, 40.18835 ], [ -3.70368, 40.18925 ], [ -3.70252, 40.19106 ], [ -3.70253, 40.19196 ], [ -3.70254, 40.19286 ], [ -3.70255, 40.19376 ], [ -3.7014, 40.19557 ], [ -3.7014, 40.19647 ], [ -3.70024, 40.19738 ], [ -3.70025, 40.19828 ], [ -3.70026, 40.19918 ], [ -3.6991, 40.20099 ], [ -3.69794, 40.2028 ], [ -3.69678, 40.20371 ], [ -3.69679, 40.20461 ], [ -3.69446, 40.20643 ], [ -3.69332, 40.21004 ], [ -3.69215, 40.21094 ], [ -3.68748, 40.21367 ], [ -3.68397, 40.2155 ], [ -3.68163, 40.21641 ], [ -3.67697, 40.22004 ], [ -3.67343, 40.21916 ], [ -3.66757, 40.2201 ], [ -3.66405, 40.22102 ], [ -3.66287, 40.22103 ], [ -3.65819, 40.22285 ], [ -3.65701, 40.22286 ], [ -3.65351, 40.22468 ], [ -3.64999, 40.2256 ], [ -3.64415, 40.22924 ], [ -3.64297, 40.22925 ], [ -3.64296, 40.22834 ], [ -3.64178, 40.22745 ], [ -3.6406, 40.22746 ], [ -3.64059, 40.22656 ], [ -3.63942, 40.22656 ], [ -3.63824, 40.22567 ], [ -3.63588, 40.22478 ], [ -3.63469, 40.22389 ], [ -3.63352, 40.22389 ], [ -3.63116, 40.223 ], [ -3.62997, 40.22211 ], [ -3.62762, 40.22122 ], [ -3.62644, 40.22123 ], [ -3.62408, 40.22034 ], [ -3.6229, 40.21945 ], [ -3.62171, 40.21855 ], [ -3.62052, 40.21676 ], [ -3.61933, 40.21496 ], [ -3.61932, 40.21406 ], [ -3.61814, 40.21316 ], [ -3.61695, 40.21137 ], [ -3.61577, 40.21138 ], [ -3.61459, 40.21048 ], [ -3.61458, 40.20958 ], [ -3.6134, 40.20868 ], [ -3.6075, 40.20601 ], [ -3.60632, 40.20602 ], [ -3.60632, 40.20512 ], [ -3.60631, 40.20422 ], [ -3.60513, 40.20422 ], [ -3.60395, 40.20333 ], [ -3.60278, 40.20333 ], [ -3.6016, 40.20334 ], [ -3.60043, 40.20335 ], [ -3.59925, 40.20335 ], [ -3.59924, 40.20245 ], [ -3.59807, 40.20246 ], [ -3.59689, 40.20246 ], [ -3.59572, 40.20247 ], [ -3.59571, 40.20157 ], [ -3.59454, 40.20158 ], [ -3.59335, 40.20068 ], [ -3.59335, 40.19978 ], [ -3.59215, 40.19798 ], [ -3.59214, 40.19618 ], [ -3.59213, 40.19528 ], [ -3.59212, 40.19438 ], [ -3.59212, 40.19348 ], [ -3.59211, 40.19258 ], [ -3.59328, 40.19257 ], [ -3.59327, 40.19167 ], [ -3.59327, 40.19077 ], [ -3.59326, 40.18987 ], [ -3.59443, 40.18896 ], [ -3.59442, 40.18806 ], [ -3.59441, 40.18716 ], [ -3.5944, 40.18626 ], [ -3.59439, 40.18536 ], [ -3.59556, 40.18445 ], [ -3.59555, 40.18355 ], [ -3.59555, 40.18265 ], [ -3.59672, 40.18264 ], [ -3.59671, 40.18174 ], [ -3.5967, 40.18084 ], [ -3.5967, 40.17994 ], [ -3.59669, 40.17904 ], [ -3.59786, 40.17904 ], [ -3.59785, 40.17813 ], [ -3.59785, 40.17723 ], [ -3.59784, 40.17633 ], [ -3.59901, 40.17633 ], [ -3.59901, 40.17543 ], [ -3.599, 40.17452 ], [ -3.60016, 40.17362 ], [ -3.60016, 40.17272 ], [ -3.60015, 40.17182 ], [ -3.60014, 40.17091 ], [ -3.60131, 40.17091 ], [ -3.60131, 40.17001 ], [ -3.6013, 40.16911 ], [ -3.60129, 40.16821 ], [ -3.60128, 40.16731 ], [ -3.60127, 40.1664 ], [ -3.60127, 40.1655 ], [ -3.60126, 40.1646 ], [ -3.60243, 40.1646 ], [ -3.60243, 40.1637 ], [ -3.60242, 40.16279 ], [ -3.60241, 40.16189 ], [ -3.60358, 40.16099 ], [ -3.60474, 40.16008 ], [ -3.60826, 40.16006 ], [ -3.60945, 40.16096 ], [ -3.61064, 40.16275 ], [ -3.61181, 40.16275 ], [ -3.61182, 40.16365 ], [ -3.613, 40.16454 ], [ -3.61301, 40.16544 ], [ -3.61418, 40.16544 ], [ -3.61419, 40.16634 ], [ -3.61537, 40.16633 ], [ -3.61537, 40.16723 ], [ -3.61656, 40.16813 ], [ -3.61774, 40.16902 ], [ -3.6201, 40.17081 ], [ -3.62246, 40.1717 ], [ -3.62482, 40.17259 ], [ -3.626, 40.17348 ], [ -3.62718, 40.17347 ], [ -3.62837, 40.17527 ], [ -3.62954, 40.17526 ], [ -3.62955, 40.17616 ], [ -3.63072, 40.17616 ], [ -3.63543, 40.17703 ], [ -3.63661, 40.17793 ], [ -3.63895, 40.17701 ], [ -3.64013, 40.17701 ], [ -3.64248, 40.17699 ], [ -3.64365, 40.17699 ], [ -3.64482, 40.17608 ], [ -3.64599, 40.17607 ], [ -3.64598, 40.17427 ], [ -3.6448, 40.17428 ], [ -3.64479, 40.17338 ], [ -3.64362, 40.17338 ], [ -3.64361, 40.17248 ], [ -3.64243, 40.17249 ], [ -3.64243, 40.17159 ], [ -3.64125, 40.1716 ], [ -3.64124, 40.17069 ], [ -3.64007, 40.1707 ], [ -3.64006, 40.1698 ], [ -3.63889, 40.16981 ], [ -3.63771, 40.16981 ], [ -3.63654, 40.16982 ], [ -3.63536, 40.16983 ], [ -3.63651, 40.16712 ], [ -3.63767, 40.16531 ], [ -3.64235, 40.16348 ], [ -3.64352, 40.16257 ], [ -3.64351, 40.16167 ], [ -3.64585, 40.16076 ], [ -3.64584, 40.15986 ], [ -3.64818, 40.15894 ], [ -3.64934, 40.15804 ], [ -3.65168, 40.15712 ], [ -3.65285, 40.15621 ], [ -3.65401, 40.15531 ], [ -3.65401, 40.15441 ], [ -3.65516, 40.1526 ], [ -3.65515, 40.1508 ], [ -3.65514, 40.14989 ], [ -3.65629, 40.14809 ], [ -3.65745, 40.14628 ], [ -3.65862, 40.14627 ], [ -3.65862, 40.14537 ], [ -3.65861, 40.14447 ], [ -3.65978, 40.14446 ], [ -3.65977, 40.14356 ], [ -3.66095, 40.14356 ], [ -3.66212, 40.14355 ], [ -3.66329, 40.14354 ], [ -3.66447, 40.14354 ], [ -3.66564, 40.14353 ], [ -3.66681, 40.14352 ], [ -3.66799, 40.14351 ], [ -3.66798, 40.14261 ], [ -3.66915, 40.14261 ], [ -3.67032, 40.1417 ], [ -3.67383, 40.14078 ], [ -3.675, 40.13987 ], [ -3.67734, 40.13896 ], [ -3.67851, 40.13895 ], [ -3.6785, 40.13805 ], [ -3.67848, 40.13625 ], [ -3.67966, 40.13624 ], [ -3.68199, 40.13532 ], [ -3.68199, 40.13442 ], [ -3.68314, 40.13262 ], [ -3.68549, 40.1326 ], [ -3.68666, 40.13259 ], [ -3.68784, 40.13259 ], [ -3.69018, 40.13257 ], [ -3.69136, 40.13257 ], [ -3.69489, 40.13345 ], [ -3.69607, 40.13434 ], [ -3.69961, 40.13612 ], [ -3.70314, 40.137 ], [ -3.70432, 40.13789 ], [ -3.70551, 40.13879 ], [ -3.70905, 40.14057 ], [ -3.71258, 40.14145 ], [ -3.71259, 40.14235 ], [ -3.71378, 40.14414 ], [ -3.71614, 40.14503 ], [ -3.71732, 40.14592 ], [ -3.71849, 40.14592 ], [ -3.71733, 40.14682 ] ] ] } },
{ "type": "Feature", "properties": { "ine_code": "28162", "name": "Valdeolmos-Alalpardo" }, "geometry": { "type": "MultiPolygon", "coordinates": [ [ [ [ -3.4907, 40.62819 ], [ -3.49189, 40.62819 ], [ -3.49071, 40.62909 ], [ -3.48953, 40.63 ], [ -3.48955, 40.6327 ], [ -3.48956, 40.6336 ], [ -3.49076, 40.6354 ], [ -3.49077, 40.6372 ], [ -3.4896, 40.63901 ], [ -3.48842, 40.63901 ], [ -3.48961, 40.63991 ], [ -3.48843, 40.64081 ], [ -3.48844, 40.64172 ], [ -3.48844, 40.64262 ], [ -3.48964, 40.64441 ], [ -3.48965, 40.64531 ], [ -3.48846, 40.64532 ], [ -3.48847, 40.64622 ], [ -3.48966, 40.64712 ], [ -3.4885, 40.64982 ], [ -3.48733, 40.65163 ], [ -3.48733, 40.65253 ], [ -3.48852, 40.65253 ], [ -3.48734, 40.65343 ], [ -3.48735, 40.65433 ], [ -3.48737, 40.65794 ], [ -3.48738, 40.65884 ], [ -3.4862, 40.65974 ], [ -3.48621, 40.66064 ], [ -3.48503, 40.66065 ], [ -3.48267, 40.66156 ], [ -3.48268, 40.66336 ], [ -3.48269, 40.66426 ], [ -3.4815, 40.66427 ], [ -3.48151, 40.66517 ], [ -3.48152, 40.66607 ], [ -3.48033, 40.66607 ], [ -3.48033, 40.66517 ], [ -3.47914, 40.66518 ], [ -3.47796, 40.66518 ], [ -3.47678, 40.66519 ], [ -3.47559, 40.66519 ], [ -3.47441, 40.6652 ], [ -3.47323, 40.6652 ], [ -3.47323, 40.6661 ], [ -3.47205, 40.66611 ], [ -3.47087, 40.66611 ], [ -3.46969, 40.66612 ], [ -3.4685, 40.66612 ], [ -3.46732, 40.66613 ], [ -3.46614, 40.66613 ], [ -3.46495, 40.66614 ], [ -3.46495, 40.66524 ], [ -3.46493, 40.66343 ], [ -3.46493, 40.66253 ], [ -3.45782, 40.66166 ], [ -3.45309, 40.66078 ], [ -3.45308, 40.65988 ], [ -3.4507, 40.65718 ], [ -3.44832, 40.65629 ], [ -3.44714, 40.6554 ], [ -3.44831, 40.65359 ], [ -3.44593, 40.6527 ], [ -3.44594, 40.6536 ], [ -3.44476, 40.6536 ], [ -3.44239, 40.65271 ], [ -3.4412, 40.65182 ], [ -3.43883, 40.65092 ], [ -3.44, 40.65002 ], [ -3.43882, 40.65002 ], [ -3.43763, 40.64913 ], [ -3.43647, 40.65183 ], [ -3.43409, 40.65094 ], [ -3.43291, 40.65005 ], [ -3.4329, 40.64914 ], [ -3.43408, 40.64914 ], [ -3.43408, 40.64824 ], [ -3.43407, 40.64734 ], [ -3.43407, 40.64644 ], [ -3.4317, 40.64645 ], [ -3.42933, 40.64645 ], [ -3.42815, 40.64646 ], [ -3.42697, 40.64646 ], [ -3.42579, 40.64647 ], [ -3.4246, 40.64647 ], [ -3.42342, 40.64648 ], [ -3.42224, 40.64648 ], [ -3.42105, 40.64558 ], [ -3.42104, 40.64468 ], [ -3.42103, 40.64288 ], [ -3.42222, 40.64288 ], [ -3.42221, 40.64198 ], [ -3.4222, 40.64018 ], [ -3.42338, 40.63927 ], [ -3.42456, 40.63927 ], [ -3.42574, 40.63926 ], [ -3.42573, 40.63836 ], [ -3.42573, 40.63746 ], [ -3.42572, 40.63656 ], [ -3.4269, 40.63565 ], [ -3.42689, 40.63475 ], [ -3.42808, 40.63475 ], [ -3.42807, 40.63385 ], [ -3.43041, 40.63024 ], [ -3.43276, 40.62752 ], [ -3.43512, 40.62661 ], [ -3.43631, 40.62751 ], [ -3.43748, 40.62661 ], [ -3.43866, 40.6257 ], [ -3.43865, 40.6248 ], [ -3.43865, 40.6239 ], [ -3.43864, 40.623 ], [ -3.43864, 40.6221 ], [ -3.43982, 40.62209 ], [ -3.44218, 40.62118 ], [ -3.44217, 40.62028 ], [ -3.44098, 40.61938 ], [ -3.44098, 40.61848 ], [ -3.44216, 40.61848 ], [ -3.44215, 40.61758 ], [ -3.44334, 40.61757 ], [ -3.44333, 40.61667 ], [ -3.44451, 40.61667 ], [ -3.44569, 40.61666 ], [ -3.44686, 40.61486 ], [ -3.44804, 40.61395 ], [ -3.44921, 40.61215 ], [ -3.45273, 40.60853 ], [ -3.45391, 40.60762 ], [ -3.45627, 40.60671 ], [ -3.45745, 40.60671 ], [ -3.45863, 40.6067 ], [ -3.46218, 40.60669 ], [ -3.46337, 40.60759 ], [ -3.46809, 40.60667 ], [ -3.46927, 40.60666 ], [ -3.46926, 40.60576 ], [ -3.47044, 40.60576 ], [ -3.47162, 40.60485 ], [ -3.47281, 40.60575 ], [ -3.47399, 40.60574 ], [ -3.47517, 40.60574 ], [ -3.47517, 40.60484 ], [ -3.47635, 40.60483 ], [ -3.47635, 40.60573 ], [ -3.47636, 40.60663 ], [ -3.47637, 40.60753 ], [ -3.47637, 40.60843 ], [ -3.47638, 40.60933 ], [ -3.47639, 40.61024 ], [ -3.47757, 40.61023 ], [ -3.47758, 40.61113 ], [ -3.47758, 40.61203 ], [ -3.47876, 40.61203 ], [ -3.47877, 40.61293 ], [ -3.47878, 40.61383 ], [ -3.47996, 40.61382 ], [ -3.48114, 40.61382 ], [ -3.48232, 40.61381 ], [ -3.48234, 40.61562 ], [ -3.48234, 40.61652 ], [ -3.48352, 40.61651 ], [ -3.48471, 40.61651 ], [ -3.48589, 40.6165 ], [ -3.48828, 40.6201 ], [ -3.48829, 40.621 ], [ -3.4871, 40.621 ], [ -3.48592, 40.62101 ], [ -3.48593, 40.62191 ], [ -3.48593, 40.62281 ], [ -3.48475, 40.62281 ], [ -3.48595, 40.62461 ], [ -3.48595, 40.62551 ], [ -3.48832, 40.6255 ], [ -3.49068, 40.62549 ], [ -3.49069, 40.62639 ], [ -3.4907, 40.62819 ] ] ], [ [ [ -3.48272, 40.66877 ], [ -3.48391, 40.67056 ], [ -3.48273, 40.67057 ], [ -3.48272, 40.66877 ] ] ] ] } },
{ "type": "Feature", "properties": { "ine_code": "28163", "name": "Valdepiélagos" }, "geometry": { "type": "Polygon", "coordinates": [ [ [ -3.49662, 40.78852 ], [ -3.49662, 40.78762 ], [ -3.49425, 40.78763 ], [ -3.48831, 40.78585 ], [ -3.48593, 40.78496 ], [ -3.48237, 40.78498 ], [ -3.47882, 40.78499 ], [ -3.47526, 40.78411 ], [ -3.47408, 40.78501 ], [ -3.47289, 40.78502 ], [ -3.47171, 40.78502 ], [ -3.47052, 40.78503 ], [ -3.46815, 40.78414 ], [ -3.46696, 40.78414 ], [ -3.46577, 40.78325 ], [ -3.46458, 40.78325 ], [ -3.45983, 40.78147 ], [ -3.45865, 40.78147 ], [ -3.45744, 40.77877 ], [ -3.45028, 40.7716 ], [ -3.4467, 40.76711 ], [ -3.44669, 40.7662 ], [ -3.44787, 40.7644 ], [ -3.44786, 40.7635 ], [ -3.44667, 40.7635 ], [ -3.44548, 40.76261 ], [ -3.44429, 40.76171 ], [ -3.44429, 40.76081 ], [ -3.44428, 40.75991 ], [ -3.44427, 40.75901 ], [ -3.44427, 40.75811 ], [ -3.44426, 40.75721 ], [ -3.44426, 40.7563 ], [ -3.44424, 40.7545 ], [ -3.44423, 40.7518 ], [ -3.4454, 40.74999 ], [ -3.44421, 40.7491 ], [ -3.4442, 40.7482 ], [ -3.44538, 40.74639 ], [ -3.44655, 40.74549 ], [ -3.44655, 40.74458 ], [ -3.44652, 40.74098 ], [ -3.44771, 40.74188 ], [ -3.45008, 40.74097 ], [ -3.45125, 40.73916 ], [ -3.45243, 40.73916 ], [ -3.45244, 40.74006 ], [ -3.45245, 40.74096 ], [ -3.45245, 40.74186 ], [ -3.45246, 40.74276 ], [ -3.45364, 40.74275 ], [ -3.45365, 40.74366 ], [ -3.45483, 40.74365 ], [ -3.45484, 40.74455 ], [ -3.45602, 40.74455 ], [ -3.45721, 40.74454 ], [ -3.45839, 40.74454 ], [ -3.46076, 40.74453 ], [ -3.46194, 40.74362 ], [ -3.46312, 40.74362 ], [ -3.46433, 40.74722 ], [ -3.46552, 40.74721 ], [ -3.4667, 40.74721 ], [ -3.4667, 40.74631 ], [ -3.46669, 40.74541 ], [ -3.46787, 40.7445 ], [ -3.46905, 40.74449 ], [ -3.47024, 40.74449 ], [ -3.47142, 40.74449 ], [ -3.47261, 40.74448 ], [ -3.47379, 40.74448 ], [ -3.47497, 40.74447 ], [ -3.47498, 40.74537 ], [ -3.47499, 40.74627 ], [ -3.47617, 40.74627 ], [ -3.47736, 40.74626 ], [ -3.47854, 40.74626 ], [ -3.47972, 40.74625 ], [ -3.47973, 40.74715 ], [ -3.48092, 40.74715 ], [ -3.48092, 40.74805 ], [ -3.48093, 40.74895 ], [ -3.48213, 40.75075 ], [ -3.4845, 40.75164 ], [ -3.4857, 40.75343 ], [ -3.48452, 40.75434 ], [ -3.48572, 40.75614 ], [ -3.4881, 40.75703 ], [ -3.48811, 40.75883 ], [ -3.48811, 40.75973 ], [ -3.48693, 40.75974 ], [ -3.48575, 40.75974 ], [ -3.48575, 40.76064 ], [ -3.48576, 40.76154 ], [ -3.48459, 40.76335 ], [ -3.48696, 40.76334 ], [ -3.48697, 40.76514 ], [ -3.48934, 40.76513 ], [ -3.48817, 40.76784 ], [ -3.48936, 40.76783 ], [ -3.49054, 40.76783 ], [ -3.49173, 40.76782 ], [ -3.49172, 40.76692 ], [ -3.49291, 40.76692 ], [ -3.4929, 40.76602 ], [ -3.49409, 40.76601 ], [ -3.49408, 40.76511 ], [ -3.49526, 40.76511 ], [ -3.49645, 40.7651 ], [ -3.49644, 40.7642 ], [ -3.49882, 40.76509 ], [ -3.50121, 40.76778 ], [ -3.50121, 40.76868 ], [ -3.5036, 40.77138 ], [ -3.50361, 40.77228 ], [ -3.5048, 40.77227 ], [ -3.5048, 40.77317 ], [ -3.50362, 40.77318 ], [ -3.50362, 40.77408 ], [ -3.50364, 40.77588 ], [ -3.5072, 40.77676 ], [ -3.50722, 40.77947 ], [ -3.50485, 40.77948 ], [ -3.5013, 40.78039 ], [ -3.50132, 40.7831 ], [ -3.50014, 40.7831 ], [ -3.50014, 40.784 ], [ -3.50015, 40.7849 ], [ -3.49897, 40.78491 ], [ -3.50134, 40.7858 ], [ -3.50016, 40.7867 ], [ -3.50017, 40.78761 ], [ -3.49899, 40.78761 ], [ -3.49899, 40.78851 ], [ -3.49781, 40.78852 ], [ -3.49662, 40.78852 ] ] ] } },
{ "type": "Feature", "properties": { "ine_code": "28164", "name": "Valdetorres de Jarama" }, "geometry": { "type": "Polygon", "coordinates": [ [ [ -3.5572, 40.66212 ], [ -3.55602, 40.66213 ], [ -3.55602, 40.66303 ], [ -3.55485, 40.66394 ], [ -3.55486, 40.66484 ], [ -3.55367, 40.66484 ], [ -3.55368, 40.66574 ], [ -3.55486, 40.66574 ], [ -3.55487, 40.66664 ], [ -3.55488, 40.66754 ], [ -3.55606, 40.66754 ], [ -3.55607, 40.66844 ], [ -3.55489, 40.66844 ], [ -3.55489, 40.66934 ], [ -3.5549, 40.67024 ], [ -3.55491, 40.67114 ], [ -3.55492, 40.67204 ], [ -3.55492, 40.67295 ], [ -3.55374, 40.67295 ], [ -3.55375, 40.67385 ], [ -3.55376, 40.67475 ], [ -3.55376, 40.67565 ], [ -3.55377, 40.67655 ], [ -3.55378, 40.67746 ], [ -3.55379, 40.67836 ], [ -3.55379, 40.67926 ], [ -3.5538, 40.68016 ], [ -3.55381, 40.68106 ], [ -3.55382, 40.68196 ], [ -3.555, 40.68195 ], [ -3.55501, 40.68285 ], [ -3.55619, 40.68285 ], [ -3.55501, 40.68376 ], [ -3.55502, 40.68466 ], [ -3.55384, 40.68466 ], [ -3.55385, 40.68556 ], [ -3.55385, 40.68646 ], [ -3.55386, 40.68736 ], [ -3.55268, 40.68737 ], [ -3.55269, 40.68917 ], [ -3.55152, 40.69008 ], [ -3.55033, 40.69008 ], [ -3.54916, 40.69099 ], [ -3.54797, 40.691 ], [ -3.54679, 40.691 ], [ -3.54442, 40.69101 ], [ -3.54443, 40.69191 ], [ -3.54328, 40.69552 ], [ -3.54447, 40.69732 ], [ -3.54448, 40.69822 ], [ -3.5433, 40.69913 ], [ -3.54212, 40.69913 ], [ -3.54213, 40.70003 ], [ -3.54094, 40.70004 ], [ -3.53976, 40.70004 ], [ -3.53977, 40.70094 ], [ -3.53858, 40.70095 ], [ -3.53859, 40.70185 ], [ -3.53742, 40.70276 ], [ -3.53742, 40.70366 ], [ -3.53624, 40.70366 ], [ -3.53506, 40.70457 ], [ -3.53388, 40.70458 ], [ -3.53389, 40.70548 ], [ -3.53389, 40.70638 ], [ -3.5339, 40.70728 ], [ -3.53391, 40.70818 ], [ -3.53391, 40.70908 ], [ -3.53274, 40.70999 ], [ -3.53275, 40.71089 ], [ -3.53156, 40.71089 ], [ -3.53157, 40.71179 ], [ -3.53038, 40.7118 ], [ -3.53039, 40.7127 ], [ -3.52921, 40.7127 ], [ -3.52922, 40.71361 ], [ -3.52803, 40.71361 ], [ -3.52804, 40.71451 ], [ -3.52805, 40.71541 ], [ -3.52805, 40.71631 ], [ -3.52806, 40.71721 ], [ -3.52807, 40.71812 ], [ -3.52688, 40.71812 ], [ -3.52689, 40.71902 ], [ -3.5269, 40.71992 ], [ -3.52572, 40.72083 ], [ -3.52573, 40.72173 ], [ -3.52573, 40.72263 ], [ -3.52574, 40.72353 ], [ -3.52693, 40.72353 ], [ -3.52693, 40.72443 ], [ -3.52694, 40.72533 ], [ -3.52695, 40.72623 ], [ -3.52576, 40.72623 ], [ -3.52577, 40.72713 ], [ -3.52578, 40.72803 ], [ -3.52578, 40.72894 ], [ -3.52579, 40.72984 ], [ -3.5258, 40.73074 ], [ -3.52581, 40.73164 ], [ -3.52343, 40.73075 ], [ -3.52104, 40.72806 ], [ -3.51984, 40.72626 ], [ -3.51864, 40.72446 ], [ -3.5139, 40.72358 ], [ -3.50796, 40.72091 ], [ -3.50439, 40.71912 ], [ -3.49964, 40.71644 ], [ -3.49725, 40.71375 ], [ -3.49132, 40.71287 ], [ -3.48895, 40.71198 ], [ -3.48776, 40.71109 ], [ -3.4842, 40.7102 ], [ -3.48065, 40.71021 ], [ -3.47828, 40.70932 ], [ -3.4759, 40.70753 ], [ -3.47234, 40.70755 ], [ -3.46997, 40.70665 ], [ -3.47114, 40.70485 ], [ -3.47232, 40.70394 ], [ -3.47348, 40.70124 ], [ -3.47345, 40.69673 ], [ -3.47462, 40.69402 ], [ -3.4746, 40.69222 ], [ -3.46987, 40.69224 ], [ -3.46986, 40.69134 ], [ -3.46867, 40.68954 ], [ -3.46747, 40.68775 ], [ -3.46629, 40.68775 ], [ -3.46628, 40.68685 ], [ -3.4651, 40.68686 ], [ -3.46391, 40.68686 ], [ -3.46272, 40.68506 ], [ -3.46033, 40.68237 ], [ -3.46033, 40.68147 ], [ -3.46151, 40.68146 ], [ -3.46269, 40.68146 ], [ -3.46269, 40.68056 ], [ -3.46387, 40.68055 ], [ -3.46386, 40.67965 ], [ -3.46505, 40.67965 ], [ -3.46623, 40.67964 ], [ -3.46622, 40.67874 ], [ -3.46503, 40.67785 ], [ -3.46502, 40.67605 ], [ -3.46501, 40.67424 ], [ -3.46617, 40.67154 ], [ -3.46853, 40.66973 ], [ -3.46971, 40.66972 ], [ -3.47089, 40.66881 ], [ -3.47207, 40.66881 ], [ -3.47325, 40.66881 ], [ -3.47444, 40.6688 ], [ -3.47918, 40.66968 ], [ -3.47918, 40.67058 ], [ -3.48273, 40.67057 ], [ -3.48391, 40.67056 ], [ -3.48271, 40.66787 ], [ -3.48508, 40.66786 ], [ -3.48627, 40.66875 ], [ -3.48745, 40.66875 ], [ -3.491, 40.66873 ], [ -3.49101, 40.67053 ], [ -3.4922, 40.67053 ], [ -3.49693, 40.67051 ], [ -3.4993, 40.6705 ], [ -3.50285, 40.67138 ], [ -3.50876, 40.67046 ], [ -3.51113, 40.67135 ], [ -3.51706, 40.67222 ], [ -3.52532, 40.67038 ], [ -3.52767, 40.66767 ], [ -3.53239, 40.66584 ], [ -3.53237, 40.66404 ], [ -3.53709, 40.66222 ], [ -3.54063, 40.6613 ], [ -3.54299, 40.66039 ], [ -3.54656, 40.66308 ], [ -3.54655, 40.66218 ], [ -3.5489, 40.66036 ], [ -3.55009, 40.66036 ], [ -3.55719, 40.66122 ], [ -3.5572, 40.66212 ] ] ] } },
{ "type": "Feature", "properties": { "ine_code": "28165", "name": "Valdilecha" }, "geometry": { "type": "Polygon", "coordinates": [ [ [ -3.34818, 40.27646 ], [ -3.34701, 40.27826 ], [ -3.34467, 40.28187 ], [ -3.34234, 40.28548 ], [ -3.34234, 40.28638 ], [ -3.34119, 40.28999 ], [ -3.3412, 40.29179 ], [ -3.34003, 40.2936 ], [ -3.34004, 40.2963 ], [ -3.33888, 40.29991 ], [ -3.33773, 40.30442 ], [ -3.33657, 40.30712 ], [ -3.33541, 40.31073 ], [ -3.33424, 40.31253 ], [ -3.33425, 40.31524 ], [ -3.32956, 40.31795 ], [ -3.32838, 40.31886 ], [ -3.32487, 40.32157 ], [ -3.32252, 40.32248 ], [ -3.31899, 40.32429 ], [ -3.31665, 40.3261 ], [ -3.31313, 40.32881 ], [ -3.30724, 40.32883 ], [ -3.30489, 40.32973 ], [ -3.30136, 40.32974 ], [ -3.29783, 40.32975 ], [ -3.29666, 40.33066 ], [ -3.29313, 40.33066 ], [ -3.29077, 40.33157 ], [ -3.28842, 40.33248 ], [ -3.28607, 40.33158 ], [ -3.28489, 40.33159 ], [ -3.28253, 40.32979 ], [ -3.27899, 40.328 ], [ -3.27544, 40.3244 ], [ -3.27072, 40.31991 ], [ -3.26835, 40.31811 ], [ -3.26481, 40.31452 ], [ -3.26363, 40.31362 ], [ -3.26009, 40.31092 ], [ -3.25655, 40.30823 ], [ -3.253, 40.30463 ], [ -3.25182, 40.30373 ], [ -3.25299, 40.30193 ], [ -3.25417, 40.30103 ], [ -3.25534, 40.30102 ], [ -3.26474, 40.2965 ], [ -3.26826, 40.29379 ], [ -3.26943, 40.29198 ], [ -3.27177, 40.28837 ], [ -3.27762, 40.28025 ], [ -3.27878, 40.27845 ], [ -3.27995, 40.27664 ], [ -3.27995, 40.27484 ], [ -3.28111, 40.27123 ], [ -3.28227, 40.26853 ], [ -3.28226, 40.26673 ], [ -3.28226, 40.26492 ], [ -3.2846, 40.26221 ], [ -3.28695, 40.26221 ], [ -3.29165, 40.2613 ], [ -3.294, 40.26129 ], [ -3.29753, 40.26038 ], [ -3.30105, 40.26037 ], [ -3.30458, 40.26036 ], [ -3.30576, 40.26036 ], [ -3.30811, 40.26125 ], [ -3.31399, 40.26034 ], [ -3.31752, 40.26033 ], [ -3.32105, 40.26032 ], [ -3.3234, 40.26121 ], [ -3.334, 40.26388 ], [ -3.34226, 40.26927 ], [ -3.34816, 40.27375 ], [ -3.34818, 40.27646 ] ] ] } },
{ "type": "Feature", "properties": { "ine_code": "28166", "name": "Valverde de Alcalá" }, "geometry": { "type": "Polygon", "coordinates": [ [ [ -3.32891, 40.42607 ], [ -3.32771, 40.42337 ], [ -3.32418, 40.42338 ], [ -3.32299, 40.42248 ], [ -3.32181, 40.42248 ], [ -3.31946, 40.42249 ], [ -3.31828, 40.42249 ], [ -3.31474, 40.4225 ], [ -3.31003, 40.42341 ], [ -3.30767, 40.42342 ], [ -3.30532, 40.42343 ], [ -3.30414, 40.42343 ], [ -3.30178, 40.42434 ], [ -3.3006, 40.42434 ], [ -3.29825, 40.42435 ], [ -3.29471, 40.42436 ], [ -3.29353, 40.42436 ], [ -3.29353, 40.42346 ], [ -3.29235, 40.42256 ], [ -3.29234, 40.42076 ], [ -3.29115, 40.41986 ], [ -3.28997, 40.41896 ], [ -3.28761, 40.41807 ], [ -3.2876, 40.41536 ], [ -3.28641, 40.41266 ], [ -3.28522, 40.41087 ], [ -3.28286, 40.40997 ], [ -3.28167, 40.40727 ], [ -3.28049, 40.40637 ], [ -3.27931, 40.40547 ], [ -3.28048, 40.40367 ], [ -3.28047, 40.40187 ], [ -3.27928, 40.39917 ], [ -3.27927, 40.39647 ], [ -3.27808, 40.39467 ], [ -3.27926, 40.39376 ], [ -3.27807, 40.39106 ], [ -3.27806, 40.38836 ], [ -3.27569, 40.38476 ], [ -3.27331, 40.38026 ], [ -3.27567, 40.38116 ], [ -3.28039, 40.38115 ], [ -3.28157, 40.38205 ], [ -3.28746, 40.38203 ], [ -3.291, 40.38382 ], [ -3.29218, 40.38382 ], [ -3.29454, 40.38472 ], [ -3.29689, 40.38471 ], [ -3.30043, 40.3856 ], [ -3.30397, 40.38559 ], [ -3.30514, 40.38559 ], [ -3.30751, 40.38739 ], [ -3.3087, 40.39008 ], [ -3.30988, 40.39098 ], [ -3.31107, 40.39368 ], [ -3.30991, 40.39729 ], [ -3.30992, 40.39819 ], [ -3.3111, 40.39909 ], [ -3.31228, 40.40089 ], [ -3.31583, 40.40358 ], [ -3.31701, 40.40358 ], [ -3.31702, 40.40448 ], [ -3.31819, 40.40447 ], [ -3.31937, 40.40447 ], [ -3.32055, 40.40447 ], [ -3.32173, 40.40446 ], [ -3.32291, 40.40446 ], [ -3.32291, 40.40536 ], [ -3.32409, 40.40536 ], [ -3.32409, 40.40626 ], [ -3.32528, 40.40716 ], [ -3.32646, 40.40715 ], [ -3.32646, 40.40805 ], [ -3.32646, 40.40896 ], [ -3.32764, 40.40895 ], [ -3.32765, 40.40985 ], [ -3.32765, 40.41075 ], [ -3.32766, 40.41165 ], [ -3.32766, 40.41256 ], [ -3.32886, 40.41706 ], [ -3.32887, 40.41796 ], [ -3.32887, 40.41886 ], [ -3.33005, 40.41885 ], [ -3.33005, 40.41976 ], [ -3.33006, 40.42066 ], [ -3.33124, 40.42065 ], [ -3.33242, 40.42155 ], [ -3.33242, 40.42245 ], [ -3.33243, 40.42335 ], [ -3.33125, 40.42336 ], [ -3.32891, 40.42607 ] ] ] } },
{ "type": "Feature", "properties": { "ine_code": "28167", "name": "Velilla de San Antonio" }, "geometry": { "type": "Polygon", "coordinates": [ [ [ -3.49948, 40.37771 ], [ -3.49831, 40.37771 ], [ -3.49713, 40.37772 ], [ -3.49595, 40.37772 ], [ -3.49477, 40.37773 ], [ -3.4936, 40.37863 ], [ -3.49242, 40.37864 ], [ -3.49124, 40.37864 ], [ -3.48888, 40.37775 ], [ -3.48418, 40.37867 ], [ -3.4783, 40.3805 ], [ -3.47478, 40.38231 ], [ -3.47008, 40.38504 ], [ -3.46656, 40.38685 ], [ -3.46538, 40.38686 ], [ -3.4654, 40.38866 ], [ -3.46303, 40.38687 ], [ -3.46184, 40.38507 ], [ -3.46418, 40.38326 ], [ -3.46181, 40.38147 ], [ -3.45945, 40.38057 ], [ -3.45944, 40.37877 ], [ -3.45943, 40.37697 ], [ -3.45941, 40.37517 ], [ -3.45822, 40.37337 ], [ -3.45703, 40.37158 ], [ -3.45702, 40.36977 ], [ -3.45701, 40.36797 ], [ -3.45582, 40.36617 ], [ -3.45581, 40.36437 ], [ -3.45461, 40.36167 ], [ -3.45342, 40.35988 ], [ -3.45224, 40.35898 ], [ -3.45223, 40.35808 ], [ -3.45105, 40.35808 ], [ -3.45105, 40.35718 ], [ -3.45104, 40.35628 ], [ -3.45104, 40.35538 ], [ -3.45337, 40.35267 ], [ -3.45335, 40.34907 ], [ -3.45332, 40.34546 ], [ -3.45331, 40.34366 ], [ -3.45684, 40.34275 ], [ -3.46154, 40.34183 ], [ -3.46624, 40.34001 ], [ -3.46859, 40.3391 ], [ -3.47211, 40.33818 ], [ -3.47212, 40.33908 ], [ -3.47213, 40.33998 ], [ -3.4733, 40.33998 ], [ -3.47331, 40.34088 ], [ -3.47332, 40.34178 ], [ -3.47449, 40.34177 ], [ -3.4745, 40.34268 ], [ -3.47451, 40.34358 ], [ -3.47569, 40.34447 ], [ -3.4757, 40.34537 ], [ -3.4757, 40.34627 ], [ -3.47689, 40.34807 ], [ -3.4769, 40.34897 ], [ -3.4769, 40.34987 ], [ -3.47808, 40.34987 ], [ -3.47809, 40.35077 ], [ -3.47927, 40.35076 ], [ -3.48044, 40.35076 ], [ -3.48044, 40.34986 ], [ -3.48161, 40.34985 ], [ -3.48279, 40.34985 ], [ -3.48397, 40.34984 ], [ -3.48398, 40.35074 ], [ -3.48398, 40.35165 ], [ -3.48399, 40.35255 ], [ -3.484, 40.35345 ], [ -3.484, 40.35435 ], [ -3.48286, 40.35886 ], [ -3.48286, 40.35976 ], [ -3.48287, 40.36066 ], [ -3.48405, 40.36065 ], [ -3.48405, 40.36156 ], [ -3.48523, 40.36155 ], [ -3.48641, 40.36155 ], [ -3.48759, 40.36154 ], [ -3.48876, 40.36154 ], [ -3.48994, 40.36153 ], [ -3.49112, 40.36153 ], [ -3.4923, 40.36242 ], [ -3.49348, 40.36242 ], [ -3.49349, 40.36332 ], [ -3.49467, 40.36331 ], [ -3.49584, 40.36331 ], [ -3.49702, 40.3633 ], [ -3.4982, 40.3633 ], [ -3.49819, 40.3624 ], [ -3.49937, 40.36239 ], [ -3.49936, 40.36149 ], [ -3.49936, 40.36059 ], [ -3.50053, 40.35968 ], [ -3.5017, 40.35878 ], [ -3.50288, 40.35877 ], [ -3.50287, 40.35787 ], [ -3.50405, 40.35787 ], [ -3.50523, 40.35876 ], [ -3.50641, 40.35876 ], [ -3.50642, 40.35966 ], [ -3.50642, 40.36056 ], [ -3.5076, 40.36055 ], [ -3.50761, 40.36145 ], [ -3.50761, 40.36236 ], [ -3.50762, 40.36326 ], [ -3.50881, 40.36415 ], [ -3.50881, 40.36505 ], [ -3.50882, 40.36595 ], [ -3.51, 40.36595 ], [ -3.51, 40.36685 ], [ -3.51001, 40.36775 ], [ -3.51119, 40.36774 ], [ -3.5112, 40.36865 ], [ -3.5112, 40.36955 ], [ -3.51239, 40.37044 ], [ -3.51239, 40.37134 ], [ -3.51122, 40.37135 ], [ -3.51122, 40.37225 ], [ -3.51004, 40.37225 ], [ -3.50651, 40.37227 ], [ -3.50534, 40.37318 ], [ -3.50416, 40.37318 ], [ -3.50417, 40.37408 ], [ -3.50418, 40.37498 ], [ -3.503, 40.37499 ], [ -3.50183, 40.3768 ], [ -3.50065, 40.3768 ], [ -3.50066, 40.3777 ], [ -3.49948, 40.37771 ] ] ] } },
{ "type": "Feature", "properties": { "ine_code": "28168", "name": "El Vellón" }, "geometry": { "type": "Polygon", "coordinates": [ [ [ -3.60802, 40.78709 ], [ -3.60211, 40.78892 ], [ -3.60094, 40.78983 ], [ -3.59976, 40.79073 ], [ -3.59739, 40.79075 ], [ -3.5962, 40.79075 ], [ -3.59265, 40.79077 ], [ -3.59027, 40.78988 ], [ -3.58553, 40.78991 ], [ -3.58434, 40.78991 ], [ -3.58434, 40.78901 ], [ -3.58315, 40.78902 ], [ -3.58316, 40.78992 ], [ -3.58197, 40.78992 ], [ -3.58198, 40.79083 ], [ -3.5808, 40.79083 ], [ -3.5808, 40.79173 ], [ -3.57962, 40.79174 ], [ -3.57843, 40.79174 ], [ -3.57725, 40.79175 ], [ -3.57724, 40.79085 ], [ -3.57605, 40.79085 ], [ -3.57487, 40.79086 ], [ -3.57368, 40.79087 ], [ -3.57013, 40.79088 ], [ -3.56894, 40.78999 ], [ -3.56538, 40.79001 ], [ -3.56065, 40.79093 ], [ -3.55947, 40.79184 ], [ -3.55828, 40.79184 ], [ -3.55234, 40.79007 ], [ -3.55116, 40.79008 ], [ -3.54997, 40.79008 ], [ -3.54522, 40.7892 ], [ -3.54404, 40.78921 ], [ -3.5381, 40.78834 ], [ -3.53693, 40.78924 ], [ -3.53456, 40.78925 ], [ -3.53337, 40.78926 ], [ -3.53219, 40.78926 ], [ -3.53218, 40.78836 ], [ -3.53099, 40.78837 ], [ -3.52981, 40.78837 ], [ -3.52388, 40.7875 ], [ -3.52032, 40.78752 ], [ -3.51914, 40.78842 ], [ -3.51203, 40.78845 ], [ -3.50965, 40.78756 ], [ -3.50965, 40.78666 ], [ -3.50845, 40.78487 ], [ -3.50843, 40.78216 ], [ -3.5096, 40.78126 ], [ -3.5096, 40.78036 ], [ -3.51078, 40.78035 ], [ -3.51196, 40.77945 ], [ -3.51195, 40.77855 ], [ -3.51313, 40.77764 ], [ -3.51313, 40.77674 ], [ -3.51547, 40.77403 ], [ -3.51665, 40.77312 ], [ -3.51782, 40.77131 ], [ -3.519, 40.77041 ], [ -3.52017, 40.7686 ], [ -3.52017, 40.7677 ], [ -3.52134, 40.76679 ], [ -3.52252, 40.76589 ], [ -3.52251, 40.76498 ], [ -3.5237, 40.76498 ], [ -3.52369, 40.76408 ], [ -3.52487, 40.76317 ], [ -3.52486, 40.76227 ], [ -3.52485, 40.76137 ], [ -3.5296, 40.76225 ], [ -3.53196, 40.76134 ], [ -3.53669, 40.75951 ], [ -3.53787, 40.75951 ], [ -3.53905, 40.7586 ], [ -3.53904, 40.7577 ], [ -3.54023, 40.7577 ], [ -3.54021, 40.75589 ], [ -3.54021, 40.75499 ], [ -3.54139, 40.75499 ], [ -3.54138, 40.75409 ], [ -3.54138, 40.75319 ], [ -3.54018, 40.75229 ], [ -3.53899, 40.7514 ], [ -3.53781, 40.7514 ], [ -3.5378, 40.7505 ], [ -3.53543, 40.75051 ], [ -3.53425, 40.75052 ], [ -3.53305, 40.74962 ], [ -3.53305, 40.74872 ], [ -3.53423, 40.74872 ], [ -3.53422, 40.74782 ], [ -3.53422, 40.74691 ], [ -3.53539, 40.74601 ], [ -3.53658, 40.746 ], [ -3.53776, 40.746 ], [ -3.53776, 40.7451 ], [ -3.53894, 40.74509 ], [ -3.54012, 40.74509 ], [ -3.54012, 40.74418 ], [ -3.53893, 40.74419 ], [ -3.53893, 40.74329 ], [ -3.53773, 40.74239 ], [ -3.53654, 40.7415 ], [ -3.53654, 40.7406 ], [ -3.53771, 40.73969 ], [ -3.53771, 40.73879 ], [ -3.53888, 40.73788 ], [ -3.54006, 40.73698 ], [ -3.54005, 40.73608 ], [ -3.54123, 40.73517 ], [ -3.54241, 40.73516 ], [ -3.5436, 40.73516 ], [ -3.54714, 40.73424 ], [ -3.55072, 40.73693 ], [ -3.55428, 40.73781 ], [ -3.55547, 40.73871 ], [ -3.55905, 40.74229 ], [ -3.56025, 40.74319 ], [ -3.56499, 40.74407 ], [ -3.56974, 40.74494 ], [ -3.57092, 40.74494 ], [ -3.5721, 40.74493 ], [ -3.57211, 40.74583 ], [ -3.5733, 40.74673 ], [ -3.57331, 40.74763 ], [ -3.5745, 40.74762 ], [ -3.5745, 40.74852 ], [ -3.57688, 40.74941 ], [ -3.57807, 40.74941 ], [ -3.58044, 40.75029 ], [ -3.58163, 40.75029 ], [ -3.58518, 40.75027 ], [ -3.58635, 40.74846 ], [ -3.58753, 40.74846 ], [ -3.58991, 40.74935 ], [ -3.5911, 40.74934 ], [ -3.59347, 40.75023 ], [ -3.59468, 40.75292 ], [ -3.59708, 40.75652 ], [ -3.59828, 40.75831 ], [ -3.60072, 40.76551 ], [ -3.60193, 40.7691 ], [ -3.60314, 40.7718 ], [ -3.60434, 40.77269 ], [ -3.60436, 40.7754 ], [ -3.60437, 40.7763 ], [ -3.60914, 40.77987 ], [ -3.60916, 40.78168 ], [ -3.61039, 40.78617 ], [ -3.60802, 40.78709 ] ] ] } },
{ "type": "Feature", "properties": { "ine_code": "28169", "name": "Venturada" }, "geometry": { "type": "Polygon", "coordinates": [ [ [ -3.64965, 40.80217 ], [ -3.64848, 40.80308 ], [ -3.64611, 40.804 ], [ -3.64375, 40.80491 ], [ -3.64376, 40.80581 ], [ -3.64258, 40.80672 ], [ -3.64022, 40.80763 ], [ -3.63906, 40.81034 ], [ -3.63907, 40.81124 ], [ -3.63789, 40.81215 ], [ -3.63671, 40.81216 ], [ -3.63551, 40.81126 ], [ -3.6355, 40.81036 ], [ -3.63432, 40.81037 ], [ -3.63313, 40.80947 ], [ -3.63194, 40.80948 ], [ -3.63075, 40.80949 ], [ -3.62957, 40.80949 ], [ -3.62719, 40.80861 ], [ -3.626, 40.80861 ], [ -3.62482, 40.80862 ], [ -3.6177, 40.80866 ], [ -3.61653, 40.80956 ], [ -3.61535, 40.81047 ], [ -3.61297, 40.80958 ], [ -3.61178, 40.80869 ], [ -3.61059, 40.80869 ], [ -3.60941, 40.8087 ], [ -3.60821, 40.80781 ], [ -3.60703, 40.80781 ], [ -3.60702, 40.80691 ], [ -3.60463, 40.80512 ], [ -3.60462, 40.80422 ], [ -3.60343, 40.80333 ], [ -3.60224, 40.80333 ], [ -3.60224, 40.80243 ], [ -3.59986, 40.80244 ], [ -3.59631, 40.80246 ], [ -3.59511, 40.80157 ], [ -3.59393, 40.80157 ], [ -3.59392, 40.80067 ], [ -3.59391, 40.79977 ], [ -3.59391, 40.79887 ], [ -3.59389, 40.79707 ], [ -3.59388, 40.79617 ], [ -3.59387, 40.79527 ], [ -3.59504, 40.79346 ], [ -3.5962, 40.79075 ], [ -3.59739, 40.79075 ], [ -3.59976, 40.79073 ], [ -3.60094, 40.78983 ], [ -3.60211, 40.78892 ], [ -3.60802, 40.78709 ], [ -3.61039, 40.78617 ], [ -3.61275, 40.78526 ], [ -3.61393, 40.78525 ], [ -3.61512, 40.78525 ], [ -3.6163, 40.78524 ], [ -3.61749, 40.78524 ], [ -3.61867, 40.78523 ], [ -3.61986, 40.78522 ], [ -3.62103, 40.78432 ], [ -3.62221, 40.78341 ], [ -3.6234, 40.7834 ], [ -3.62339, 40.7825 ], [ -3.62457, 40.78249 ], [ -3.62576, 40.78249 ], [ -3.62694, 40.78248 ], [ -3.63169, 40.78336 ], [ -3.63288, 40.78335 ], [ -3.63289, 40.78515 ], [ -3.63409, 40.78605 ], [ -3.63885, 40.78872 ], [ -3.64482, 40.79229 ], [ -3.64721, 40.79498 ], [ -3.64961, 40.79767 ], [ -3.65083, 40.80127 ], [ -3.64965, 40.80217 ] ] ] } },
{ "type": "Feature", "properties": { "ine_code": "28170", "name": "Villaconejos" }, "geometry": { "type": "Polygon", "coordinates": [ [ [ -3.5491, 40.1036 ], [ -3.54677, 40.10541 ], [ -3.54677, 40.10631 ], [ -3.54561, 40.10812 ], [ -3.54445, 40.10902 ], [ -3.54329, 40.11083 ], [ -3.54212, 40.11174 ], [ -3.54096, 40.11355 ], [ -3.53862, 40.11446 ], [ -3.53747, 40.11717 ], [ -3.5363, 40.11717 ], [ -3.53631, 40.11897 ], [ -3.53515, 40.12078 ], [ -3.53281, 40.12169 ], [ -3.53165, 40.1235 ], [ -3.53049, 40.12441 ], [ -3.52933, 40.12621 ], [ -3.52816, 40.12712 ], [ -3.527, 40.12893 ], [ -3.52585, 40.13163 ], [ -3.52468, 40.13254 ], [ -3.52351, 40.13255 ], [ -3.52234, 40.13345 ], [ -3.52235, 40.13435 ], [ -3.52236, 40.13615 ], [ -3.52002, 40.13707 ], [ -3.51885, 40.13707 ], [ -3.51533, 40.13709 ], [ -3.51298, 40.138 ], [ -3.51181, 40.138 ], [ -3.50947, 40.13892 ], [ -3.50712, 40.13893 ], [ -3.50477, 40.13894 ], [ -3.50243, 40.13895 ], [ -3.50125, 40.13895 ], [ -3.50008, 40.13896 ], [ -3.49773, 40.13897 ], [ -3.49539, 40.13988 ], [ -3.49421, 40.13898 ], [ -3.49069, 40.1399 ], [ -3.48951, 40.139 ], [ -3.48833, 40.13811 ], [ -3.48599, 40.13811 ], [ -3.48364, 40.13812 ], [ -3.48245, 40.13633 ], [ -3.47892, 40.13544 ], [ -3.47657, 40.13455 ], [ -3.47422, 40.13366 ], [ -3.47304, 40.13366 ], [ -3.47187, 40.13367 ], [ -3.47186, 40.13277 ], [ -3.47069, 40.13277 ], [ -3.46951, 40.13278 ], [ -3.46951, 40.13188 ], [ -3.46834, 40.13188 ], [ -3.46716, 40.13189 ], [ -3.46598, 40.13099 ], [ -3.4648, 40.13009 ], [ -3.4648, 40.12919 ], [ -3.46362, 40.1292 ], [ -3.46362, 40.1283 ], [ -3.46361, 40.1274 ], [ -3.4636, 40.12649 ], [ -3.46243, 40.1265 ], [ -3.46242, 40.1256 ], [ -3.46242, 40.1247 ], [ -3.46241, 40.1238 ], [ -3.46124, 40.1238 ], [ -3.45771, 40.12291 ], [ -3.45536, 40.12292 ], [ -3.45418, 40.12203 ], [ -3.45183, 40.12114 ], [ -3.45182, 40.11933 ], [ -3.45064, 40.11844 ], [ -3.45299, 40.11843 ], [ -3.45533, 40.11842 ], [ -3.45532, 40.11662 ], [ -3.45532, 40.11572 ], [ -3.45531, 40.11481 ], [ -3.45765, 40.1139 ], [ -3.45881, 40.1112 ], [ -3.45996, 40.10849 ], [ -3.45995, 40.10669 ], [ -3.4611, 40.10308 ], [ -3.46342, 40.09947 ], [ -3.46692, 40.09675 ], [ -3.47043, 40.09493 ], [ -3.47276, 40.09312 ], [ -3.47744, 40.0904 ], [ -3.47977, 40.08859 ], [ -3.48211, 40.08768 ], [ -3.48796, 40.08585 ], [ -3.49148, 40.08584 ], [ -3.49735, 40.08671 ], [ -3.50086, 40.0858 ], [ -3.5032, 40.08489 ], [ -3.50438, 40.08578 ], [ -3.50673, 40.08667 ], [ -3.51027, 40.08846 ], [ -3.51262, 40.08935 ], [ -3.51497, 40.09024 ], [ -3.51732, 40.09113 ], [ -3.52085, 40.09201 ], [ -3.52556, 40.0938 ], [ -3.53144, 40.09557 ], [ -3.53262, 40.09647 ], [ -3.54084, 40.09823 ], [ -3.54437, 40.09911 ], [ -3.54555, 40.10001 ], [ -3.54908, 40.10179 ], [ -3.5491, 40.1036 ] ] ] } },
{ "type": "Feature", "properties": { "ine_code": "28171", "name": "Villa del Prado" }, "geometry": { "type": "Polygon", "coordinates": [ [ [ -4.35337, 40.31051 ], [ -4.35219, 40.31052 ], [ -4.35103, 40.31143 ], [ -4.3487, 40.31236 ], [ -4.34752, 40.31238 ], [ -4.34756, 40.31418 ], [ -4.34758, 40.31508 ], [ -4.34642, 40.31599 ], [ -4.34408, 40.31692 ], [ -4.34175, 40.31785 ], [ -4.34059, 40.31876 ], [ -4.34061, 40.31966 ], [ -4.33827, 40.32059 ], [ -4.33358, 40.32155 ], [ -4.33123, 40.32157 ], [ -4.33124, 40.32247 ], [ -4.33009, 40.32339 ], [ -4.32893, 40.3243 ], [ -4.32775, 40.32432 ], [ -4.32541, 40.32524 ], [ -4.32424, 40.32526 ], [ -4.32188, 40.32528 ], [ -4.32071, 40.3253 ], [ -4.31953, 40.32531 ], [ -4.31837, 40.32623 ], [ -4.31718, 40.32534 ], [ -4.31482, 40.32536 ], [ -4.31366, 40.32628 ], [ -4.31129, 40.3254 ], [ -4.31012, 40.32542 ], [ -4.30894, 40.32543 ], [ -4.30774, 40.32454 ], [ -4.30539, 40.32457 ], [ -4.30421, 40.32458 ], [ -4.30302, 40.3237 ], [ -4.30183, 40.32281 ], [ -4.2971, 40.32196 ], [ -4.29477, 40.32289 ], [ -4.29354, 40.3202 ], [ -4.28163, 40.31312 ], [ -4.28162, 40.31222 ], [ -4.28042, 40.31134 ], [ -4.28041, 40.31044 ], [ -4.28039, 40.30953 ], [ -4.28037, 40.30863 ], [ -4.28035, 40.30773 ], [ -4.27918, 40.30775 ], [ -4.27916, 40.30685 ], [ -4.27798, 40.30686 ], [ -4.27797, 40.30596 ], [ -4.27795, 40.30506 ], [ -4.27677, 40.30507 ], [ -4.27676, 40.30417 ], [ -4.27674, 40.30327 ], [ -4.27672, 40.30237 ], [ -4.27553, 40.30148 ], [ -4.27435, 40.30149 ], [ -4.27434, 40.30059 ], [ -4.27314, 40.29971 ], [ -4.27197, 40.29972 ], [ -4.27195, 40.29882 ], [ -4.27077, 40.29883 ], [ -4.27076, 40.29793 ], [ -4.26958, 40.29794 ], [ -4.26956, 40.29704 ], [ -4.26839, 40.29705 ], [ -4.26719, 40.29617 ], [ -4.26602, 40.29618 ], [ -4.26481, 40.29439 ], [ -4.26363, 40.2944 ], [ -4.26244, 40.29352 ], [ -4.26123, 40.29173 ], [ -4.26005, 40.29174 ], [ -4.26004, 40.29084 ], [ -4.25886, 40.29085 ], [ -4.25884, 40.28995 ], [ -4.25767, 40.28996 ], [ -4.25765, 40.28906 ], [ -4.25647, 40.28908 ], [ -4.25646, 40.28818 ], [ -4.25644, 40.28728 ], [ -4.25526, 40.28729 ], [ -4.2517, 40.28552 ], [ -4.24814, 40.28376 ], [ -4.24696, 40.28377 ], [ -4.24695, 40.28287 ], [ -4.24577, 40.28289 ], [ -4.24458, 40.282 ], [ -4.24339, 40.28111 ], [ -4.24221, 40.28112 ], [ -4.24102, 40.28023 ], [ -4.23983, 40.27935 ], [ -4.23865, 40.27936 ], [ -4.23154, 40.27673 ], [ -4.2327, 40.27582 ], [ -4.23269, 40.27492 ], [ -4.23385, 40.274 ], [ -4.23502, 40.27399 ], [ -4.2362, 40.27398 ], [ -4.23738, 40.27397 ], [ -4.23855, 40.27395 ], [ -4.23973, 40.27394 ], [ -4.2409, 40.27393 ], [ -4.24208, 40.27392 ], [ -4.24325, 40.2739 ], [ -4.24443, 40.27389 ], [ -4.24561, 40.27388 ], [ -4.24678, 40.27387 ], [ -4.24796, 40.27385 ], [ -4.24794, 40.27295 ], [ -4.24912, 40.27294 ], [ -4.2491, 40.27204 ], [ -4.25028, 40.27203 ], [ -4.25026, 40.27113 ], [ -4.25142, 40.27021 ], [ -4.2514, 40.26931 ], [ -4.25139, 40.26841 ], [ -4.25137, 40.26751 ], [ -4.25135, 40.26661 ], [ -4.25253, 40.2666 ], [ -4.25251, 40.2657 ], [ -4.2525, 40.2648 ], [ -4.25248, 40.26389 ], [ -4.25366, 40.26388 ], [ -4.25364, 40.26298 ], [ -4.2548, 40.26207 ], [ -4.25596, 40.26115 ], [ -4.25713, 40.26114 ], [ -4.25712, 40.26024 ], [ -4.25829, 40.26023 ], [ -4.25827, 40.25933 ], [ -4.25943, 40.25841 ], [ -4.26059, 40.2575 ], [ -4.26058, 40.2566 ], [ -4.26056, 40.2557 ], [ -4.26174, 40.25569 ], [ -4.26172, 40.25479 ], [ -4.2617, 40.25388 ], [ -4.26168, 40.25298 ], [ -4.26167, 40.25208 ], [ -4.26165, 40.25118 ], [ -4.26162, 40.24938 ], [ -4.2616, 40.24848 ], [ -4.26158, 40.24758 ], [ -4.26274, 40.24667 ], [ -4.26273, 40.24577 ], [ -4.2639, 40.24575 ], [ -4.26389, 40.24485 ], [ -4.26506, 40.24484 ], [ -4.26504, 40.24394 ], [ -4.26622, 40.24393 ], [ -4.2662, 40.24302 ], [ -4.26738, 40.24301 ], [ -4.26736, 40.24211 ], [ -4.26734, 40.24121 ], [ -4.26852, 40.2412 ], [ -4.2685, 40.2403 ], [ -4.26849, 40.2394 ], [ -4.26847, 40.2385 ], [ -4.26845, 40.23759 ], [ -4.26961, 40.23668 ], [ -4.26959, 40.23578 ], [ -4.27077, 40.23577 ], [ -4.27075, 40.23487 ], [ -4.27191, 40.23395 ], [ -4.27309, 40.23394 ], [ -4.27307, 40.23304 ], [ -4.27424, 40.23303 ], [ -4.27423, 40.23213 ], [ -4.2754, 40.23211 ], [ -4.27539, 40.23121 ], [ -4.27656, 40.2312 ], [ -4.27774, 40.23119 ], [ -4.27891, 40.23117 ], [ -4.27889, 40.23027 ], [ -4.28007, 40.23026 ], [ -4.28125, 40.23025 ], [ -4.28123, 40.22935 ], [ -4.2824, 40.22933 ], [ -4.28358, 40.22932 ], [ -4.28474, 40.22841 ], [ -4.28591, 40.22839 ], [ -4.28707, 40.22748 ], [ -4.28823, 40.22657 ], [ -4.28821, 40.22566 ], [ -4.28819, 40.22476 ], [ -4.28937, 40.22475 ], [ -4.28935, 40.22385 ], [ -4.29051, 40.22294 ], [ -4.29049, 40.22204 ], [ -4.29165, 40.22112 ], [ -4.29281, 40.22021 ], [ -4.29397, 40.21929 ], [ -4.29514, 40.21928 ], [ -4.29632, 40.21927 ], [ -4.29749, 40.21925 ], [ -4.29751, 40.22016 ], [ -4.29868, 40.22014 ], [ -4.29986, 40.22013 ], [ -4.29988, 40.22103 ], [ -4.30105, 40.22102 ], [ -4.30223, 40.221 ], [ -4.3034, 40.22099 ], [ -4.30458, 40.22098 ], [ -4.30459, 40.22188 ], [ -4.30577, 40.22186 ], [ -4.30694, 40.22185 ], [ -4.30696, 40.22275 ], [ -4.30698, 40.22365 ], [ -4.30817, 40.22454 ], [ -4.30819, 40.22544 ], [ -4.30936, 40.22543 ], [ -4.30938, 40.22633 ], [ -4.3094, 40.22723 ], [ -4.30941, 40.22813 ], [ -4.3071, 40.22996 ], [ -4.30594, 40.23087 ], [ -4.30596, 40.23177 ], [ -4.30598, 40.23267 ], [ -4.30717, 40.23356 ], [ -4.30834, 40.23355 ], [ -4.30952, 40.23353 ], [ -4.30954, 40.23443 ], [ -4.31071, 40.23442 ], [ -4.31304, 40.23349 ], [ -4.31303, 40.23259 ], [ -4.3142, 40.23258 ], [ -4.31418, 40.23168 ], [ -4.31536, 40.23167 ], [ -4.31534, 40.23076 ], [ -4.31652, 40.23075 ], [ -4.3165, 40.22985 ], [ -4.31768, 40.22984 ], [ -4.31766, 40.22894 ], [ -4.31883, 40.22892 ], [ -4.31882, 40.22802 ], [ -4.31999, 40.22801 ], [ -4.32115, 40.22709 ], [ -4.32113, 40.22619 ], [ -4.3235, 40.22707 ], [ -4.32352, 40.22797 ], [ -4.32353, 40.22887 ], [ -4.32473, 40.22976 ], [ -4.32592, 40.23064 ], [ -4.32594, 40.23154 ], [ -4.32713, 40.23243 ], [ -4.32597, 40.23335 ], [ -4.32715, 40.23333 ], [ -4.32716, 40.23423 ], [ -4.32834, 40.23422 ], [ -4.32836, 40.23512 ], [ -4.32953, 40.23511 ], [ -4.32955, 40.23601 ], [ -4.33073, 40.23599 ], [ -4.33074, 40.23689 ], [ -4.33192, 40.23688 ], [ -4.33194, 40.23778 ], [ -4.33311, 40.23777 ], [ -4.33313, 40.23867 ], [ -4.3343, 40.23866 ], [ -4.33548, 40.23864 ], [ -4.33665, 40.23863 ], [ -4.33783, 40.23861 ], [ -4.33785, 40.23952 ], [ -4.33902, 40.2395 ], [ -4.33904, 40.2404 ], [ -4.34022, 40.24039 ], [ -4.34139, 40.24038 ], [ -4.34257, 40.24036 ], [ -4.34255, 40.23946 ], [ -4.34372, 40.23945 ], [ -4.34371, 40.23855 ], [ -4.34488, 40.23853 ], [ -4.34486, 40.23763 ], [ -4.34604, 40.23762 ], [ -4.34721, 40.23761 ], [ -4.3472, 40.2367 ], [ -4.34837, 40.23669 ], [ -4.34839, 40.23759 ], [ -4.34843, 40.23939 ], [ -4.34844, 40.24029 ], [ -4.34846, 40.24119 ], [ -4.3485, 40.243 ], [ -4.34851, 40.2439 ], [ -4.34738, 40.24571 ], [ -4.34739, 40.24661 ], [ -4.34625, 40.24843 ], [ -4.34629, 40.25023 ], [ -4.34631, 40.25113 ], [ -4.34632, 40.25203 ], [ -4.34517, 40.25294 ], [ -4.34518, 40.25384 ], [ -4.34638, 40.25473 ], [ -4.34757, 40.25562 ], [ -4.34877, 40.25651 ], [ -4.3488, 40.25831 ], [ -4.34882, 40.25921 ], [ -4.34884, 40.26011 ], [ -4.35003, 40.261 ], [ -4.35005, 40.2619 ], [ -4.35126, 40.26368 ], [ -4.35247, 40.26547 ], [ -4.35366, 40.26636 ], [ -4.35489, 40.26905 ], [ -4.35607, 40.26903 ], [ -4.35726, 40.26992 ], [ -4.35732, 40.27262 ], [ -4.35853, 40.27441 ], [ -4.35857, 40.27621 ], [ -4.35858, 40.27711 ], [ -4.3586, 40.27801 ], [ -4.35864, 40.27981 ], [ -4.35866, 40.28071 ], [ -4.3575, 40.28163 ], [ -4.35752, 40.28253 ], [ -4.35753, 40.28343 ], [ -4.35755, 40.28433 ], [ -4.35638, 40.28434 ], [ -4.35757, 40.28523 ], [ -4.35759, 40.28613 ], [ -4.35761, 40.28703 ], [ -4.35762, 40.28793 ], [ -4.35764, 40.28883 ], [ -4.35766, 40.28974 ], [ -4.35885, 40.29062 ], [ -4.35771, 40.29244 ], [ -4.35773, 40.29334 ], [ -4.35775, 40.29424 ], [ -4.35777, 40.29514 ], [ -4.35779, 40.29604 ], [ -4.35784, 40.29874 ], [ -4.35786, 40.29964 ], [ -4.3567, 40.30056 ], [ -4.35674, 40.30236 ], [ -4.35675, 40.30326 ], [ -4.35677, 40.30416 ], [ -4.35681, 40.30596 ], [ -4.35684, 40.30776 ], [ -4.35686, 40.30866 ], [ -4.35337, 40.31051 ] ] ] } },
{ "type": "Feature", "properties": { "ine_code": "28172", "name": "Villalbilla" }, "geometry": { "type": "Polygon", "coordinates": [ [ [ -3.40806, 40.45374 ], [ -3.40688, 40.45375 ], [ -3.40688, 40.45465 ], [ -3.4057, 40.45465 ], [ -3.40452, 40.45465 ], [ -3.40334, 40.45466 ], [ -3.40335, 40.45556 ], [ -3.40336, 40.45646 ], [ -3.40218, 40.45646 ], [ -3.401, 40.45647 ], [ -3.39982, 40.45647 ], [ -3.39982, 40.45737 ], [ -3.39864, 40.45738 ], [ -3.39746, 40.45738 ], [ -3.39628, 40.45739 ], [ -3.39511, 40.45739 ], [ -3.39393, 40.45739 ], [ -3.39393, 40.45829 ], [ -3.39275, 40.4583 ], [ -3.39276, 40.4592 ], [ -3.39158, 40.4592 ], [ -3.39158, 40.4601 ], [ -3.3904, 40.46011 ], [ -3.38922, 40.46011 ], [ -3.38922, 40.45921 ], [ -3.38804, 40.45922 ], [ -3.38803, 40.45831 ], [ -3.38921, 40.45831 ], [ -3.38921, 40.45741 ], [ -3.3892, 40.45651 ], [ -3.38802, 40.45651 ], [ -3.38684, 40.45652 ], [ -3.38684, 40.45562 ], [ -3.38683, 40.45472 ], [ -3.38683, 40.45381 ], [ -3.38565, 40.45382 ], [ -3.38564, 40.45292 ], [ -3.38564, 40.45202 ], [ -3.38563, 40.45112 ], [ -3.38445, 40.45112 ], [ -3.38446, 40.45202 ], [ -3.38328, 40.45202 ], [ -3.38329, 40.45293 ], [ -3.38211, 40.45293 ], [ -3.38093, 40.45293 ], [ -3.37975, 40.45294 ], [ -3.37975, 40.45384 ], [ -3.37857, 40.45384 ], [ -3.37858, 40.45474 ], [ -3.3774, 40.45475 ], [ -3.37622, 40.45475 ], [ -3.37621, 40.45385 ], [ -3.37504, 40.45385 ], [ -3.37386, 40.45386 ], [ -3.37268, 40.45386 ], [ -3.37268, 40.45476 ], [ -3.3715, 40.45477 ], [ -3.37032, 40.45477 ], [ -3.37033, 40.45567 ], [ -3.36915, 40.45567 ], [ -3.36914, 40.45477 ], [ -3.36796, 40.45478 ], [ -3.36797, 40.45568 ], [ -3.36679, 40.45568 ], [ -3.36679, 40.45478 ], [ -3.36678, 40.45388 ], [ -3.36678, 40.45298 ], [ -3.3656, 40.45298 ], [ -3.36559, 40.45208 ], [ -3.36441, 40.45209 ], [ -3.36323, 40.45209 ], [ -3.36323, 40.45119 ], [ -3.36205, 40.45119 ], [ -3.36087, 40.4512 ], [ -3.35969, 40.4512 ], [ -3.35968, 40.4503 ], [ -3.35968, 40.4494 ], [ -3.3585, 40.4494 ], [ -3.3585, 40.4485 ], [ -3.35732, 40.4485 ], [ -3.35732, 40.4494 ], [ -3.35614, 40.44941 ], [ -3.35615, 40.45031 ], [ -3.35497, 40.45031 ], [ -3.35497, 40.45121 ], [ -3.35379, 40.45122 ], [ -3.35261, 40.45122 ], [ -3.35261, 40.45032 ], [ -3.35143, 40.45032 ], [ -3.35143, 40.45122 ], [ -3.35144, 40.45213 ], [ -3.35026, 40.45213 ], [ -3.35026, 40.45303 ], [ -3.34909, 40.45303 ], [ -3.34791, 40.45304 ], [ -3.34673, 40.45304 ], [ -3.34555, 40.45304 ], [ -3.34437, 40.45305 ], [ -3.34437, 40.45395 ], [ -3.34319, 40.45395 ], [ -3.3432, 40.45485 ], [ -3.34202, 40.45486 ], [ -3.34202, 40.45576 ], [ -3.34203, 40.45666 ], [ -3.34085, 40.45666 ], [ -3.33967, 40.45667 ], [ -3.33849, 40.45667 ], [ -3.33731, 40.45667 ], [ -3.33731, 40.45757 ], [ -3.33614, 40.45758 ], [ -3.33613, 40.45668 ], [ -3.33495, 40.45668 ], [ -3.33377, 40.45668 ], [ -3.33378, 40.45758 ], [ -3.33378, 40.45848 ], [ -3.33379, 40.45939 ], [ -3.33261, 40.46029 ], [ -3.33144, 40.46119 ], [ -3.33144, 40.46209 ], [ -3.33026, 40.4621 ], [ -3.32908, 40.4621 ], [ -3.32909, 40.463 ], [ -3.32791, 40.46301 ], [ -3.32791, 40.46391 ], [ -3.32909, 40.4639 ], [ -3.32909, 40.4648 ], [ -3.3291, 40.4657 ], [ -3.3291, 40.46661 ], [ -3.32792, 40.46661 ], [ -3.32674, 40.46661 ], [ -3.32675, 40.46751 ], [ -3.32557, 40.46752 ], [ -3.32439, 40.46752 ], [ -3.32439, 40.46842 ], [ -3.3244, 40.46932 ], [ -3.32322, 40.46933 ], [ -3.32322, 40.47023 ], [ -3.32204, 40.47023 ], [ -3.32087, 40.47203 ], [ -3.31969, 40.47114 ], [ -3.3185, 40.46934 ], [ -3.31732, 40.46934 ], [ -3.31614, 40.46934 ], [ -3.31259, 40.46755 ], [ -3.30786, 40.46486 ], [ -3.30668, 40.46396 ], [ -3.30195, 40.46127 ], [ -3.2984, 40.45948 ], [ -3.29722, 40.45858 ], [ -3.29367, 40.45679 ], [ -3.29249, 40.45589 ], [ -3.29131, 40.455 ], [ -3.29012, 40.4532 ], [ -3.28775, 40.4514 ], [ -3.28657, 40.4514 ], [ -3.28421, 40.45141 ], [ -3.28422, 40.45231 ], [ -3.28304, 40.45231 ], [ -3.28186, 40.45142 ], [ -3.28068, 40.45142 ], [ -3.27831, 40.45052 ], [ -3.27714, 40.45053 ], [ -3.27477, 40.44963 ], [ -3.27359, 40.44873 ], [ -3.27122, 40.44694 ], [ -3.27004, 40.44604 ], [ -3.26886, 40.44424 ], [ -3.26768, 40.44424 ], [ -3.26885, 40.44244 ], [ -3.26767, 40.44154 ], [ -3.26766, 40.44064 ], [ -3.26766, 40.43974 ], [ -3.26883, 40.43793 ], [ -3.26883, 40.43703 ], [ -3.27118, 40.43703 ], [ -3.27236, 40.43702 ], [ -3.27236, 40.43522 ], [ -3.27352, 40.43252 ], [ -3.2747, 40.43161 ], [ -3.27587, 40.42981 ], [ -3.27586, 40.42711 ], [ -3.27586, 40.4262 ], [ -3.27585, 40.4244 ], [ -3.2782, 40.4235 ], [ -3.27938, 40.42259 ], [ -3.28055, 40.42079 ], [ -3.28173, 40.42078 ], [ -3.2829, 40.41988 ], [ -3.28525, 40.41807 ], [ -3.28761, 40.41807 ], [ -3.28997, 40.41896 ], [ -3.29115, 40.41986 ], [ -3.29234, 40.42076 ], [ -3.29235, 40.42256 ], [ -3.29353, 40.42346 ], [ -3.29353, 40.42436 ], [ -3.29471, 40.42436 ], [ -3.29825, 40.42435 ], [ -3.3006, 40.42434 ], [ -3.30178, 40.42434 ], [ -3.30414, 40.42343 ], [ -3.30532, 40.42343 ], [ -3.30767, 40.42342 ], [ -3.31003, 40.42341 ], [ -3.31474, 40.4225 ], [ -3.31828, 40.42249 ], [ -3.31946, 40.42249 ], [ -3.32181, 40.42248 ], [ -3.32299, 40.42248 ], [ -3.32418, 40.42338 ], [ -3.32771, 40.42337 ], [ -3.32891, 40.42607 ], [ -3.33125, 40.42336 ], [ -3.33243, 40.42335 ], [ -3.33478, 40.42245 ], [ -3.33596, 40.42154 ], [ -3.33831, 40.42153 ], [ -3.33949, 40.42063 ], [ -3.34303, 40.42242 ], [ -3.3454, 40.42331 ], [ -3.34894, 40.4242 ], [ -3.3513, 40.4251 ], [ -3.35367, 40.42689 ], [ -3.35721, 40.42868 ], [ -3.35957, 40.42958 ], [ -3.36076, 40.43048 ], [ -3.36312, 40.43137 ], [ -3.36549, 40.43316 ], [ -3.36667, 40.43406 ], [ -3.36904, 40.43495 ], [ -3.37258, 40.43674 ], [ -3.37377, 40.43764 ], [ -3.37613, 40.43944 ], [ -3.37732, 40.44033 ], [ -3.38205, 40.44212 ], [ -3.38441, 40.44391 ], [ -3.38915, 40.4466 ], [ -3.38915, 40.4475 ], [ -3.39033, 40.4475 ], [ -3.39034, 40.4484 ], [ -3.39151, 40.44839 ], [ -3.39152, 40.44929 ], [ -3.3927, 40.44929 ], [ -3.3927, 40.45019 ], [ -3.39388, 40.45019 ], [ -3.39506, 40.45018 ], [ -3.39625, 40.45108 ], [ -3.39743, 40.45108 ], [ -3.39742, 40.45017 ], [ -3.3986, 40.45017 ], [ -3.39861, 40.45107 ], [ -3.39979, 40.45107 ], [ -3.40096, 40.45106 ], [ -3.40214, 40.45106 ], [ -3.40332, 40.45106 ], [ -3.40332, 40.45015 ], [ -3.4045, 40.45015 ], [ -3.4045, 40.45105 ], [ -3.40568, 40.45105 ], [ -3.40686, 40.45104 ], [ -3.40687, 40.45194 ], [ -3.40687, 40.45284 ], [ -3.40805, 40.45284 ], [ -3.40923, 40.45284 ], [ -3.40924, 40.45374 ], [ -3.40806, 40.45374 ] ] ] } },
{ "type": "Feature", "properties": { "ine_code": "28173", "name": "Villamanrique de Tajo" }, "geometry": { "type": "Polygon", "coordinates": [ [ [ -3.28843, 40.05589 ], [ -3.28609, 40.0586 ], [ -3.28495, 40.06671 ], [ -3.28379, 40.06851 ], [ -3.28263, 40.07122 ], [ -3.28146, 40.07302 ], [ -3.28147, 40.07392 ], [ -3.28031, 40.07663 ], [ -3.27914, 40.07933 ], [ -3.27915, 40.08114 ], [ -3.28033, 40.08384 ], [ -3.27918, 40.08744 ], [ -3.27802, 40.09195 ], [ -3.27687, 40.09736 ], [ -3.27455, 40.10277 ], [ -3.27221, 40.10458 ], [ -3.2687, 40.10729 ], [ -3.26401, 40.11 ], [ -3.26167, 40.11091 ], [ -3.25932, 40.11091 ], [ -3.2558, 40.10912 ], [ -3.25344, 40.10732 ], [ -3.24992, 40.10553 ], [ -3.24874, 40.10373 ], [ -3.24638, 40.10193 ], [ -3.24521, 40.10103 ], [ -3.24168, 40.09834 ], [ -3.2405, 40.09564 ], [ -3.23814, 40.09294 ], [ -3.23461, 40.09115 ], [ -3.23109, 40.08845 ], [ -3.22873, 40.08665 ], [ -3.22873, 40.08485 ], [ -3.22637, 40.08215 ], [ -3.22637, 40.08035 ], [ -3.22401, 40.07585 ], [ -3.22283, 40.07315 ], [ -3.22165, 40.07135 ], [ -3.22047, 40.06955 ], [ -3.2193, 40.06955 ], [ -3.2193, 40.07045 ], [ -3.21813, 40.07046 ], [ -3.21695, 40.07046 ], [ -3.21578, 40.07136 ], [ -3.21461, 40.07136 ], [ -3.21461, 40.07226 ], [ -3.21344, 40.07227 ], [ -3.21227, 40.07317 ], [ -3.2111, 40.07317 ], [ -3.2111, 40.07407 ], [ -3.20993, 40.07408 ], [ -3.20875, 40.07408 ], [ -3.20758, 40.07498 ], [ -3.20641, 40.07498 ], [ -3.20641, 40.07588 ], [ -3.20642, 40.07678 ], [ -3.20642, 40.07769 ], [ -3.20525, 40.07859 ], [ -3.20408, 40.07949 ], [ -3.20291, 40.08039 ], [ -3.20174, 40.0804 ], [ -3.20174, 40.0813 ], [ -3.20174, 40.0822 ], [ -3.20174, 40.0831 ], [ -3.20175, 40.084 ], [ -3.20175, 40.0849 ], [ -3.20175, 40.0858 ], [ -3.20058, 40.0858 ], [ -3.19941, 40.08581 ], [ -3.1994, 40.08491 ], [ -3.19823, 40.08491 ], [ -3.19823, 40.08581 ], [ -3.19706, 40.08581 ], [ -3.19589, 40.08671 ], [ -3.19472, 40.08672 ], [ -3.19354, 40.08672 ], [ -3.19354, 40.08582 ], [ -3.19237, 40.08582 ], [ -3.1912, 40.08582 ], [ -3.19119, 40.08492 ], [ -3.19119, 40.08402 ], [ -3.19002, 40.08402 ], [ -3.19002, 40.08312 ], [ -3.18884, 40.08312 ], [ -3.18884, 40.08222 ], [ -3.18884, 40.08042 ], [ -3.18883, 40.07952 ], [ -3.18883, 40.07862 ], [ -3.18883, 40.07772 ], [ -3.19117, 40.07591 ], [ -3.19234, 40.07501 ], [ -3.19234, 40.07411 ], [ -3.19468, 40.0732 ], [ -3.19585, 40.0723 ], [ -3.19585, 40.0714 ], [ -3.19702, 40.07049 ], [ -3.19701, 40.06959 ], [ -3.19818, 40.06869 ], [ -3.19936, 40.06869 ], [ -3.19935, 40.06779 ], [ -3.20052, 40.06688 ], [ -3.20169, 40.06598 ], [ -3.20404, 40.06508 ], [ -3.20521, 40.06507 ], [ -3.20755, 40.06417 ], [ -3.20638, 40.06327 ], [ -3.2052, 40.06237 ], [ -3.20403, 40.06147 ], [ -3.20168, 40.06148 ], [ -3.20051, 40.06148 ], [ -3.20051, 40.06058 ], [ -3.20168, 40.05967 ], [ -3.20402, 40.05967 ], [ -3.20519, 40.05967 ], [ -3.2052, 40.06057 ], [ -3.20637, 40.06057 ], [ -3.20755, 40.06237 ], [ -3.20872, 40.06236 ], [ -3.20989, 40.06236 ], [ -3.21106, 40.06146 ], [ -3.21223, 40.06146 ], [ -3.21692, 40.06055 ], [ -3.21809, 40.05964 ], [ -3.22043, 40.05874 ], [ -3.22278, 40.05783 ], [ -3.22629, 40.05693 ], [ -3.22863, 40.05602 ], [ -3.2298, 40.05602 ], [ -3.23332, 40.05511 ], [ -3.23683, 40.0542 ], [ -3.24035, 40.05419 ], [ -3.24269, 40.05329 ], [ -3.24386, 40.05329 ], [ -3.24387, 40.05509 ], [ -3.24387, 40.05599 ], [ -3.24505, 40.05779 ], [ -3.24622, 40.05689 ], [ -3.24739, 40.05688 ], [ -3.24857, 40.05688 ], [ -3.24856, 40.05598 ], [ -3.24974, 40.05598 ], [ -3.25091, 40.05597 ], [ -3.25091, 40.05688 ], [ -3.25208, 40.05687 ], [ -3.25209, 40.05777 ], [ -3.25326, 40.05777 ], [ -3.25443, 40.05777 ], [ -3.25561, 40.05777 ], [ -3.2556, 40.05686 ], [ -3.25677, 40.05686 ], [ -3.25677, 40.05506 ], [ -3.25794, 40.05506 ], [ -3.25794, 40.05416 ], [ -3.25793, 40.05326 ], [ -3.25793, 40.05235 ], [ -3.25793, 40.05145 ], [ -3.25675, 40.05146 ], [ -3.25675, 40.05056 ], [ -3.25792, 40.05055 ], [ -3.2591, 40.05055 ], [ -3.2591, 40.05145 ], [ -3.26145, 40.05235 ], [ -3.26145, 40.05325 ], [ -3.26262, 40.05325 ], [ -3.26263, 40.05415 ], [ -3.26263, 40.05505 ], [ -3.26263, 40.05595 ], [ -3.26264, 40.05685 ], [ -3.26381, 40.05685 ], [ -3.26498, 40.05684 ], [ -3.26615, 40.05684 ], [ -3.26615, 40.05594 ], [ -3.26615, 40.05504 ], [ -3.26614, 40.05414 ], [ -3.26614, 40.05324 ], [ -3.26731, 40.05323 ], [ -3.26848, 40.05323 ], [ -3.26966, 40.05323 ], [ -3.27083, 40.05323 ], [ -3.272, 40.05322 ], [ -3.27201, 40.05412 ], [ -3.27201, 40.05503 ], [ -3.27318, 40.05502 ], [ -3.27435, 40.05412 ], [ -3.27435, 40.05322 ], [ -3.27434, 40.05232 ], [ -3.27434, 40.05142 ], [ -3.27434, 40.05052 ], [ -3.27316, 40.05052 ], [ -3.27316, 40.04962 ], [ -3.27316, 40.04872 ], [ -3.27315, 40.04782 ], [ -3.27433, 40.04781 ], [ -3.27432, 40.04691 ], [ -3.27549, 40.04691 ], [ -3.27667, 40.04691 ], [ -3.27667, 40.04781 ], [ -3.27784, 40.0478 ], [ -3.27901, 40.0478 ], [ -3.28019, 40.0478 ], [ -3.28136, 40.0487 ], [ -3.28254, 40.04869 ], [ -3.28371, 40.04869 ], [ -3.28371, 40.04959 ], [ -3.28254, 40.0505 ], [ -3.28255, 40.0514 ], [ -3.28372, 40.05139 ], [ -3.28489, 40.05139 ], [ -3.28489, 40.05229 ], [ -3.28607, 40.05229 ], [ -3.28843, 40.05589 ] ], [ [ -3.24506, 40.05959 ], [ -3.24623, 40.05959 ], [ -3.24623, 40.05869 ], [ -3.24506, 40.05869 ], [ -3.24506, 40.05959 ] ] ] } },
{ "type": "Feature", "properties": { "ine_code": "28174", "name": "Villamanta" }, "geometry": { "type": "Polygon", "coordinates": [ [ [ -4.17175, 40.28816 ], [ -4.17058, 40.28818 ], [ -4.1694, 40.28819 ], [ -4.16823, 40.2882 ], [ -4.16705, 40.28821 ], [ -4.16706, 40.28911 ], [ -4.16708, 40.29001 ], [ -4.1671, 40.29091 ], [ -4.16711, 40.29181 ], [ -4.16713, 40.29272 ], [ -4.16714, 40.29362 ], [ -4.16716, 40.29452 ], [ -4.16717, 40.29542 ], [ -4.16719, 40.29632 ], [ -4.1672, 40.29722 ], [ -4.16722, 40.29812 ], [ -4.16841, 40.29901 ], [ -4.16843, 40.29991 ], [ -4.16728, 40.30172 ], [ -4.16731, 40.30352 ], [ -4.16733, 40.30442 ], [ -4.16618, 40.30624 ], [ -4.1662, 40.30714 ], [ -4.16623, 40.30894 ], [ -4.16744, 40.31073 ], [ -4.16866, 40.31342 ], [ -4.16868, 40.31432 ], [ -4.16869, 40.31522 ], [ -4.16871, 40.31612 ], [ -4.16872, 40.31702 ], [ -4.1699, 40.31701 ], [ -4.16991, 40.31791 ], [ -4.16993, 40.31881 ], [ -4.16875, 40.31882 ], [ -4.16877, 40.31973 ], [ -4.16878, 40.32063 ], [ -4.1688, 40.32153 ], [ -4.16882, 40.32243 ], [ -4.16883, 40.32333 ], [ -4.16765, 40.32334 ], [ -4.16767, 40.32424 ], [ -4.16768, 40.32514 ], [ -4.16651, 40.32515 ], [ -4.16652, 40.32605 ], [ -4.16536, 40.32697 ], [ -4.16538, 40.32787 ], [ -4.16539, 40.32877 ], [ -4.16422, 40.32878 ], [ -4.16304, 40.32879 ], [ -4.16186, 40.3288 ], [ -4.16069, 40.32882 ], [ -4.16067, 40.32792 ], [ -4.15948, 40.32703 ], [ -4.1583, 40.32704 ], [ -4.15712, 40.32705 ], [ -4.15595, 40.32706 ], [ -4.15477, 40.32707 ], [ -4.15359, 40.32709 ], [ -4.15361, 40.32799 ], [ -4.15243, 40.328 ], [ -4.15242, 40.3271 ], [ -4.15124, 40.32711 ], [ -4.15006, 40.32712 ], [ -4.14889, 40.32713 ], [ -4.14887, 40.32623 ], [ -4.14769, 40.32624 ], [ -4.1465, 40.32535 ], [ -4.14649, 40.32445 ], [ -4.14647, 40.32355 ], [ -4.14529, 40.32356 ], [ -4.14412, 40.32358 ], [ -4.1441, 40.32267 ], [ -4.14292, 40.32269 ], [ -4.14175, 40.3227 ], [ -4.14176, 40.3236 ], [ -4.14059, 40.32361 ], [ -4.14057, 40.32271 ], [ -4.13939, 40.32272 ], [ -4.13938, 40.32182 ], [ -4.1382, 40.32183 ], [ -4.13822, 40.32273 ], [ -4.13704, 40.32274 ], [ -4.13586, 40.32276 ], [ -4.13588, 40.32366 ], [ -4.1347, 40.32367 ], [ -4.13354, 40.32458 ], [ -4.13236, 40.32459 ], [ -4.13119, 40.3246 ], [ -4.13001, 40.32462 ], [ -4.12999, 40.32371 ], [ -4.12882, 40.32373 ], [ -4.12764, 40.32374 ], [ -4.12763, 40.32284 ], [ -4.12761, 40.32194 ], [ -4.12643, 40.32195 ], [ -4.12526, 40.32196 ], [ -4.12408, 40.32197 ], [ -4.1229, 40.32198 ], [ -4.12173, 40.32199 ], [ -4.12174, 40.32289 ], [ -4.12176, 40.32379 ], [ -4.12177, 40.3247 ], [ -4.12059, 40.32471 ], [ -4.11942, 40.32472 ], [ -4.11943, 40.32562 ], [ -4.11826, 40.32563 ], [ -4.11827, 40.32653 ], [ -4.11709, 40.32654 ], [ -4.11592, 40.32655 ], [ -4.11593, 40.32745 ], [ -4.11475, 40.32747 ], [ -4.11477, 40.32837 ], [ -4.11359, 40.32838 ], [ -4.11242, 40.32839 ], [ -4.11124, 40.3284 ], [ -4.11125, 40.3293 ], [ -4.11127, 40.3302 ], [ -4.11128, 40.3311 ], [ -4.11011, 40.33111 ], [ -4.11012, 40.33202 ], [ -4.10894, 40.33203 ], [ -4.10893, 40.33113 ], [ -4.10775, 40.33114 ], [ -4.10777, 40.33204 ], [ -4.1078, 40.33384 ], [ -4.10662, 40.33385 ], [ -4.10544, 40.33386 ], [ -4.10546, 40.33476 ], [ -4.10428, 40.33477 ], [ -4.1031, 40.33478 ], [ -4.10312, 40.33569 ], [ -4.10194, 40.3357 ], [ -4.09957, 40.33482 ], [ -4.09839, 40.33483 ], [ -4.09604, 40.33485 ], [ -4.09254, 40.33669 ], [ -4.09255, 40.33759 ], [ -4.09138, 40.3376 ], [ -4.09139, 40.3385 ], [ -4.09021, 40.33851 ], [ -4.08904, 40.33852 ], [ -4.08905, 40.33942 ], [ -4.08906, 40.34032 ], [ -4.08908, 40.34122 ], [ -4.0879, 40.34124 ], [ -4.08792, 40.34214 ], [ -4.08674, 40.34215 ], [ -4.08556, 40.34216 ], [ -4.08558, 40.34306 ], [ -4.0844, 40.34307 ], [ -4.08321, 40.34218 ], [ -4.08203, 40.34219 ], [ -4.08085, 40.3422 ], [ -4.08084, 40.3413 ], [ -4.07966, 40.34131 ], [ -4.07848, 40.34132 ], [ -4.0785, 40.34222 ], [ -4.07732, 40.34224 ], [ -4.07734, 40.34314 ], [ -4.07616, 40.34315 ], [ -4.07614, 40.34225 ], [ -4.07497, 40.34226 ], [ -4.07498, 40.34316 ], [ -4.0738, 40.34317 ], [ -4.07263, 40.34318 ], [ -4.07145, 40.34319 ], [ -4.07027, 40.3432 ], [ -4.0691, 40.34321 ], [ -4.06908, 40.34231 ], [ -4.0679, 40.34232 ], [ -4.06671, 40.34143 ], [ -4.0667, 40.34053 ], [ -4.06552, 40.34054 ], [ -4.06551, 40.33964 ], [ -4.06668, 40.33963 ], [ -4.06667, 40.33873 ], [ -4.06666, 40.33783 ], [ -4.06783, 40.33782 ], [ -4.069, 40.33691 ], [ -4.06898, 40.33601 ], [ -4.06897, 40.33511 ], [ -4.07014, 40.33509 ], [ -4.07132, 40.33508 ], [ -4.07131, 40.33418 ], [ -4.07247, 40.33327 ], [ -4.07246, 40.33237 ], [ -4.07363, 40.33236 ], [ -4.07362, 40.33146 ], [ -4.0748, 40.33145 ], [ -4.07478, 40.33055 ], [ -4.07596, 40.33054 ], [ -4.07594, 40.32964 ], [ -4.07475, 40.32875 ], [ -4.07474, 40.32784 ], [ -4.0759, 40.32693 ], [ -4.07589, 40.32603 ], [ -4.07587, 40.32513 ], [ -4.07586, 40.32423 ], [ -4.07702, 40.32332 ], [ -4.07701, 40.32242 ], [ -4.07699, 40.32152 ], [ -4.07698, 40.32062 ], [ -4.07815, 40.32061 ], [ -4.07814, 40.3197 ], [ -4.07932, 40.31969 ], [ -4.0793, 40.31879 ], [ -4.07929, 40.31789 ], [ -4.08047, 40.31788 ], [ -4.08163, 40.31697 ], [ -4.08278, 40.31516 ], [ -4.08276, 40.31426 ], [ -4.08273, 40.31245 ], [ -4.08272, 40.31155 ], [ -4.08269, 40.30975 ], [ -4.08382, 40.30704 ], [ -4.08381, 40.30614 ], [ -4.08497, 40.30523 ], [ -4.08496, 40.30433 ], [ -4.08493, 40.30252 ], [ -4.0861, 40.30251 ], [ -4.08607, 40.30071 ], [ -4.08606, 40.29981 ], [ -4.08722, 40.2989 ], [ -4.08721, 40.298 ], [ -4.08718, 40.2962 ], [ -4.08716, 40.2953 ], [ -4.08715, 40.2944 ], [ -4.08596, 40.29351 ], [ -4.08595, 40.2926 ], [ -4.08593, 40.2917 ], [ -4.08709, 40.29079 ], [ -4.08706, 40.28899 ], [ -4.08821, 40.28718 ], [ -4.08817, 40.28448 ], [ -4.08815, 40.28357 ], [ -4.08696, 40.28269 ], [ -4.08693, 40.28088 ], [ -4.08574, 40.27999 ], [ -4.08455, 40.2791 ], [ -4.08454, 40.2782 ], [ -4.08452, 40.2773 ], [ -4.08448, 40.2746 ], [ -4.08329, 40.27371 ], [ -4.08328, 40.27281 ], [ -4.08326, 40.27191 ], [ -4.08207, 40.27102 ], [ -4.08206, 40.27012 ], [ -4.08088, 40.27013 ], [ -4.08087, 40.26923 ], [ -4.08085, 40.26833 ], [ -4.08084, 40.26743 ], [ -4.08082, 40.26653 ], [ -4.08425, 40.26019 ], [ -4.08538, 40.25747 ], [ -4.08535, 40.25567 ], [ -4.08768, 40.25385 ], [ -4.09001, 40.25293 ], [ -4.09463, 40.24748 ], [ -4.10049, 40.24652 ], [ -4.1028, 40.2438 ], [ -4.10395, 40.24198 ], [ -4.11104, 40.24462 ], [ -4.11222, 40.24461 ], [ -4.1122, 40.24371 ], [ -4.11338, 40.24369 ], [ -4.11455, 40.24368 ], [ -4.11573, 40.24367 ], [ -4.11691, 40.24366 ], [ -4.11808, 40.24365 ], [ -4.11926, 40.24364 ], [ -4.12043, 40.24363 ], [ -4.12161, 40.24362 ], [ -4.12162, 40.24452 ], [ -4.12281, 40.24541 ], [ -4.12399, 40.24539 ], [ -4.124, 40.24629 ], [ -4.12518, 40.24628 ], [ -4.12753, 40.24626 ], [ -4.1311, 40.24893 ], [ -4.13344, 40.248 ], [ -4.14397, 40.2452 ], [ -4.14632, 40.24517 ], [ -4.14869, 40.24605 ], [ -4.14872, 40.24785 ], [ -4.14991, 40.24874 ], [ -4.1511, 40.24963 ], [ -4.14996, 40.25145 ], [ -4.1488, 40.25236 ], [ -4.14767, 40.25507 ], [ -4.14652, 40.25688 ], [ -4.14538, 40.2587 ], [ -4.14423, 40.26051 ], [ -4.14428, 40.26321 ], [ -4.14431, 40.26501 ], [ -4.14669, 40.26679 ], [ -4.14902, 40.26587 ], [ -4.1502, 40.26586 ], [ -4.15022, 40.26676 ], [ -4.15023, 40.26766 ], [ -4.15141, 40.26765 ], [ -4.15258, 40.26764 ], [ -4.1526, 40.26854 ], [ -4.15377, 40.26852 ], [ -4.15495, 40.26851 ], [ -4.15613, 40.2685 ], [ -4.15614, 40.2694 ], [ -4.15733, 40.27029 ], [ -4.15735, 40.27119 ], [ -4.15852, 40.27118 ], [ -4.15851, 40.27028 ], [ -4.15968, 40.27027 ], [ -4.15967, 40.26937 ], [ -4.16084, 40.26935 ], [ -4.16202, 40.26934 ], [ -4.16321, 40.27023 ], [ -4.16439, 40.27022 ], [ -4.1644, 40.27112 ], [ -4.16558, 40.27111 ], [ -4.16559, 40.27201 ], [ -4.16677, 40.272 ], [ -4.16679, 40.2729 ], [ -4.1668, 40.2738 ], [ -4.16798, 40.27379 ], [ -4.16799, 40.27469 ], [ -4.16801, 40.27559 ], [ -4.16922, 40.27738 ], [ -4.17042, 40.27917 ], [ -4.17163, 40.28096 ], [ -4.17164, 40.28186 ], [ -4.17166, 40.28276 ], [ -4.17284, 40.28275 ], [ -4.17285, 40.28365 ], [ -4.17287, 40.28455 ], [ -4.17288, 40.28545 ], [ -4.1729, 40.28635 ], [ -4.17291, 40.28725 ], [ -4.17293, 40.28815 ], [ -4.17175, 40.28816 ] ] ] } },
{ "type": "Feature", "properties": { "ine_code": "28175", "name": "Villamantilla" }, "geometry": { "type": "Polygon", "coordinates": [ [ [ -4.18793, 40.33845 ], [ -4.18675, 40.33846 ], [ -4.18557, 40.33847 ], [ -4.1844, 40.33849 ], [ -4.1832, 40.3376 ], [ -4.18322, 40.3385 ], [ -4.18206, 40.33941 ], [ -4.18209, 40.34121 ], [ -4.18333, 40.3448 ], [ -4.18215, 40.34481 ], [ -4.18217, 40.34572 ], [ -4.18218, 40.34662 ], [ -4.1822, 40.34752 ], [ -4.18222, 40.34842 ], [ -4.18223, 40.34932 ], [ -4.18225, 40.35022 ], [ -4.18107, 40.35023 ], [ -4.18109, 40.35113 ], [ -4.17991, 40.35114 ], [ -4.17873, 40.35116 ], [ -4.17755, 40.35117 ], [ -4.17638, 40.35118 ], [ -4.17639, 40.35208 ], [ -4.17521, 40.35209 ], [ -4.17404, 40.3521 ], [ -4.17405, 40.35301 ], [ -4.17288, 40.35302 ], [ -4.1717, 40.35303 ], [ -4.17171, 40.35393 ], [ -4.17054, 40.35394 ], [ -4.16936, 40.35395 ], [ -4.16818, 40.35397 ], [ -4.167, 40.35398 ], [ -4.16583, 40.35399 ], [ -4.16467, 40.3549 ], [ -4.16349, 40.35491 ], [ -4.1623, 40.35402 ], [ -4.16112, 40.35404 ], [ -4.15994, 40.35405 ], [ -4.15876, 40.35406 ], [ -4.15759, 40.35407 ], [ -4.15641, 40.35408 ], [ -4.15523, 40.3541 ], [ -4.15525, 40.355 ], [ -4.15407, 40.35501 ], [ -4.15289, 40.35502 ], [ -4.15291, 40.35592 ], [ -4.15173, 40.35593 ], [ -4.15055, 40.35594 ], [ -4.15057, 40.35684 ], [ -4.15174, 40.35683 ], [ -4.15176, 40.35773 ], [ -4.15178, 40.35863 ], [ -4.15179, 40.35954 ], [ -4.15181, 40.36044 ], [ -4.15182, 40.36134 ], [ -4.15184, 40.36224 ], [ -4.15066, 40.36225 ], [ -4.15067, 40.36315 ], [ -4.1495, 40.36316 ], [ -4.14951, 40.36406 ], [ -4.14833, 40.36407 ], [ -4.14835, 40.36497 ], [ -4.14717, 40.36499 ], [ -4.14599, 40.365 ], [ -4.14482, 40.36501 ], [ -4.14364, 40.36502 ], [ -4.14365, 40.36592 ], [ -4.14248, 40.36593 ], [ -4.14131, 40.36685 ], [ -4.14014, 40.36686 ], [ -4.14015, 40.36776 ], [ -4.13897, 40.36777 ], [ -4.1378, 40.36778 ], [ -4.13781, 40.36868 ], [ -4.13665, 40.3696 ], [ -4.13547, 40.36961 ], [ -4.13546, 40.36871 ], [ -4.13428, 40.36872 ], [ -4.13426, 40.36782 ], [ -4.13425, 40.36692 ], [ -4.13307, 40.36693 ], [ -4.13189, 40.36694 ], [ -4.13072, 40.36695 ], [ -4.12954, 40.36696 ], [ -4.12836, 40.36697 ], [ -4.12835, 40.36607 ], [ -4.12717, 40.36608 ], [ -4.12599, 40.3661 ], [ -4.12598, 40.36519 ], [ -4.1248, 40.36521 ], [ -4.12362, 40.36522 ], [ -4.12361, 40.36432 ], [ -4.12243, 40.36433 ], [ -4.12125, 40.36434 ], [ -4.12007, 40.36435 ], [ -4.1189, 40.36436 ], [ -4.11888, 40.36346 ], [ -4.11887, 40.36256 ], [ -4.11885, 40.36166 ], [ -4.11884, 40.36076 ], [ -4.11882, 40.35986 ], [ -4.11881, 40.35896 ], [ -4.11998, 40.35895 ], [ -4.11997, 40.35805 ], [ -4.11879, 40.35806 ], [ -4.11878, 40.35716 ], [ -4.11283, 40.35361 ], [ -4.11162, 40.35182 ], [ -4.11161, 40.35092 ], [ -4.11159, 40.35002 ], [ -4.11158, 40.34912 ], [ -4.11156, 40.34822 ], [ -4.11039, 40.34823 ], [ -4.11037, 40.34733 ], [ -4.10919, 40.34734 ], [ -4.11033, 40.34463 ], [ -4.10797, 40.34465 ], [ -4.10557, 40.34197 ], [ -4.10556, 40.34107 ], [ -4.10554, 40.34017 ], [ -4.10552, 40.33837 ], [ -4.10312, 40.33569 ], [ -4.1031, 40.33478 ], [ -4.10428, 40.33477 ], [ -4.10546, 40.33476 ], [ -4.10544, 40.33386 ], [ -4.10662, 40.33385 ], [ -4.1078, 40.33384 ], [ -4.10777, 40.33204 ], [ -4.10775, 40.33114 ], [ -4.10893, 40.33113 ], [ -4.10894, 40.33203 ], [ -4.11012, 40.33202 ], [ -4.11011, 40.33111 ], [ -4.11128, 40.3311 ], [ -4.11127, 40.3302 ], [ -4.11125, 40.3293 ], [ -4.11124, 40.3284 ], [ -4.11242, 40.32839 ], [ -4.11359, 40.32838 ], [ -4.11477, 40.32837 ], [ -4.11475, 40.32747 ], [ -4.11593, 40.32745 ], [ -4.11592, 40.32655 ], [ -4.11709, 40.32654 ], [ -4.11827, 40.32653 ], [ -4.11826, 40.32563 ], [ -4.11943, 40.32562 ], [ -4.11942, 40.32472 ], [ -4.12059, 40.32471 ], [ -4.12177, 40.3247 ], [ -4.12176, 40.32379 ], [ -4.12174, 40.32289 ], [ -4.12173, 40.32199 ], [ -4.1229, 40.32198 ], [ -4.12408, 40.32197 ], [ -4.12526, 40.32196 ], [ -4.12643, 40.32195 ], [ -4.12761, 40.32194 ], [ -4.12763, 40.32284 ], [ -4.12764, 40.32374 ], [ -4.12882, 40.32373 ], [ -4.12999, 40.32371 ], [ -4.13001, 40.32462 ], [ -4.13119, 40.3246 ], [ -4.13236, 40.32459 ], [ -4.13354, 40.32458 ], [ -4.1347, 40.32367 ], [ -4.13588, 40.32366 ], [ -4.13586, 40.32276 ], [ -4.13704, 40.32274 ], [ -4.13822, 40.32273 ], [ -4.1382, 40.32183 ], [ -4.13938, 40.32182 ], [ -4.13939, 40.32272 ], [ -4.14057, 40.32271 ], [ -4.14059, 40.32361 ], [ -4.14176, 40.3236 ], [ -4.14175, 40.3227 ], [ -4.14292, 40.32269 ], [ -4.1441, 40.32267 ], [ -4.14412, 40.32358 ], [ -4.14529, 40.32356 ], [ -4.14647, 40.32355 ], [ -4.14649, 40.32445 ], [ -4.1465, 40.32535 ], [ -4.14769, 40.32624 ], [ -4.14887, 40.32623 ], [ -4.14889, 40.32713 ], [ -4.15006, 40.32712 ], [ -4.15124, 40.32711 ], [ -4.15242, 40.3271 ], [ -4.15243, 40.328 ], [ -4.15361, 40.32799 ], [ -4.15359, 40.32709 ], [ -4.15477, 40.32707 ], [ -4.15595, 40.32706 ], [ -4.15712, 40.32705 ], [ -4.1583, 40.32704 ], [ -4.15948, 40.32703 ], [ -4.16067, 40.32792 ], [ -4.16069, 40.32882 ], [ -4.16186, 40.3288 ], [ -4.16304, 40.32879 ], [ -4.16422, 40.32878 ], [ -4.16539, 40.32877 ], [ -4.16538, 40.32787 ], [ -4.16536, 40.32697 ], [ -4.16652, 40.32605 ], [ -4.16651, 40.32515 ], [ -4.16768, 40.32514 ], [ -4.16767, 40.32424 ], [ -4.16765, 40.32334 ], [ -4.16883, 40.32333 ], [ -4.16882, 40.32243 ], [ -4.1688, 40.32153 ], [ -4.16878, 40.32063 ], [ -4.16877, 40.31973 ], [ -4.16875, 40.31882 ], [ -4.16993, 40.31881 ], [ -4.17112, 40.3197 ], [ -4.17231, 40.32059 ], [ -4.17352, 40.32238 ], [ -4.17471, 40.32327 ], [ -4.17592, 40.32506 ], [ -4.17713, 40.32685 ], [ -4.18187, 40.3286 ], [ -4.18427, 40.33128 ], [ -4.1855, 40.33397 ], [ -4.18791, 40.33755 ], [ -4.18793, 40.33845 ] ] ] } },
{ "type": "Feature", "properties": { "ine_code": "28176", "name": "Villanueva de la Cañada" }, "geometry": { "type": "MultiPolygon", "coordinates": [ [ [ [ -4.028, 40.42827 ], [ -4.02684, 40.42918 ], [ -4.02922, 40.43096 ], [ -4.02924, 40.43186 ], [ -4.03043, 40.43275 ], [ -4.03163, 40.43454 ], [ -4.03165, 40.43544 ], [ -4.03168, 40.43725 ], [ -4.03288, 40.43904 ], [ -4.0329, 40.43994 ], [ -4.03057, 40.44176 ], [ -4.03295, 40.44354 ], [ -4.03412, 40.44263 ], [ -4.03769, 40.4453 ], [ -4.04129, 40.44887 ], [ -4.0437, 40.45245 ], [ -4.04371, 40.45335 ], [ -4.04373, 40.45425 ], [ -4.04374, 40.45515 ], [ -4.04376, 40.45606 ], [ -4.04258, 40.45607 ], [ -4.0414, 40.45608 ], [ -4.04141, 40.45698 ], [ -4.04143, 40.45788 ], [ -4.04025, 40.45789 ], [ -4.04026, 40.45879 ], [ -4.03908, 40.4588 ], [ -4.0379, 40.45881 ], [ -4.03792, 40.45971 ], [ -4.03674, 40.45972 ], [ -4.03672, 40.45882 ], [ -4.03554, 40.45883 ], [ -4.03436, 40.45884 ], [ -4.03435, 40.45794 ], [ -4.03317, 40.45795 ], [ -4.03319, 40.45885 ], [ -4.03201, 40.45886 ], [ -4.03083, 40.45887 ], [ -4.02965, 40.45888 ], [ -4.02847, 40.4589 ], [ -4.02848, 40.4598 ], [ -4.0273, 40.45981 ], [ -4.02732, 40.46071 ], [ -4.02733, 40.46161 ], [ -4.02734, 40.46251 ], [ -4.02616, 40.46252 ], [ -4.02499, 40.46253 ], [ -4.025, 40.46343 ], [ -4.02382, 40.46344 ], [ -4.02152, 40.46706 ], [ -4.018, 40.4689 ], [ -4.01449, 40.47073 ], [ -4.00979, 40.47167 ], [ -4.00978, 40.47077 ], [ -4.0086, 40.47078 ], [ -4.00743, 40.47169 ], [ -4.00625, 40.4717 ], [ -4.00507, 40.47171 ], [ -4.00508, 40.47261 ], [ -4.0039, 40.47262 ], [ -4.00273, 40.47263 ], [ -4.00155, 40.47264 ], [ -4.00037, 40.47266 ], [ -3.99919, 40.47267 ], [ -3.99801, 40.47268 ], [ -3.99799, 40.47177 ], [ -3.99681, 40.47178 ], [ -3.99683, 40.47269 ], [ -3.99447, 40.47271 ], [ -3.99329, 40.47272 ], [ -3.99328, 40.47182 ], [ -3.9921, 40.47183 ], [ -3.99092, 40.47184 ], [ -3.9909, 40.47093 ], [ -3.98972, 40.47094 ], [ -3.98971, 40.47004 ], [ -3.9897, 40.46914 ], [ -3.98852, 40.46915 ], [ -3.98734, 40.46916 ], [ -3.98733, 40.46826 ], [ -3.98731, 40.46736 ], [ -3.9873, 40.46646 ], [ -3.98612, 40.46647 ], [ -3.98494, 40.46648 ], [ -3.98493, 40.46558 ], [ -3.98491, 40.46468 ], [ -3.9849, 40.46378 ], [ -3.98372, 40.46379 ], [ -3.98371, 40.46289 ], [ -3.98253, 40.4629 ], [ -3.98252, 40.462 ], [ -3.98134, 40.46201 ], [ -3.98132, 40.46111 ], [ -3.98014, 40.46112 ], [ -3.98013, 40.46022 ], [ -3.98012, 40.45932 ], [ -3.98011, 40.45841 ], [ -3.97893, 40.45842 ], [ -3.97891, 40.45752 ], [ -3.97773, 40.45753 ], [ -3.97772, 40.45663 ], [ -3.97771, 40.45573 ], [ -3.97769, 40.45483 ], [ -3.9765, 40.45394 ], [ -3.97535, 40.45575 ], [ -3.97421, 40.45846 ], [ -3.97186, 40.45939 ], [ -3.9707, 40.4603 ], [ -3.96718, 40.46213 ], [ -3.96602, 40.46304 ], [ -3.96369, 40.46486 ], [ -3.96135, 40.46668 ], [ -3.96017, 40.46669 ], [ -3.96019, 40.46759 ], [ -3.95903, 40.4694 ], [ -3.95785, 40.46941 ], [ -3.95667, 40.46942 ], [ -3.95669, 40.47032 ], [ -3.95551, 40.47033 ], [ -3.95433, 40.47034 ], [ -3.95315, 40.47035 ], [ -3.94961, 40.47038 ], [ -3.94845, 40.47219 ], [ -3.94729, 40.4731 ], [ -3.94735, 40.47761 ], [ -3.945, 40.47853 ], [ -3.94504, 40.48123 ], [ -3.9439, 40.48394 ], [ -3.94272, 40.48395 ], [ -3.94273, 40.48485 ], [ -3.93918, 40.48398 ], [ -3.938, 40.48399 ], [ -3.93683, 40.4849 ], [ -3.93682, 40.484 ], [ -3.93681, 40.4831 ], [ -3.9368, 40.4822 ], [ -3.93678, 40.4813 ], [ -3.93677, 40.4804 ], [ -3.93676, 40.47949 ], [ -3.93675, 40.47859 ], [ -3.93673, 40.47769 ], [ -3.93791, 40.47768 ], [ -3.9379, 40.47678 ], [ -3.93789, 40.47588 ], [ -3.93788, 40.47498 ], [ -3.93786, 40.47408 ], [ -3.93904, 40.47407 ], [ -3.93903, 40.47317 ], [ -3.93785, 40.47318 ], [ -3.93784, 40.47228 ], [ -3.93783, 40.47138 ], [ -3.93781, 40.47048 ], [ -3.9378, 40.46958 ], [ -3.93779, 40.46868 ], [ -3.93661, 40.46868 ], [ -3.9366, 40.46778 ], [ -3.93778, 40.46777 ], [ -3.93776, 40.46687 ], [ -3.93894, 40.46686 ], [ -3.93893, 40.46596 ], [ -3.9401, 40.46505 ], [ -3.94009, 40.46415 ], [ -3.93891, 40.46416 ], [ -3.93889, 40.46326 ], [ -3.93888, 40.46236 ], [ -3.93887, 40.46146 ], [ -3.93886, 40.46056 ], [ -3.94003, 40.46055 ], [ -3.94002, 40.45965 ], [ -3.9412, 40.45964 ], [ -3.94119, 40.45874 ], [ -3.94237, 40.45873 ], [ -3.94236, 40.45783 ], [ -3.94354, 40.45782 ], [ -3.94352, 40.45692 ], [ -3.9447, 40.45691 ], [ -3.94469, 40.45601 ], [ -3.94468, 40.45511 ], [ -3.94466, 40.45421 ], [ -3.94583, 40.45329 ], [ -3.94582, 40.45239 ], [ -3.947, 40.45238 ], [ -3.94698, 40.45148 ], [ -3.94816, 40.45147 ], [ -3.94934, 40.45146 ], [ -3.94933, 40.45056 ], [ -3.94932, 40.44966 ], [ -3.9493, 40.44876 ], [ -3.94929, 40.44786 ], [ -3.94928, 40.44696 ], [ -3.94927, 40.44606 ], [ -3.95045, 40.44605 ], [ -3.95162, 40.44604 ], [ -3.95161, 40.44514 ], [ -3.95041, 40.44335 ], [ -3.95039, 40.44245 ], [ -3.95038, 40.44155 ], [ -3.95037, 40.44065 ], [ -3.95155, 40.44064 ], [ -3.95154, 40.43973 ], [ -3.95152, 40.43883 ], [ -3.9527, 40.43882 ], [ -3.95269, 40.43792 ], [ -3.95268, 40.43702 ], [ -3.9515, 40.43703 ], [ -3.95149, 40.43613 ], [ -3.95147, 40.43523 ], [ -3.95146, 40.43433 ], [ -3.95145, 40.43343 ], [ -3.95143, 40.43253 ], [ -3.95261, 40.43252 ], [ -3.9526, 40.43162 ], [ -3.95259, 40.43072 ], [ -3.95257, 40.42982 ], [ -3.95256, 40.42892 ], [ -3.95255, 40.42801 ], [ -3.95254, 40.42711 ], [ -3.95252, 40.42621 ], [ -3.95251, 40.42531 ], [ -3.95133, 40.42532 ], [ -3.95014, 40.42443 ], [ -3.94895, 40.42354 ], [ -3.94777, 40.42355 ], [ -3.94776, 40.42265 ], [ -3.94657, 40.42176 ], [ -3.94655, 40.42086 ], [ -3.94654, 40.41996 ], [ -3.94772, 40.41995 ], [ -3.94771, 40.41905 ], [ -3.9477, 40.41814 ], [ -3.94887, 40.41814 ], [ -3.94886, 40.41723 ], [ -3.94885, 40.41633 ], [ -3.94884, 40.41543 ], [ -3.94882, 40.41453 ], [ -3.94881, 40.41363 ], [ -3.9488, 40.41273 ], [ -3.94879, 40.41183 ], [ -3.94877, 40.41093 ], [ -3.94759, 40.41094 ], [ -3.94758, 40.41004 ], [ -3.94757, 40.40914 ], [ -3.94756, 40.40824 ], [ -3.95109, 40.40821 ], [ -3.95227, 40.4082 ], [ -3.95345, 40.40819 ], [ -3.95346, 40.40909 ], [ -3.95464, 40.40908 ], [ -3.95465, 40.40998 ], [ -3.95583, 40.40997 ], [ -3.95584, 40.41087 ], [ -3.95702, 40.41086 ], [ -3.9582, 40.41085 ], [ -3.95821, 40.41175 ], [ -3.96057, 40.41173 ], [ -3.96058, 40.41263 ], [ -3.96176, 40.41262 ], [ -3.96771, 40.41618 ], [ -3.9689, 40.41707 ], [ -3.97248, 40.42064 ], [ -3.97487, 40.42242 ], [ -3.97728, 40.42601 ], [ -3.97849, 40.4287 ], [ -3.97851, 40.4296 ], [ -3.97852, 40.4305 ], [ -3.97853, 40.4314 ], [ -3.97855, 40.4323 ], [ -3.97856, 40.4332 ], [ -3.97857, 40.4341 ], [ -3.97978, 40.4359 ], [ -3.98212, 40.43497 ], [ -3.98214, 40.43588 ], [ -3.98331, 40.43587 ], [ -3.9833, 40.43496 ], [ -3.98329, 40.43406 ], [ -3.98447, 40.43405 ], [ -3.98445, 40.43315 ], [ -3.98563, 40.43314 ], [ -3.98681, 40.43313 ], [ -3.98799, 40.43312 ], [ -3.98917, 40.43311 ], [ -3.9915, 40.43129 ], [ -3.99386, 40.43127 ], [ -3.99622, 40.43125 ], [ -3.99859, 40.43213 ], [ -4.00212, 40.4321 ], [ -4.00214, 40.433 ], [ -4.00449, 40.43298 ], [ -4.00569, 40.43387 ], [ -4.00807, 40.43565 ], [ -4.01161, 40.43562 ], [ -4.01514, 40.43559 ], [ -4.01867, 40.43466 ], [ -4.01983, 40.43375 ], [ -4.02212, 40.42922 ], [ -4.02449, 40.4301 ], [ -4.02566, 40.42919 ], [ -4.02564, 40.42829 ], [ -4.028, 40.42827 ] ] ] ] } },
{ "type": "Feature", "properties": { "ine_code": "28177", "name": "Villanueva del Pardillo" }, "geometry": { "type": "MultiPolygon", "coordinates": [ [ [ [ -4.00058, 40.48707 ], [ -4.00059, 40.48797 ], [ -3.99941, 40.48798 ], [ -3.99943, 40.48888 ], [ -4.00061, 40.48887 ], [ -4.00062, 40.48977 ], [ -3.99944, 40.48978 ], [ -3.99945, 40.49068 ], [ -3.99827, 40.49069 ], [ -3.99829, 40.49159 ], [ -3.9983, 40.49249 ], [ -3.99831, 40.49339 ], [ -3.99713, 40.4934 ], [ -3.99715, 40.4943 ], [ -3.99597, 40.49431 ], [ -3.99598, 40.49522 ], [ -3.99599, 40.49612 ], [ -3.99601, 40.49702 ], [ -3.99602, 40.49792 ], [ -3.99603, 40.49882 ], [ -3.99485, 40.49883 ], [ -3.99487, 40.49973 ], [ -3.99488, 40.50063 ], [ -3.99489, 40.50153 ], [ -3.99373, 40.50244 ], [ -3.99257, 40.50425 ], [ -3.99023, 40.50517 ], [ -3.98792, 40.5088 ], [ -3.98678, 40.51151 ], [ -3.98679, 40.51241 ], [ -3.98681, 40.51331 ], [ -3.98565, 40.51512 ], [ -3.9845, 40.51693 ], [ -3.98214, 40.51695 ], [ -3.98097, 40.51787 ], [ -3.97743, 40.5179 ], [ -3.97507, 40.51792 ], [ -3.97389, 40.51793 ], [ -3.97271, 40.51794 ], [ -3.97153, 40.51795 ], [ -3.97036, 40.51886 ], [ -3.96918, 40.51887 ], [ -3.968, 40.51888 ], [ -3.96682, 40.51889 ], [ -3.96564, 40.5189 ], [ -3.96563, 40.51799 ], [ -3.96445, 40.518 ], [ -3.96443, 40.5171 ], [ -3.96325, 40.51711 ], [ -3.96324, 40.51621 ], [ -3.96206, 40.51622 ], [ -3.96088, 40.51623 ], [ -3.9597, 40.51624 ], [ -3.95852, 40.51625 ], [ -3.95851, 40.51535 ], [ -3.95733, 40.51536 ], [ -3.95731, 40.51446 ], [ -3.95613, 40.51447 ], [ -3.95612, 40.51357 ], [ -3.95494, 40.51358 ], [ -3.95376, 40.51359 ], [ -3.95375, 40.51269 ], [ -3.95255, 40.5118 ], [ -3.95254, 40.5109 ], [ -3.95136, 40.51091 ], [ -3.95018, 40.51092 ], [ -3.95017, 40.51001 ], [ -3.94899, 40.51002 ], [ -3.94781, 40.51003 ], [ -3.94663, 40.51004 ], [ -3.94661, 40.50914 ], [ -3.94543, 40.50915 ], [ -3.94542, 40.50825 ], [ -3.94424, 40.50826 ], [ -3.94306, 40.50827 ], [ -3.94188, 40.50828 ], [ -3.9407, 40.50829 ], [ -3.93952, 40.5083 ], [ -3.93834, 40.50831 ], [ -3.93716, 40.50832 ], [ -3.93717, 40.50922 ], [ -3.93599, 40.50923 ], [ -3.93598, 40.50833 ], [ -3.93597, 40.50743 ], [ -3.93479, 40.50744 ], [ -3.93478, 40.50654 ], [ -3.93476, 40.50564 ], [ -3.93475, 40.50474 ], [ -3.93474, 40.50383 ], [ -3.93473, 40.50293 ], [ -3.93471, 40.50203 ], [ -3.9347, 40.50113 ], [ -3.93352, 40.50114 ], [ -3.93351, 40.50024 ], [ -3.93468, 40.49933 ], [ -3.93466, 40.49843 ], [ -3.93584, 40.49842 ], [ -3.93583, 40.49752 ], [ -3.93582, 40.49662 ], [ -3.93581, 40.49572 ], [ -3.93579, 40.49482 ], [ -3.93697, 40.49481 ], [ -3.93696, 40.49391 ], [ -3.93695, 40.49301 ], [ -3.93694, 40.49211 ], [ -3.93574, 40.49121 ], [ -3.93573, 40.49031 ], [ -3.93572, 40.48941 ], [ -3.93571, 40.48851 ], [ -3.93689, 40.4885 ], [ -3.93687, 40.4876 ], [ -3.93686, 40.4867 ], [ -3.93685, 40.4858 ], [ -3.93683, 40.4849 ], [ -3.938, 40.48399 ], [ -3.93918, 40.48398 ], [ -3.94273, 40.48485 ], [ -3.94272, 40.48395 ], [ -3.9439, 40.48394 ], [ -3.94504, 40.48123 ], [ -3.945, 40.47853 ], [ -3.94735, 40.47761 ], [ -3.94729, 40.4731 ], [ -3.94845, 40.47219 ], [ -3.94961, 40.47038 ], [ -3.95315, 40.47035 ], [ -3.95433, 40.47034 ], [ -3.95551, 40.47033 ], [ -3.95669, 40.47032 ], [ -3.95667, 40.46942 ], [ -3.95785, 40.46941 ], [ -3.95903, 40.4694 ], [ -3.96019, 40.46759 ], [ -3.96017, 40.46669 ], [ -3.96135, 40.46668 ], [ -3.96369, 40.46486 ], [ -3.96602, 40.46304 ], [ -3.96718, 40.46213 ], [ -3.9707, 40.4603 ], [ -3.97186, 40.45939 ], [ -3.97421, 40.45846 ], [ -3.97535, 40.45575 ], [ -3.9765, 40.45394 ], [ -3.97769, 40.45483 ], [ -3.97771, 40.45573 ], [ -3.97772, 40.45663 ], [ -3.97773, 40.45753 ], [ -3.97891, 40.45752 ], [ -3.97893, 40.45842 ], [ -3.98011, 40.45841 ], [ -3.98012, 40.45932 ], [ -3.98013, 40.46022 ], [ -3.98014, 40.46112 ], [ -3.98132, 40.46111 ], [ -3.98134, 40.46201 ], [ -3.98252, 40.462 ], [ -3.98253, 40.4629 ], [ -3.98371, 40.46289 ], [ -3.98372, 40.46379 ], [ -3.9849, 40.46378 ], [ -3.98491, 40.46468 ], [ -3.98493, 40.46558 ], [ -3.98494, 40.46648 ], [ -3.98612, 40.46647 ], [ -3.9873, 40.46646 ], [ -3.98731, 40.46736 ], [ -3.98733, 40.46826 ], [ -3.98734, 40.46916 ], [ -3.98852, 40.46915 ], [ -3.9897, 40.46914 ], [ -3.98971, 40.47004 ], [ -3.98972, 40.47094 ], [ -3.9909, 40.47093 ], [ -3.99092, 40.47184 ], [ -3.9921, 40.47183 ], [ -3.99328, 40.47182 ], [ -3.99329, 40.47272 ], [ -3.99214, 40.47453 ], [ -3.99215, 40.47543 ], [ -3.99333, 40.47542 ], [ -3.99334, 40.47632 ], [ -3.99452, 40.47631 ], [ -3.99454, 40.47721 ], [ -3.99455, 40.47811 ], [ -3.99573, 40.4781 ], [ -3.99574, 40.479 ], [ -3.99692, 40.47899 ], [ -3.99693, 40.47989 ], [ -3.99811, 40.47988 ], [ -3.99929, 40.47987 ], [ -3.99931, 40.48077 ], [ -3.99932, 40.48167 ], [ -4.00051, 40.48256 ], [ -4.00053, 40.48346 ], [ -4.00054, 40.48437 ], [ -4.00055, 40.48527 ], [ -4.00057, 40.48617 ], [ -4.00058, 40.48707 ] ] ], [ [ [ -3.94427, 40.51006 ], [ -3.94425, 40.50916 ], [ -3.94543, 40.50915 ], [ -3.94545, 40.51005 ], [ -3.94427, 40.51006 ] ] ] ] } },
{ "type": "Feature", "properties": { "ine_code": "28178", "name": "Villanueva de Perales" }, "geometry": { "type": "MultiPolygon", "coordinates": [ [ [ [ -4.13549, 40.37051 ], [ -4.1355, 40.37141 ], [ -4.13432, 40.37142 ], [ -4.13434, 40.37232 ], [ -4.13316, 40.37233 ], [ -4.13318, 40.37323 ], [ -4.132, 40.37324 ], [ -4.13082, 40.37326 ], [ -4.13084, 40.37416 ], [ -4.12967, 40.37507 ], [ -4.1285, 40.37508 ], [ -4.12851, 40.37598 ], [ -4.12733, 40.37599 ], [ -4.12735, 40.37689 ], [ -4.12617, 40.3769 ], [ -4.12619, 40.37781 ], [ -4.12501, 40.37782 ], [ -4.12383, 40.37783 ], [ -4.12385, 40.37873 ], [ -4.12267, 40.37874 ], [ -4.12265, 40.37784 ], [ -4.12147, 40.37785 ], [ -4.1203, 40.37786 ], [ -4.12031, 40.37876 ], [ -4.11913, 40.37877 ], [ -4.11915, 40.37968 ], [ -4.11916, 40.38058 ], [ -4.118, 40.38149 ], [ -4.11802, 40.38239 ], [ -4.11685, 40.3833 ], [ -4.11687, 40.3842 ], [ -4.11688, 40.3851 ], [ -4.1157, 40.38511 ], [ -4.11572, 40.38601 ], [ -4.11573, 40.38692 ], [ -4.11456, 40.38693 ], [ -4.11457, 40.38783 ], [ -4.11339, 40.38784 ], [ -4.11341, 40.38874 ], [ -4.11223, 40.38875 ], [ -4.11224, 40.38965 ], [ -4.11107, 40.38966 ], [ -4.11108, 40.39056 ], [ -4.11354, 40.39685 ], [ -4.1136, 40.40045 ], [ -4.11245, 40.40226 ], [ -4.10892, 40.4023 ], [ -4.10775, 40.40321 ], [ -4.10306, 40.40415 ], [ -4.10188, 40.40417 ], [ -4.10186, 40.40326 ], [ -4.10068, 40.40328 ], [ -4.09951, 40.40329 ], [ -4.09949, 40.40239 ], [ -4.09831, 40.4024 ], [ -4.09833, 40.4033 ], [ -4.09715, 40.40331 ], [ -4.09597, 40.40332 ], [ -4.09479, 40.40333 ], [ -4.09478, 40.40243 ], [ -4.0936, 40.40244 ], [ -4.09359, 40.40154 ], [ -4.09241, 40.40155 ], [ -4.09123, 40.40156 ], [ -4.09005, 40.40157 ], [ -4.09007, 40.40248 ], [ -4.08889, 40.40249 ], [ -4.08887, 40.40159 ], [ -4.08768, 40.4007 ], [ -4.08767, 40.3998 ], [ -4.08649, 40.39981 ], [ -4.0865, 40.40071 ], [ -4.08532, 40.40072 ], [ -4.08415, 40.40073 ], [ -4.08297, 40.40074 ], [ -4.08295, 40.39984 ], [ -4.08294, 40.39894 ], [ -4.08176, 40.39895 ], [ -4.08058, 40.39896 ], [ -4.08057, 40.39806 ], [ -4.07939, 40.39807 ], [ -4.07821, 40.39808 ], [ -4.07703, 40.39809 ], [ -4.07586, 40.3981 ], [ -4.07469, 40.39902 ], [ -4.07351, 40.39903 ], [ -4.0735, 40.39813 ], [ -4.07232, 40.39814 ], [ -4.07231, 40.39724 ], [ -4.07113, 40.39725 ], [ -4.06995, 40.39726 ], [ -4.06876, 40.39637 ], [ -4.06758, 40.39638 ], [ -4.06757, 40.39548 ], [ -4.06755, 40.39458 ], [ -4.06637, 40.39459 ], [ -4.06636, 40.39369 ], [ -4.06518, 40.3937 ], [ -4.064, 40.39371 ], [ -4.06399, 40.39281 ], [ -4.06397, 40.39191 ], [ -4.0628, 40.39192 ], [ -4.0616, 40.39103 ], [ -4.06043, 40.39104 ], [ -4.06041, 40.39014 ], [ -4.05923, 40.39015 ], [ -4.05806, 40.39016 ], [ -4.05804, 40.38926 ], [ -4.05686, 40.38927 ], [ -4.05685, 40.38837 ], [ -4.05567, 40.38838 ], [ -4.05449, 40.38839 ], [ -4.05451, 40.38929 ], [ -4.05333, 40.3893 ], [ -4.05215, 40.38931 ], [ -4.05097, 40.38932 ], [ -4.05096, 40.38842 ], [ -4.04978, 40.38843 ], [ -4.0486, 40.38844 ], [ -4.04743, 40.38846 ], [ -4.04625, 40.38847 ], [ -4.04386, 40.38669 ], [ -4.04148, 40.38491 ], [ -4.03908, 40.38222 ], [ -4.03788, 40.38043 ], [ -4.03905, 40.38042 ], [ -4.04023, 40.38041 ], [ -4.04141, 40.3804 ], [ -4.0414, 40.3795 ], [ -4.04257, 40.37949 ], [ -4.04492, 40.37857 ], [ -4.04608, 40.37766 ], [ -4.04726, 40.37765 ], [ -4.04964, 40.37943 ], [ -4.05081, 40.37852 ], [ -4.05197, 40.3776 ], [ -4.05195, 40.3767 ], [ -4.0543, 40.37578 ], [ -4.05665, 40.37576 ], [ -4.05899, 40.37484 ], [ -4.06016, 40.37393 ], [ -4.06129, 40.37121 ], [ -4.06128, 40.37031 ], [ -4.06246, 40.3703 ], [ -4.06477, 40.36758 ], [ -4.0671, 40.36575 ], [ -4.06826, 40.36484 ], [ -4.07059, 40.36302 ], [ -4.07174, 40.36121 ], [ -4.07054, 40.36032 ], [ -4.07171, 40.3594 ], [ -4.07288, 40.35939 ], [ -4.07405, 40.35848 ], [ -4.07522, 40.35847 ], [ -4.0764, 40.35846 ], [ -4.07639, 40.35756 ], [ -4.07636, 40.35576 ], [ -4.07518, 40.35577 ], [ -4.07398, 40.35398 ], [ -4.07512, 40.35217 ], [ -4.07629, 40.35125 ], [ -4.0751, 40.35036 ], [ -4.07626, 40.34945 ], [ -4.07508, 40.34946 ], [ -4.07507, 40.34856 ], [ -4.07505, 40.34766 ], [ -4.07504, 40.34676 ], [ -4.07502, 40.34586 ], [ -4.075, 40.34406 ], [ -4.07498, 40.34316 ], [ -4.07497, 40.34226 ], [ -4.07614, 40.34225 ], [ -4.07616, 40.34315 ], [ -4.07734, 40.34314 ], [ -4.07732, 40.34224 ], [ -4.0785, 40.34222 ], [ -4.07848, 40.34132 ], [ -4.07966, 40.34131 ], [ -4.08084, 40.3413 ], [ -4.08085, 40.3422 ], [ -4.08203, 40.34219 ], [ -4.08321, 40.34218 ], [ -4.0844, 40.34307 ], [ -4.08558, 40.34306 ], [ -4.08556, 40.34216 ], [ -4.08674, 40.34215 ], [ -4.08792, 40.34214 ], [ -4.0879, 40.34124 ], [ -4.08908, 40.34122 ], [ -4.08906, 40.34032 ], [ -4.08905, 40.33942 ], [ -4.08904, 40.33852 ], [ -4.09021, 40.33851 ], [ -4.09139, 40.3385 ], [ -4.09138, 40.3376 ], [ -4.09255, 40.33759 ], [ -4.09254, 40.33669 ], [ -4.09604, 40.33485 ], [ -4.09839, 40.33483 ], [ -4.09957, 40.33482 ], [ -4.10194, 40.3357 ], [ -4.10312, 40.33569 ], [ -4.10552, 40.33837 ], [ -4.10554, 40.34017 ], [ -4.10556, 40.34107 ], [ -4.10557, 40.34197 ], [ -4.10797, 40.34465 ], [ -4.11033, 40.34463 ], [ -4.10919, 40.34734 ], [ -4.11037, 40.34733 ], [ -4.11039, 40.34823 ], [ -4.11156, 40.34822 ], [ -4.11158, 40.34912 ], [ -4.11159, 40.35002 ], [ -4.11161, 40.35092 ], [ -4.11162, 40.35182 ], [ -4.11283, 40.35361 ], [ -4.11878, 40.35716 ], [ -4.11879, 40.35806 ], [ -4.11997, 40.35805 ], [ -4.11998, 40.35895 ], [ -4.11881, 40.35896 ], [ -4.11882, 40.35986 ], [ -4.11884, 40.36076 ], [ -4.11885, 40.36166 ], [ -4.11887, 40.36256 ], [ -4.11888, 40.36346 ], [ -4.1189, 40.36436 ], [ -4.12007, 40.36435 ], [ -4.12125, 40.36434 ], [ -4.12243, 40.36433 ], [ -4.12361, 40.36432 ], [ -4.12362, 40.36522 ], [ -4.1248, 40.36521 ], [ -4.12598, 40.36519 ], [ -4.12599, 40.3661 ], [ -4.12717, 40.36608 ], [ -4.12835, 40.36607 ], [ -4.12836, 40.36697 ], [ -4.12954, 40.36696 ], [ -4.13072, 40.36695 ], [ -4.13189, 40.36694 ], [ -4.13307, 40.36693 ], [ -4.13425, 40.36692 ], [ -4.13426, 40.36782 ], [ -4.13428, 40.36872 ], [ -4.13546, 40.36871 ], [ -4.13547, 40.36961 ], [ -4.13665, 40.3696 ], [ -4.13666, 40.3705 ], [ -4.13549, 40.37051 ] ] ], [ [ [ -4.03551, 40.37955 ], [ -4.03549, 40.37865 ], [ -4.03785, 40.37863 ], [ -4.03786, 40.37953 ], [ -4.03788, 40.38043 ], [ -4.0367, 40.38044 ], [ -4.03551, 40.37955 ] ] ] ] } },
{ "type": "Feature", "properties": { "ine_code": "28179", "name": "Villar del Olmo" }, "geometry": { "type": "Polygon", "coordinates": [ [ [ -3.28725, 40.33428 ], [ -3.28491, 40.33699 ], [ -3.28257, 40.3397 ], [ -3.28023, 40.34421 ], [ -3.27906, 40.34511 ], [ -3.27906, 40.34601 ], [ -3.27788, 40.34602 ], [ -3.27671, 40.34602 ], [ -3.27553, 40.34602 ], [ -3.27435, 40.34603 ], [ -3.27317, 40.34603 ], [ -3.272, 40.34693 ], [ -3.27082, 40.34694 ], [ -3.26965, 40.34694 ], [ -3.26847, 40.34694 ], [ -3.25906, 40.34876 ], [ -3.25435, 40.35058 ], [ -3.24847, 40.35149 ], [ -3.24729, 40.35239 ], [ -3.2473, 40.35329 ], [ -3.24612, 40.3533 ], [ -3.24494, 40.3542 ], [ -3.24377, 40.3542 ], [ -3.24259, 40.35511 ], [ -3.24142, 40.35511 ], [ -3.24142, 40.35691 ], [ -3.24142, 40.35781 ], [ -3.24025, 40.35781 ], [ -3.23907, 40.35692 ], [ -3.23671, 40.35602 ], [ -3.23436, 40.35783 ], [ -3.23436, 40.35873 ], [ -3.23318, 40.35873 ], [ -3.23201, 40.35873 ], [ -3.23083, 40.35873 ], [ -3.23083, 40.35783 ], [ -3.22965, 40.35784 ], [ -3.22965, 40.35693 ], [ -3.22847, 40.35694 ], [ -3.22729, 40.35694 ], [ -3.22729, 40.35604 ], [ -3.22611, 40.35604 ], [ -3.22493, 40.35514 ], [ -3.22493, 40.35424 ], [ -3.22375, 40.35424 ], [ -3.22374, 40.35334 ], [ -3.22256, 40.35244 ], [ -3.21903, 40.35065 ], [ -3.21785, 40.34975 ], [ -3.21549, 40.34885 ], [ -3.21195, 40.34706 ], [ -3.20723, 40.34526 ], [ -3.20488, 40.34437 ], [ -3.20369, 40.34167 ], [ -3.20251, 40.34077 ], [ -3.20133, 40.34077 ], [ -3.20133, 40.33987 ], [ -3.20015, 40.33987 ], [ -3.20015, 40.33897 ], [ -3.20015, 40.33807 ], [ -3.19897, 40.33807 ], [ -3.19897, 40.33717 ], [ -3.20015, 40.33717 ], [ -3.20014, 40.33627 ], [ -3.20014, 40.33537 ], [ -3.20014, 40.33447 ], [ -3.20013, 40.33357 ], [ -3.20013, 40.33266 ], [ -3.20013, 40.33176 ], [ -3.20013, 40.33086 ], [ -3.20012, 40.32996 ], [ -3.2013, 40.32996 ], [ -3.2013, 40.32906 ], [ -3.2013, 40.32816 ], [ -3.20129, 40.32726 ], [ -3.20247, 40.32725 ], [ -3.20247, 40.32635 ], [ -3.20246, 40.32545 ], [ -3.20364, 40.32545 ], [ -3.20364, 40.32455 ], [ -3.20364, 40.32365 ], [ -3.20363, 40.32275 ], [ -3.20363, 40.32185 ], [ -3.20481, 40.32094 ], [ -3.20715, 40.31824 ], [ -3.20715, 40.31734 ], [ -3.20832, 40.31643 ], [ -3.21067, 40.31373 ], [ -3.21184, 40.31372 ], [ -3.2142, 40.31282 ], [ -3.21655, 40.31281 ], [ -3.21773, 40.31281 ], [ -3.22244, 40.3137 ], [ -3.22597, 40.3146 ], [ -3.22714, 40.3137 ], [ -3.23185, 40.31188 ], [ -3.23538, 40.31188 ], [ -3.24008, 40.31007 ], [ -3.24478, 40.30825 ], [ -3.24948, 40.30644 ], [ -3.25182, 40.30373 ], [ -3.253, 40.30463 ], [ -3.25655, 40.30823 ], [ -3.26009, 40.31092 ], [ -3.26363, 40.31362 ], [ -3.26481, 40.31452 ], [ -3.26835, 40.31811 ], [ -3.27072, 40.31991 ], [ -3.27544, 40.3244 ], [ -3.27899, 40.328 ], [ -3.28253, 40.32979 ], [ -3.28489, 40.33159 ], [ -3.28607, 40.33158 ], [ -3.28842, 40.33248 ], [ -3.28725, 40.33428 ] ] ] } },
{ "type": "Feature", "properties": { "ine_code": "28180", "name": "Villarejo de Salvanés" }, "geometry": { "type": "Polygon", "coordinates": [ [ [ -3.3461, 40.09988 ], [ -3.34259, 40.10259 ], [ -3.34143, 40.10349 ], [ -3.34143, 40.10439 ], [ -3.33792, 40.10621 ], [ -3.33675, 40.10711 ], [ -3.33325, 40.11073 ], [ -3.33208, 40.11163 ], [ -3.33208, 40.11253 ], [ -3.33092, 40.11434 ], [ -3.32858, 40.11524 ], [ -3.32741, 40.11615 ], [ -3.32623, 40.11615 ], [ -3.32506, 40.11706 ], [ -3.3239, 40.11976 ], [ -3.32157, 40.12157 ], [ -3.31923, 40.12338 ], [ -3.31455, 40.1279 ], [ -3.31104, 40.12971 ], [ -3.30987, 40.13151 ], [ -3.30753, 40.13152 ], [ -3.30401, 40.13153 ], [ -3.30048, 40.13154 ], [ -3.29696, 40.13155 ], [ -3.29934, 40.13875 ], [ -3.30172, 40.14505 ], [ -3.3029, 40.14775 ], [ -3.30409, 40.15045 ], [ -3.30409, 40.15135 ], [ -3.30764, 40.15584 ], [ -3.31118, 40.16124 ], [ -3.31355, 40.16574 ], [ -3.31592, 40.16934 ], [ -3.3171, 40.17113 ], [ -3.31947, 40.17563 ], [ -3.32066, 40.17833 ], [ -3.31949, 40.17924 ], [ -3.31363, 40.18286 ], [ -3.3066, 40.18558 ], [ -3.29956, 40.1883 ], [ -3.29839, 40.1901 ], [ -3.29488, 40.19372 ], [ -3.29137, 40.19643 ], [ -3.28786, 40.20004 ], [ -3.28435, 40.20275 ], [ -3.28202, 40.20726 ], [ -3.2785, 40.20998 ], [ -3.27616, 40.21088 ], [ -3.27381, 40.21179 ], [ -3.27381, 40.21269 ], [ -3.27264, 40.21359 ], [ -3.2703, 40.2145 ], [ -3.27027, 40.20819 ], [ -3.27026, 40.20639 ], [ -3.26907, 40.20099 ], [ -3.26199, 40.1947 ], [ -3.25728, 40.1902 ], [ -3.25492, 40.18841 ], [ -3.24667, 40.18212 ], [ -3.23727, 40.18034 ], [ -3.2314, 40.18215 ], [ -3.22319, 40.18487 ], [ -3.22083, 40.18127 ], [ -3.21846, 40.17407 ], [ -3.21962, 40.17136 ], [ -3.21961, 40.16866 ], [ -3.21843, 40.16506 ], [ -3.21843, 40.16416 ], [ -3.21371, 40.15966 ], [ -3.20548, 40.15607 ], [ -3.19726, 40.15608 ], [ -3.19844, 40.15518 ], [ -3.20077, 40.15157 ], [ -3.20077, 40.14977 ], [ -3.20077, 40.14887 ], [ -3.20076, 40.14797 ], [ -3.19959, 40.14797 ], [ -3.19958, 40.14617 ], [ -3.19958, 40.14437 ], [ -3.19957, 40.14257 ], [ -3.19957, 40.14076 ], [ -3.20074, 40.13896 ], [ -3.2019, 40.13716 ], [ -3.2019, 40.13535 ], [ -3.20307, 40.13265 ], [ -3.20306, 40.12995 ], [ -3.20305, 40.12815 ], [ -3.20304, 40.12544 ], [ -3.20304, 40.12274 ], [ -3.20185, 40.12004 ], [ -3.20302, 40.11823 ], [ -3.20419, 40.11733 ], [ -3.20419, 40.11553 ], [ -3.20418, 40.11373 ], [ -3.20418, 40.11193 ], [ -3.20417, 40.10922 ], [ -3.20181, 40.10652 ], [ -3.2018, 40.10202 ], [ -3.20179, 40.09932 ], [ -3.20178, 40.09661 ], [ -3.20178, 40.09571 ], [ -3.20178, 40.09391 ], [ -3.20176, 40.08941 ], [ -3.20059, 40.08851 ], [ -3.20058, 40.0858 ], [ -3.20175, 40.0858 ], [ -3.20175, 40.0849 ], [ -3.20175, 40.084 ], [ -3.20174, 40.0831 ], [ -3.20174, 40.0822 ], [ -3.20174, 40.0813 ], [ -3.20174, 40.0804 ], [ -3.20291, 40.08039 ], [ -3.20408, 40.07949 ], [ -3.20525, 40.07859 ], [ -3.20642, 40.07769 ], [ -3.20642, 40.07678 ], [ -3.20641, 40.07588 ], [ -3.20641, 40.07498 ], [ -3.20758, 40.07498 ], [ -3.20875, 40.07408 ], [ -3.20993, 40.07408 ], [ -3.2111, 40.07407 ], [ -3.2111, 40.07317 ], [ -3.21227, 40.07317 ], [ -3.21344, 40.07227 ], [ -3.21461, 40.07226 ], [ -3.21461, 40.07136 ], [ -3.21578, 40.07136 ], [ -3.21695, 40.07046 ], [ -3.21813, 40.07046 ], [ -3.2193, 40.07045 ], [ -3.2193, 40.06955 ], [ -3.22047, 40.06955 ], [ -3.22165, 40.07135 ], [ -3.22283, 40.07315 ], [ -3.22401, 40.07585 ], [ -3.22637, 40.08035 ], [ -3.22637, 40.08215 ], [ -3.22873, 40.08485 ], [ -3.22873, 40.08665 ], [ -3.23109, 40.08845 ], [ -3.23461, 40.09115 ], [ -3.23814, 40.09294 ], [ -3.2405, 40.09564 ], [ -3.24168, 40.09834 ], [ -3.24521, 40.10103 ], [ -3.24638, 40.10193 ], [ -3.24874, 40.10373 ], [ -3.24992, 40.10553 ], [ -3.25344, 40.10732 ], [ -3.2558, 40.10912 ], [ -3.25932, 40.11091 ], [ -3.26167, 40.11091 ], [ -3.26401, 40.11 ], [ -3.2687, 40.10729 ], [ -3.27221, 40.10458 ], [ -3.27455, 40.10277 ], [ -3.27687, 40.09736 ], [ -3.27802, 40.09195 ], [ -3.27918, 40.08744 ], [ -3.28033, 40.08384 ], [ -3.27915, 40.08114 ], [ -3.27914, 40.07933 ], [ -3.28031, 40.07663 ], [ -3.28147, 40.07392 ], [ -3.28146, 40.07302 ], [ -3.28263, 40.07122 ], [ -3.28379, 40.06851 ], [ -3.28495, 40.06671 ], [ -3.28609, 40.0586 ], [ -3.28843, 40.05589 ], [ -3.28607, 40.05229 ], [ -3.28724, 40.05229 ], [ -3.28724, 40.05139 ], [ -3.28841, 40.05138 ], [ -3.28841, 40.05228 ], [ -3.28958, 40.05228 ], [ -3.29076, 40.05228 ], [ -3.29193, 40.05227 ], [ -3.2931, 40.05227 ], [ -3.29427, 40.05227 ], [ -3.29544, 40.05136 ], [ -3.29661, 40.05136 ], [ -3.29779, 40.05136 ], [ -3.29779, 40.05226 ], [ -3.29896, 40.05226 ], [ -3.30014, 40.05225 ], [ -3.30014, 40.05315 ], [ -3.30131, 40.05315 ], [ -3.30248, 40.05315 ], [ -3.30603, 40.05854 ], [ -3.3072, 40.05944 ], [ -3.30838, 40.06034 ], [ -3.30957, 40.06394 ], [ -3.31075, 40.06574 ], [ -3.31075, 40.06664 ], [ -3.31076, 40.06754 ], [ -3.31193, 40.06844 ], [ -3.31311, 40.06934 ], [ -3.31546, 40.07023 ], [ -3.319, 40.07383 ], [ -3.32252, 40.07562 ], [ -3.3237, 40.07652 ], [ -3.32605, 40.07741 ], [ -3.32723, 40.07921 ], [ -3.32958, 40.0801 ], [ -3.33193, 40.0801 ], [ -3.33428, 40.08099 ], [ -3.33779, 40.08098 ], [ -3.33896, 40.08008 ], [ -3.34014, 40.08007 ], [ -3.34248, 40.08007 ], [ -3.34365, 40.08006 ], [ -3.34483, 40.08006 ], [ -3.34601, 40.08276 ], [ -3.3472, 40.08456 ], [ -3.3472, 40.08546 ], [ -3.34839, 40.08816 ], [ -3.34957, 40.08996 ], [ -3.34957, 40.09086 ], [ -3.34958, 40.09176 ], [ -3.34958, 40.09266 ], [ -3.34842, 40.09446 ], [ -3.3496, 40.09536 ], [ -3.34843, 40.09627 ], [ -3.34843, 40.09717 ], [ -3.34844, 40.09807 ], [ -3.3461, 40.09988 ] ] ] } },
{ "type": "Feature", "properties": { "ine_code": "28181", "name": "Villaviciosa de Odón" }, "geometry": { "type": "Polygon", "coordinates": [ [ [ -4.00546, 40.33928 ], [ -4.00547, 40.34018 ], [ -4.00429, 40.34019 ], [ -4.00431, 40.34109 ], [ -4.00313, 40.3411 ], [ -4.00314, 40.342 ], [ -4.00197, 40.34201 ], [ -4.00079, 40.34202 ], [ -4.0008, 40.34292 ], [ -3.99846, 40.34384 ], [ -3.99849, 40.34565 ], [ -3.9985, 40.34655 ], [ -3.99851, 40.34745 ], [ -3.99972, 40.34924 ], [ -3.99974, 40.35104 ], [ -4.00095, 40.35283 ], [ -4.00214, 40.35372 ], [ -4.00333, 40.35461 ], [ -4.00336, 40.35641 ], [ -4.00337, 40.35731 ], [ -4.00338, 40.35822 ], [ -4.00457, 40.35911 ], [ -4.00108, 40.36184 ], [ -3.9964, 40.36368 ], [ -3.99404, 40.3637 ], [ -3.99051, 40.36373 ], [ -3.98467, 40.36739 ], [ -3.98118, 40.37012 ], [ -3.98, 40.37013 ], [ -3.97999, 40.36923 ], [ -3.97881, 40.36924 ], [ -3.97763, 40.36925 ], [ -3.97646, 40.36926 ], [ -3.97644, 40.36836 ], [ -3.97527, 40.36837 ], [ -3.97409, 40.36838 ], [ -3.97291, 40.36839 ], [ -3.97173, 40.3684 ], [ -3.97056, 40.36841 ], [ -3.96938, 40.36842 ], [ -3.96939, 40.36932 ], [ -3.96821, 40.36933 ], [ -3.96703, 40.36934 ], [ -3.96705, 40.37024 ], [ -3.96587, 40.37025 ], [ -3.96469, 40.37026 ], [ -3.96351, 40.37027 ], [ -3.96234, 40.37028 ], [ -3.96116, 40.37029 ], [ -3.95998, 40.3703 ], [ -3.95997, 40.36939 ], [ -3.95879, 40.3694 ], [ -3.95761, 40.36941 ], [ -3.95644, 40.36942 ], [ -3.95642, 40.36852 ], [ -3.95525, 40.36853 ], [ -3.95407, 40.36854 ], [ -3.95289, 40.36855 ], [ -3.95171, 40.36856 ], [ -3.95053, 40.36857 ], [ -3.94936, 40.36858 ], [ -3.94818, 40.36859 ], [ -3.94819, 40.36949 ], [ -3.94701, 40.3695 ], [ -3.94703, 40.3704 ], [ -3.94585, 40.37041 ], [ -3.94586, 40.37131 ], [ -3.94587, 40.37221 ], [ -3.9447, 40.37222 ], [ -3.94471, 40.37312 ], [ -3.94472, 40.37402 ], [ -3.94473, 40.37493 ], [ -3.94357, 40.37584 ], [ -3.94358, 40.37674 ], [ -3.94476, 40.37673 ], [ -3.94477, 40.37763 ], [ -3.94595, 40.37762 ], [ -3.94596, 40.37852 ], [ -3.94715, 40.37941 ], [ -3.94717, 40.38031 ], [ -3.94718, 40.38121 ], [ -3.94719, 40.38211 ], [ -3.9472, 40.38301 ], [ -3.94722, 40.38391 ], [ -3.94723, 40.38482 ], [ -3.94841, 40.38481 ], [ -3.94842, 40.38571 ], [ -3.94843, 40.38661 ], [ -3.94961, 40.3866 ], [ -3.94962, 40.3875 ], [ -3.9508, 40.38749 ], [ -3.95081, 40.38839 ], [ -3.95083, 40.38929 ], [ -3.95084, 40.39019 ], [ -3.94966, 40.3902 ], [ -3.94967, 40.3911 ], [ -3.94969, 40.392 ], [ -3.94851, 40.39201 ], [ -3.94852, 40.39291 ], [ -3.94734, 40.39292 ], [ -3.94735, 40.39382 ], [ -3.94618, 40.39383 ], [ -3.94619, 40.39473 ], [ -3.9462, 40.39563 ], [ -3.94502, 40.39564 ], [ -3.94504, 40.39654 ], [ -3.94505, 40.39745 ], [ -3.94506, 40.39835 ], [ -3.94624, 40.39834 ], [ -3.94625, 40.39924 ], [ -3.94626, 40.40014 ], [ -3.94628, 40.40104 ], [ -3.94629, 40.40194 ], [ -3.9463, 40.40284 ], [ -3.94631, 40.40374 ], [ -3.94633, 40.40464 ], [ -3.94634, 40.40554 ], [ -3.94635, 40.40644 ], [ -3.94637, 40.40734 ], [ -3.94638, 40.40825 ], [ -3.94756, 40.40824 ], [ -3.94757, 40.40914 ], [ -3.94758, 40.41004 ], [ -3.94759, 40.41094 ], [ -3.94877, 40.41093 ], [ -3.94879, 40.41183 ], [ -3.9488, 40.41273 ], [ -3.94881, 40.41363 ], [ -3.94529, 40.41456 ], [ -3.94411, 40.41457 ], [ -3.94294, 40.41548 ], [ -3.94176, 40.41549 ], [ -3.94059, 40.4155 ], [ -3.93941, 40.41551 ], [ -3.93823, 40.41552 ], [ -3.93822, 40.41462 ], [ -3.93704, 40.41463 ], [ -3.93586, 40.41464 ], [ -3.93585, 40.41374 ], [ -3.93467, 40.41375 ], [ -3.93348, 40.41285 ], [ -3.9323, 40.41286 ], [ -3.93112, 40.41287 ], [ -3.93111, 40.41197 ], [ -3.92993, 40.41198 ], [ -3.92874, 40.41109 ], [ -3.92636, 40.40931 ], [ -3.92517, 40.40842 ], [ -3.92162, 40.40754 ], [ -3.91689, 40.40668 ], [ -3.91336, 40.40671 ], [ -3.91099, 40.40583 ], [ -3.90981, 40.40584 ], [ -3.9098, 40.40494 ], [ -3.90862, 40.40494 ], [ -3.90743, 40.40405 ], [ -3.90624, 40.40316 ], [ -3.90031, 40.40051 ], [ -3.8944, 40.39875 ], [ -3.89085, 40.39788 ], [ -3.88846, 40.39519 ], [ -3.88727, 40.3943 ], [ -3.88486, 40.39071 ], [ -3.88721, 40.3898 ], [ -3.8872, 40.3889 ], [ -3.88602, 40.3889 ], [ -3.88365, 40.38802 ], [ -3.88247, 40.38803 ], [ -3.87889, 40.38445 ], [ -3.87652, 40.38357 ], [ -3.87179, 40.38181 ], [ -3.86941, 40.38002 ], [ -3.86702, 40.37734 ], [ -3.8658, 40.37374 ], [ -3.86816, 40.37463 ], [ -3.86814, 40.37282 ], [ -3.86932, 40.37281 ], [ -3.8705, 40.37281 ], [ -3.87167, 40.3728 ], [ -3.87285, 40.37279 ], [ -3.87403, 40.37278 ], [ -3.87521, 40.37277 ], [ -3.8764, 40.37366 ], [ -3.87757, 40.37365 ], [ -3.87755, 40.37185 ], [ -3.8787, 40.37004 ], [ -3.87869, 40.36914 ], [ -3.87868, 40.36824 ], [ -3.87749, 40.36735 ], [ -3.87748, 40.36645 ], [ -3.8763, 40.36646 ], [ -3.87629, 40.36555 ], [ -3.87628, 40.36465 ], [ -3.87627, 40.36375 ], [ -3.87509, 40.36376 ], [ -3.87391, 40.36377 ], [ -3.8739, 40.36287 ], [ -3.87389, 40.36197 ], [ -3.87271, 40.36198 ], [ -3.8727, 40.36108 ], [ -3.87151, 40.36019 ], [ -3.8715, 40.35928 ], [ -3.87032, 40.35929 ], [ -3.87031, 40.35839 ], [ -3.8703, 40.35749 ], [ -3.87029, 40.35659 ], [ -3.87027, 40.35569 ], [ -3.87026, 40.35479 ], [ -3.87144, 40.35478 ], [ -3.87143, 40.35388 ], [ -3.87142, 40.35298 ], [ -3.8726, 40.35297 ], [ -3.87377, 40.35296 ], [ -3.87614, 40.35384 ], [ -3.87732, 40.35384 ], [ -3.87849, 40.35383 ], [ -3.87967, 40.35382 ], [ -3.88085, 40.35381 ], [ -3.88555, 40.35287 ], [ -3.88906, 40.35104 ], [ -3.89375, 40.35011 ], [ -3.8961, 40.34919 ], [ -3.89845, 40.34917 ], [ -3.89963, 40.34916 ], [ -3.90312, 40.34643 ], [ -3.90546, 40.34461 ], [ -3.91367, 40.34274 ], [ -3.91484, 40.34183 ], [ -3.916, 40.34092 ], [ -3.91599, 40.34002 ], [ -3.91717, 40.34001 ], [ -3.91716, 40.33911 ], [ -3.91833, 40.3391 ], [ -3.92305, 40.33997 ], [ -3.9301, 40.33901 ], [ -3.9348, 40.33807 ], [ -3.93238, 40.33358 ], [ -3.93237, 40.33268 ], [ -3.93355, 40.33267 ], [ -3.93354, 40.33177 ], [ -3.9347, 40.33086 ], [ -3.93469, 40.32996 ], [ -3.93587, 40.32995 ], [ -3.93703, 40.32904 ], [ -3.93821, 40.32903 ], [ -3.9382, 40.32813 ], [ -3.93937, 40.32812 ], [ -3.93936, 40.32722 ], [ -3.94054, 40.32721 ], [ -3.94052, 40.32631 ], [ -3.9417, 40.3263 ], [ -3.94169, 40.3254 ], [ -3.94403, 40.32448 ], [ -3.94519, 40.32357 ], [ -3.94518, 40.32267 ], [ -3.944, 40.32268 ], [ -3.94399, 40.32178 ], [ -3.94398, 40.32088 ], [ -3.94397, 40.31998 ], [ -3.94278, 40.31909 ], [ -3.94277, 40.31818 ], [ -3.94275, 40.31728 ], [ -3.94274, 40.31638 ], [ -3.94273, 40.31548 ], [ -3.9439, 40.31547 ], [ -3.94389, 40.31457 ], [ -3.94388, 40.31367 ], [ -3.94387, 40.31277 ], [ -3.94504, 40.31276 ], [ -3.94503, 40.31186 ], [ -3.94502, 40.31096 ], [ -3.94501, 40.31006 ], [ -3.94499, 40.30916 ], [ -3.94498, 40.30826 ], [ -3.9438, 40.30827 ], [ -3.94379, 40.30737 ], [ -3.94262, 40.30738 ], [ -3.9426, 40.30647 ], [ -3.94141, 40.30558 ], [ -3.9414, 40.30468 ], [ -3.94139, 40.30378 ], [ -3.94138, 40.30288 ], [ -3.94135, 40.30108 ], [ -3.94134, 40.30018 ], [ -3.9437, 40.30106 ], [ -3.94723, 40.30103 ], [ -3.94959, 40.30101 ], [ -3.95315, 40.30369 ], [ -3.95787, 40.30455 ], [ -3.95908, 40.30634 ], [ -3.96147, 40.30902 ], [ -3.96385, 40.3108 ], [ -3.96624, 40.31349 ], [ -3.96745, 40.31618 ], [ -3.96864, 40.31707 ], [ -3.97105, 40.32065 ], [ -3.97341, 40.32153 ], [ -3.97816, 40.3242 ], [ -3.98169, 40.32417 ], [ -3.98406, 40.32505 ], [ -3.9876, 40.32592 ], [ -3.99116, 40.32769 ], [ -3.99236, 40.32948 ], [ -3.9971, 40.33124 ], [ -3.99711, 40.33214 ], [ -3.99829, 40.33213 ], [ -3.99947, 40.33212 ], [ -4.00301, 40.33299 ], [ -4.00421, 40.33478 ], [ -4.00423, 40.33569 ], [ -4.00661, 40.33747 ], [ -4.00663, 40.33927 ], [ -4.00546, 40.33928 ] ] ] } },
{ "type": "Feature", "properties": { "ine_code": "28182", "name": "Villavieja del Lozoya" }, "geometry": { "type": "MultiPolygon", "coordinates": [ [ [ [ -3.74833, 41.03759 ], [ -3.74598, 41.04031 ], [ -3.74364, 41.04393 ], [ -3.74366, 41.04573 ], [ -3.73894, 41.04936 ], [ -3.74016, 41.05206 ], [ -3.74017, 41.05296 ], [ -3.74018, 41.05386 ], [ -3.73664, 41.05659 ], [ -3.73074, 41.06113 ], [ -3.72599, 41.06206 ], [ -3.72126, 41.06479 ], [ -3.72007, 41.0648 ], [ -3.72006, 41.0639 ], [ -3.71887, 41.0639 ], [ -3.71648, 41.06302 ], [ -3.71288, 41.06034 ], [ -3.71048, 41.05855 ], [ -3.70686, 41.05407 ], [ -3.70684, 41.05137 ], [ -3.69838, 41.03971 ], [ -3.68878, 41.03166 ], [ -3.68757, 41.02986 ], [ -3.68756, 41.02896 ], [ -3.68637, 41.02897 ], [ -3.68518, 41.02898 ], [ -3.68399, 41.02899 ], [ -3.6828, 41.02809 ], [ -3.6816, 41.0272 ], [ -3.67921, 41.02631 ], [ -3.6792, 41.02541 ], [ -3.67801, 41.02542 ], [ -3.678, 41.02452 ], [ -3.6768, 41.02362 ], [ -3.6756, 41.02273 ], [ -3.67441, 41.02274 ], [ -3.67441, 41.02184 ], [ -3.67322, 41.02184 ], [ -3.67321, 41.02094 ], [ -3.6732, 41.02004 ], [ -3.67319, 41.01914 ], [ -3.672, 41.01915 ], [ -3.67199, 41.01825 ], [ -3.67198, 41.01735 ], [ -3.67079, 41.01735 ], [ -3.67078, 41.01645 ], [ -3.67077, 41.01555 ], [ -3.67076, 41.01465 ], [ -3.66958, 41.01466 ], [ -3.66957, 41.01376 ], [ -3.66837, 41.01286 ], [ -3.66836, 41.01196 ], [ -3.66717, 41.01197 ], [ -3.66716, 41.01107 ], [ -3.66597, 41.01107 ], [ -3.66596, 41.01017 ], [ -3.66477, 41.01018 ], [ -3.66358, 41.01019 ], [ -3.66239, 41.01019 ], [ -3.66239, 41.00929 ], [ -3.6612, 41.0093 ], [ -3.66001, 41.00931 ], [ -3.66, 41.00841 ], [ -3.65881, 41.00841 ], [ -3.65761, 41.00752 ], [ -3.65642, 41.00753 ], [ -3.65641, 41.00663 ], [ -3.6564, 41.00572 ], [ -3.6564, 41.00482 ], [ -3.65758, 41.00392 ], [ -3.65876, 41.00391 ], [ -3.65876, 41.00301 ], [ -3.65994, 41.003 ], [ -3.65994, 41.0021 ], [ -3.65875, 41.00211 ], [ -3.65874, 41.00121 ], [ -3.65755, 41.00121 ], [ -3.65754, 41.00031 ], [ -3.65635, 41.00032 ], [ -3.65516, 41.00033 ], [ -3.65515, 40.99943 ], [ -3.65396, 40.99943 ], [ -3.65395, 40.99853 ], [ -3.65277, 40.99854 ], [ -3.65157, 40.99764 ], [ -3.65156, 40.99674 ], [ -3.65274, 40.99584 ], [ -3.65392, 40.99493 ], [ -3.65511, 40.99492 ], [ -3.6563, 40.99492 ], [ -3.65749, 40.99491 ], [ -3.65867, 40.9949 ], [ -3.65986, 40.99489 ], [ -3.66105, 40.99489 ], [ -3.66224, 40.99488 ], [ -3.66225, 40.99578 ], [ -3.66343, 40.99487 ], [ -3.66463, 40.99577 ], [ -3.66582, 40.99576 ], [ -3.66701, 40.99575 ], [ -3.66819, 40.99485 ], [ -3.66937, 40.99484 ], [ -3.66937, 40.99394 ], [ -3.67055, 40.99393 ], [ -3.67174, 40.99393 ], [ -3.67173, 40.99302 ], [ -3.67172, 40.99212 ], [ -3.67291, 40.99212 ], [ -3.6729, 40.99122 ], [ -3.67409, 40.99121 ], [ -3.67408, 40.99031 ], [ -3.67527, 40.9903 ], [ -3.67528, 40.9912 ], [ -3.67529, 40.9921 ], [ -3.67648, 40.9921 ], [ -3.67649, 40.993 ], [ -3.67768, 40.99299 ], [ -3.67886, 40.99208 ], [ -3.68005, 40.99208 ], [ -3.68006, 40.99298 ], [ -3.68124, 40.99297 ], [ -3.68244, 40.99386 ], [ -3.68364, 40.99476 ], [ -3.68365, 40.99566 ], [ -3.68484, 40.99565 ], [ -3.68485, 40.99655 ], [ -3.68604, 40.99654 ], [ -3.68605, 40.99744 ], [ -3.68606, 40.99835 ], [ -3.68724, 40.99834 ], [ -3.68843, 40.99833 ], [ -3.68964, 41.00013 ], [ -3.69087, 41.00372 ], [ -3.69686, 41.00819 ], [ -3.70046, 41.01087 ], [ -3.70166, 41.01266 ], [ -3.70288, 41.01536 ], [ -3.70648, 41.01804 ], [ -3.70768, 41.01893 ], [ -3.71009, 41.02162 ], [ -3.71128, 41.02161 ], [ -3.71129, 41.02342 ], [ -3.71133, 41.02702 ], [ -3.73159, 41.03049 ], [ -3.74831, 41.03579 ], [ -3.74832, 41.03669 ], [ -3.74833, 41.03759 ] ], [ [ -3.65995, 41.0039 ], [ -3.66114, 41.0039 ], [ -3.66113, 41.00299 ], [ -3.65994, 41.003 ], [ -3.65995, 41.0039 ] ] ], [ [ [ -3.74949, 41.03488 ], [ -3.75301, 41.03126 ], [ -3.75186, 41.03397 ], [ -3.74949, 41.03488 ] ] ] ] } },
{ "type": "Feature", "properties": { "ine_code": "28183", "name": "Zarzalejo" }, "geometry": { "type": "Polygon", "coordinates": [ [ [ -4.19538, 40.55999 ], [ -4.1942, 40.56 ], [ -4.19303, 40.56091 ], [ -4.19185, 40.56093 ], [ -4.18949, 40.56095 ], [ -4.18836, 40.56366 ], [ -4.18485, 40.5655 ], [ -4.18367, 40.56551 ], [ -4.18132, 40.56644 ], [ -4.18017, 40.56825 ], [ -4.17782, 40.56918 ], [ -4.17666, 40.57009 ], [ -4.17431, 40.57102 ], [ -4.17313, 40.57103 ], [ -4.17077, 40.57105 ], [ -4.16959, 40.57106 ], [ -4.16722, 40.57109 ], [ -4.16604, 40.5711 ], [ -4.16603, 40.5702 ], [ -4.16483, 40.56931 ], [ -4.16363, 40.56842 ], [ -4.16362, 40.56752 ], [ -4.1636, 40.56662 ], [ -4.16359, 40.56572 ], [ -4.16357, 40.56482 ], [ -4.16356, 40.56392 ], [ -4.16354, 40.56302 ], [ -4.16234, 40.56213 ], [ -4.16116, 40.56214 ], [ -4.16, 40.56305 ], [ -4.1588, 40.56216 ], [ -4.15644, 40.56219 ], [ -4.15406, 40.56131 ], [ -4.15283, 40.55862 ], [ -4.15164, 40.55773 ], [ -4.15162, 40.55683 ], [ -4.15161, 40.55593 ], [ -4.15159, 40.55503 ], [ -4.15158, 40.55413 ], [ -4.15039, 40.55414 ], [ -4.15038, 40.55324 ], [ -4.15036, 40.55234 ], [ -4.15035, 40.55144 ], [ -4.15033, 40.55054 ], [ -4.14909, 40.54695 ], [ -4.14906, 40.54514 ], [ -4.14901, 40.54244 ], [ -4.149, 40.54154 ], [ -4.15015, 40.53973 ], [ -4.14897, 40.53974 ], [ -4.14779, 40.53975 ], [ -4.14777, 40.53885 ], [ -4.14776, 40.53795 ], [ -4.14658, 40.53796 ], [ -4.14656, 40.53706 ], [ -4.14654, 40.53616 ], [ -4.14536, 40.53617 ], [ -4.14535, 40.53527 ], [ -4.1453, 40.53257 ], [ -4.14886, 40.53343 ], [ -4.14884, 40.53253 ], [ -4.15002, 40.53252 ], [ -4.15121, 40.53251 ], [ -4.15239, 40.5325 ], [ -4.15237, 40.5316 ], [ -4.15355, 40.53159 ], [ -4.15473, 40.53157 ], [ -4.1559, 40.53066 ], [ -4.15826, 40.53064 ], [ -4.16062, 40.53061 ], [ -4.16178, 40.5297 ], [ -4.16414, 40.52968 ], [ -4.1665, 40.52965 ], [ -4.17005, 40.52962 ], [ -4.17242, 40.5305 ], [ -4.17478, 40.53047 ], [ -4.17596, 40.53046 ], [ -4.17829, 40.52863 ], [ -4.17946, 40.52772 ], [ -4.18064, 40.52771 ], [ -4.183, 40.52768 ], [ -4.18533, 40.52586 ], [ -4.18767, 40.52493 ], [ -4.19002, 40.52401 ], [ -4.19236, 40.52308 ], [ -4.19589, 40.52215 ], [ -4.19707, 40.52213 ], [ -4.19825, 40.52212 ], [ -4.20061, 40.5221 ], [ -4.20176, 40.52028 ], [ -4.20172, 40.51848 ], [ -4.20286, 40.51577 ], [ -4.20282, 40.51397 ], [ -4.20279, 40.51217 ], [ -4.20397, 40.51215 ], [ -4.20868, 40.5112 ], [ -4.20869, 40.5121 ], [ -4.20987, 40.51209 ], [ -4.21105, 40.51208 ], [ -4.21107, 40.51298 ], [ -4.21109, 40.51388 ], [ -4.2123, 40.51567 ], [ -4.21231, 40.51657 ], [ -4.21235, 40.51837 ], [ -4.21236, 40.51927 ], [ -4.21238, 40.52017 ], [ -4.2124, 40.52107 ], [ -4.21243, 40.52288 ], [ -4.21244, 40.52378 ], [ -4.21248, 40.52558 ], [ -4.21249, 40.52648 ], [ -4.21134, 40.52829 ], [ -4.21138, 40.53009 ], [ -4.21023, 40.53191 ], [ -4.20907, 40.53282 ], [ -4.2091, 40.53462 ], [ -4.20911, 40.53552 ], [ -4.20793, 40.53553 ], [ -4.20795, 40.53644 ], [ -4.20678, 40.53735 ], [ -4.20564, 40.53916 ], [ -4.20447, 40.54008 ], [ -4.20449, 40.54098 ], [ -4.2045, 40.54188 ], [ -4.20332, 40.54189 ], [ -4.20334, 40.54279 ], [ -4.20336, 40.54369 ], [ -4.20218, 40.5437 ], [ -4.20219, 40.5446 ], [ -4.20221, 40.5455 ], [ -4.20104, 40.54642 ], [ -4.20106, 40.54732 ], [ -4.20108, 40.54822 ], [ -4.19989, 40.54823 ], [ -4.19991, 40.54913 ], [ -4.19993, 40.55003 ], [ -4.19994, 40.55093 ], [ -4.19996, 40.55183 ], [ -4.19997, 40.55273 ], [ -4.19999, 40.55363 ], [ -4.19881, 40.55365 ], [ -4.19883, 40.55455 ], [ -4.19884, 40.55545 ], [ -4.19886, 40.55635 ], [ -4.19768, 40.55636 ], [ -4.19769, 40.55726 ], [ -4.19771, 40.55816 ], [ -4.19654, 40.55908 ], [ -4.19538, 40.55999 ] ] ] } },
{ "type": "Feature", "properties": { "ine_code": "28901", "name": "Lozoyuela-Navas-Sieteiglesias" }, "geometry": { "type": "Polygon", "coordinates": [ [ [ -3.67429, 40.89392 ], [ -3.66967, 40.90656 ], [ -3.66735, 40.91198 ], [ -3.66384, 40.9174 ], [ -3.66266, 40.91741 ], [ -3.66266, 40.91831 ], [ -3.6627, 40.92191 ], [ -3.66271, 40.92281 ], [ -3.66272, 40.92371 ], [ -3.66273, 40.92461 ], [ -3.65445, 40.92826 ], [ -3.65093, 40.93279 ], [ -3.64859, 40.93641 ], [ -3.64742, 40.93821 ], [ -3.64628, 40.94272 ], [ -3.64748, 40.94452 ], [ -3.64401, 40.95355 ], [ -3.6381, 40.95718 ], [ -3.63574, 40.959 ], [ -3.63338, 40.96081 ], [ -3.62982, 40.96173 ], [ -3.62863, 40.96084 ], [ -3.62862, 40.95994 ], [ -3.62861, 40.95904 ], [ -3.62742, 40.95904 ], [ -3.62741, 40.95814 ], [ -3.62741, 40.95724 ], [ -3.62622, 40.95725 ], [ -3.62502, 40.95635 ], [ -3.62501, 40.95545 ], [ -3.62382, 40.95546 ], [ -3.62382, 40.95456 ], [ -3.62381, 40.95366 ], [ -3.62262, 40.95366 ], [ -3.62261, 40.95276 ], [ -3.6226, 40.95186 ], [ -3.62259, 40.95096 ], [ -3.62141, 40.95097 ], [ -3.6214, 40.95007 ], [ -3.62139, 40.94917 ], [ -3.62019, 40.94827 ], [ -3.62018, 40.94737 ], [ -3.619, 40.94738 ], [ -3.61899, 40.94648 ], [ -3.61779, 40.94558 ], [ -3.61659, 40.94469 ], [ -3.61659, 40.94379 ], [ -3.6154, 40.94379 ], [ -3.61539, 40.94289 ], [ -3.6142, 40.9429 ], [ -3.61419, 40.942 ], [ -3.61301, 40.94201 ], [ -3.61182, 40.94201 ], [ -3.60946, 40.94383 ], [ -3.60827, 40.94383 ], [ -3.60828, 40.94473 ], [ -3.60709, 40.94474 ], [ -3.6059, 40.94475 ], [ -3.60471, 40.94475 ], [ -3.60472, 40.94565 ], [ -3.60353, 40.94566 ], [ -3.60235, 40.94566 ], [ -3.60235, 40.94657 ], [ -3.60117, 40.94657 ], [ -3.59998, 40.94658 ], [ -3.59999, 40.94748 ], [ -3.5988, 40.94748 ], [ -3.59761, 40.94749 ], [ -3.59642, 40.9475 ], [ -3.59643, 40.9484 ], [ -3.59524, 40.9484 ], [ -3.59406, 40.94841 ], [ -3.59168, 40.94842 ], [ -3.58811, 40.94844 ], [ -3.58456, 40.94936 ], [ -3.58096, 40.94577 ], [ -3.58095, 40.94487 ], [ -3.57857, 40.94398 ], [ -3.57619, 40.9431 ], [ -3.5738, 40.94131 ], [ -3.5714, 40.93952 ], [ -3.5714, 40.93862 ], [ -3.57138, 40.93681 ], [ -3.57019, 40.93592 ], [ -3.57016, 40.93322 ], [ -3.57015, 40.93232 ], [ -3.57015, 40.93142 ], [ -3.57133, 40.93141 ], [ -3.57133, 40.93051 ], [ -3.57132, 40.92961 ], [ -3.57131, 40.92871 ], [ -3.57248, 40.9269 ], [ -3.57248, 40.926 ], [ -3.57365, 40.92419 ], [ -3.57598, 40.91877 ], [ -3.57478, 40.91788 ], [ -3.57477, 40.91698 ], [ -3.57238, 40.91519 ], [ -3.57237, 40.91429 ], [ -3.57116, 40.91159 ], [ -3.56997, 40.9107 ], [ -3.56877, 40.9098 ], [ -3.56877, 40.9089 ], [ -3.56875, 40.9071 ], [ -3.56874, 40.9053 ], [ -3.56873, 40.9044 ], [ -3.56991, 40.90439 ], [ -3.5711, 40.90439 ], [ -3.57109, 40.90348 ], [ -3.57228, 40.90348 ], [ -3.57347, 40.90347 ], [ -3.57346, 40.90257 ], [ -3.57227, 40.90258 ], [ -3.57227, 40.90168 ], [ -3.57345, 40.90167 ], [ -3.57701, 40.90075 ], [ -3.57819, 40.89985 ], [ -3.58174, 40.89893 ], [ -3.58649, 40.8989 ], [ -3.58885, 40.89799 ], [ -3.59122, 40.89708 ], [ -3.59478, 40.89706 ], [ -3.59951, 40.89523 ], [ -3.60188, 40.89432 ], [ -3.60186, 40.89252 ], [ -3.60066, 40.89072 ], [ -3.59946, 40.88893 ], [ -3.60538, 40.88709 ], [ -3.60774, 40.88618 ], [ -3.61011, 40.88527 ], [ -3.61484, 40.88344 ], [ -3.61957, 40.88161 ], [ -3.62195, 40.8825 ], [ -3.6267, 40.88248 ], [ -3.62788, 40.88157 ], [ -3.6338, 40.88064 ], [ -3.63735, 40.87972 ], [ -3.63973, 40.8797 ], [ -3.64448, 40.87968 ], [ -3.65041, 40.87964 ], [ -3.6564, 40.88501 ], [ -3.65998, 40.8868 ], [ -3.66117, 40.88769 ], [ -3.66356, 40.88948 ], [ -3.66595, 40.89036 ], [ -3.66832, 40.89035 ], [ -3.66951, 40.89034 ], [ -3.67546, 40.89211 ], [ -3.67429, 40.89392 ] ] ] } },
{ "type": "Feature", "properties": { "ine_code": "28902", "name": "Puentes Viejas" }, "geometry": { "type": "Polygon", "coordinates": [ [ [ -3.62865, 40.96354 ], [ -3.62747, 40.96355 ], [ -3.62747, 40.96445 ], [ -3.62629, 40.96536 ], [ -3.62511, 40.96626 ], [ -3.62512, 40.96716 ], [ -3.62394, 40.96807 ], [ -3.62395, 40.96897 ], [ -3.62396, 40.96987 ], [ -3.62397, 40.97077 ], [ -3.62278, 40.97078 ], [ -3.62159, 40.97079 ], [ -3.6204, 40.97079 ], [ -3.61921, 40.9708 ], [ -3.61803, 40.9708 ], [ -3.61803, 40.97171 ], [ -3.61685, 40.97171 ], [ -3.61685, 40.97261 ], [ -3.61567, 40.97262 ], [ -3.61449, 40.97353 ], [ -3.6133, 40.97353 ], [ -3.61092, 40.97355 ], [ -3.60735, 40.97356 ], [ -3.60617, 40.97357 ], [ -3.60617, 40.97447 ], [ -3.60499, 40.97538 ], [ -3.60381, 40.97538 ], [ -3.60381, 40.97628 ], [ -3.60263, 40.97629 ], [ -3.60144, 40.9772 ], [ -3.60266, 40.97989 ], [ -3.60267, 40.9808 ], [ -3.60148, 40.9808 ], [ -3.6003, 40.98171 ], [ -3.59912, 40.98262 ], [ -3.59794, 40.98352 ], [ -3.59675, 40.98353 ], [ -3.59556, 40.98353 ], [ -3.59436, 40.98264 ], [ -3.59317, 40.98265 ], [ -3.59198, 40.98265 ], [ -3.5908, 40.98266 ], [ -3.58961, 40.98266 ], [ -3.5896, 40.98176 ], [ -3.58841, 40.98177 ], [ -3.58722, 40.98178 ], [ -3.58603, 40.98178 ], [ -3.58485, 40.98269 ], [ -3.58366, 40.98269 ], [ -3.58367, 40.9836 ], [ -3.58368, 40.9845 ], [ -3.58249, 40.9845 ], [ -3.5825, 40.9854 ], [ -3.58132, 40.98631 ], [ -3.58133, 40.98721 ], [ -3.58015, 40.98812 ], [ -3.58015, 40.98902 ], [ -3.58016, 40.98992 ], [ -3.58017, 40.99082 ], [ -3.58018, 40.99262 ], [ -3.58141, 40.99622 ], [ -3.58144, 40.99982 ], [ -3.5803, 41.00523 ], [ -3.57912, 41.00704 ], [ -3.57676, 41.00885 ], [ -3.57441, 41.01247 ], [ -3.57325, 41.01518 ], [ -3.57327, 41.01788 ], [ -3.57448, 41.01967 ], [ -3.5757, 41.02417 ], [ -3.57451, 41.02418 ], [ -3.57333, 41.02418 ], [ -3.57214, 41.02419 ], [ -3.57095, 41.0242 ], [ -3.57094, 41.02329 ], [ -3.56975, 41.0233 ], [ -3.56976, 41.0242 ], [ -3.56857, 41.02421 ], [ -3.56858, 41.02511 ], [ -3.56739, 41.02511 ], [ -3.5662, 41.02512 ], [ -3.56501, 41.02513 ], [ -3.56501, 41.02603 ], [ -3.56383, 41.02603 ], [ -3.56264, 41.02604 ], [ -3.56145, 41.02604 ], [ -3.56144, 41.02514 ], [ -3.56025, 41.02515 ], [ -3.56026, 41.02605 ], [ -3.55907, 41.02606 ], [ -3.55907, 41.02696 ], [ -3.55789, 41.02786 ], [ -3.5579, 41.02876 ], [ -3.55671, 41.02877 ], [ -3.55552, 41.02878 ], [ -3.55553, 41.02968 ], [ -3.55435, 41.03058 ], [ -3.55435, 41.03148 ], [ -3.55317, 41.03149 ], [ -3.55198, 41.03149 ], [ -3.55198, 41.0324 ], [ -3.55199, 41.0333 ], [ -3.5508, 41.0333 ], [ -3.55081, 41.0342 ], [ -3.54962, 41.03421 ], [ -3.54843, 41.03421 ], [ -3.54842, 41.03331 ], [ -3.54841, 41.03241 ], [ -3.54839, 41.02971 ], [ -3.5472, 41.02881 ], [ -3.53884, 41.02525 ], [ -3.53526, 41.02437 ], [ -3.52811, 41.0226 ], [ -3.52336, 41.02262 ], [ -3.51979, 41.02264 ], [ -3.51264, 41.02177 ], [ -3.50787, 41.01999 ], [ -3.5019, 41.01731 ], [ -3.49236, 41.01285 ], [ -3.49351, 41.00744 ], [ -3.49349, 41.00564 ], [ -3.49578, 40.99392 ], [ -3.50647, 40.99207 ], [ -3.51122, 40.99205 ], [ -3.51124, 40.99385 ], [ -3.51243, 40.99384 ], [ -3.51362, 40.99384 ], [ -3.5148, 40.99383 ], [ -3.5148, 40.99293 ], [ -3.51599, 40.99293 ], [ -3.51598, 40.99203 ], [ -3.51597, 40.99112 ], [ -3.51716, 40.99112 ], [ -3.51715, 40.99022 ], [ -3.51715, 40.98932 ], [ -3.51834, 40.98931 ], [ -3.51953, 40.98931 ], [ -3.52428, 40.98929 ], [ -3.52427, 40.98838 ], [ -3.52427, 40.98748 ], [ -3.52426, 40.98658 ], [ -3.5302, 40.98566 ], [ -3.53375, 40.98384 ], [ -3.53612, 40.98293 ], [ -3.5373, 40.98202 ], [ -3.53849, 40.98201 ], [ -3.53968, 40.98201 ], [ -3.53967, 40.98111 ], [ -3.54086, 40.9811 ], [ -3.54205, 40.9811 ], [ -3.54323, 40.98109 ], [ -3.54323, 40.98019 ], [ -3.54322, 40.97929 ], [ -3.54441, 40.97928 ], [ -3.5456, 40.97928 ], [ -3.55034, 40.97835 ], [ -3.55034, 40.97745 ], [ -3.55152, 40.97745 ], [ -3.55152, 40.97655 ], [ -3.55271, 40.97654 ], [ -3.5527, 40.97564 ], [ -3.55389, 40.97563 ], [ -3.55388, 40.97473 ], [ -3.55507, 40.97473 ], [ -3.55625, 40.97382 ], [ -3.55744, 40.97382 ], [ -3.55743, 40.97292 ], [ -3.55862, 40.97291 ], [ -3.55861, 40.97201 ], [ -3.5598, 40.972 ], [ -3.55981, 40.9729 ], [ -3.561, 40.9729 ], [ -3.56218, 40.97289 ], [ -3.56336, 40.97199 ], [ -3.56336, 40.97108 ], [ -3.56455, 40.97108 ], [ -3.56454, 40.97018 ], [ -3.56453, 40.96928 ], [ -3.56452, 40.96838 ], [ -3.56451, 40.96748 ], [ -3.56333, 40.96748 ], [ -3.56332, 40.96658 ], [ -3.56331, 40.96568 ], [ -3.56212, 40.96569 ], [ -3.56212, 40.96479 ], [ -3.56211, 40.96388 ], [ -3.56092, 40.96389 ], [ -3.56091, 40.96299 ], [ -3.55972, 40.96209 ], [ -3.55852, 40.9612 ], [ -3.55851, 40.9603 ], [ -3.55732, 40.9594 ], [ -3.55731, 40.9585 ], [ -3.5573, 40.9576 ], [ -3.55848, 40.9567 ], [ -3.55967, 40.95669 ], [ -3.55966, 40.95579 ], [ -3.56085, 40.95578 ], [ -3.56204, 40.95578 ], [ -3.56323, 40.95577 ], [ -3.56442, 40.95577 ], [ -3.5656, 40.95486 ], [ -3.56559, 40.95396 ], [ -3.56558, 40.95306 ], [ -3.56438, 40.95216 ], [ -3.5632, 40.95217 ], [ -3.56319, 40.95127 ], [ -3.562, 40.95127 ], [ -3.56199, 40.95037 ], [ -3.56199, 40.94947 ], [ -3.56198, 40.94857 ], [ -3.56317, 40.94857 ], [ -3.56316, 40.94766 ], [ -3.56315, 40.94676 ], [ -3.56314, 40.94586 ], [ -3.56314, 40.94496 ], [ -3.56195, 40.94497 ], [ -3.56194, 40.94407 ], [ -3.56193, 40.94317 ], [ -3.56074, 40.94317 ], [ -3.56074, 40.94227 ], [ -3.55955, 40.94228 ], [ -3.55954, 40.94138 ], [ -3.55953, 40.94048 ], [ -3.55835, 40.94048 ], [ -3.55834, 40.93958 ], [ -3.55714, 40.93869 ], [ -3.55595, 40.93779 ], [ -3.55594, 40.93689 ], [ -3.55475, 40.9369 ], [ -3.55474, 40.93599 ], [ -3.55355, 40.9351 ], [ -3.55354, 40.9342 ], [ -3.55353, 40.9333 ], [ -3.55353, 40.9324 ], [ -3.55471, 40.93239 ], [ -3.55471, 40.93149 ], [ -3.5547, 40.93059 ], [ -3.55351, 40.9306 ], [ -3.5535, 40.92969 ], [ -3.55231, 40.9288 ], [ -3.5523, 40.9279 ], [ -3.55229, 40.927 ], [ -3.55111, 40.927 ], [ -3.5511, 40.9261 ], [ -3.5499, 40.92521 ], [ -3.5499, 40.92431 ], [ -3.55108, 40.9243 ], [ -3.55108, 40.9234 ], [ -3.54988, 40.92251 ], [ -3.54987, 40.9216 ], [ -3.54868, 40.92071 ], [ -3.54749, 40.92071 ], [ -3.5463, 40.92072 ], [ -3.54512, 40.92073 ], [ -3.54393, 40.92073 ], [ -3.54274, 40.92074 ], [ -3.54155, 40.92074 ], [ -3.54155, 40.91984 ], [ -3.54036, 40.91985 ], [ -3.54035, 40.91895 ], [ -3.53916, 40.91895 ], [ -3.53916, 40.91805 ], [ -3.53915, 40.91715 ], [ -3.53914, 40.91625 ], [ -3.53913, 40.91535 ], [ -3.53913, 40.91445 ], [ -3.53912, 40.91355 ], [ -3.53911, 40.91265 ], [ -3.5403, 40.91264 ], [ -3.54029, 40.91174 ], [ -3.54148, 40.91174 ], [ -3.54267, 40.91173 ], [ -3.54385, 40.91172 ], [ -3.54504, 40.91172 ], [ -3.54503, 40.91082 ], [ -3.54622, 40.91081 ], [ -3.54621, 40.90991 ], [ -3.54621, 40.90901 ], [ -3.5462, 40.90811 ], [ -3.54619, 40.90721 ], [ -3.54618, 40.90631 ], [ -3.545, 40.90631 ], [ -3.54499, 40.90541 ], [ -3.54498, 40.90451 ], [ -3.54617, 40.90451 ], [ -3.54735, 40.9036 ], [ -3.54854, 40.90359 ], [ -3.54973, 40.90449 ], [ -3.55092, 40.90448 ], [ -3.5521, 40.90358 ], [ -3.55329, 40.90357 ], [ -3.55447, 40.90357 ], [ -3.55566, 40.90356 ], [ -3.55567, 40.90446 ], [ -3.55685, 40.90446 ], [ -3.55804, 40.90445 ], [ -3.55805, 40.90535 ], [ -3.55924, 40.90534 ], [ -3.56042, 40.90534 ], [ -3.56161, 40.90533 ], [ -3.56162, 40.90623 ], [ -3.56281, 40.90623 ], [ -3.5628, 40.90533 ], [ -3.56399, 40.90532 ], [ -3.56398, 40.90442 ], [ -3.56517, 40.90441 ], [ -3.56516, 40.90351 ], [ -3.56635, 40.90351 ], [ -3.56635, 40.90441 ], [ -3.56754, 40.9044 ], [ -3.56873, 40.9044 ], [ -3.56874, 40.9053 ], [ -3.56875, 40.9071 ], [ -3.56877, 40.9089 ], [ -3.56877, 40.9098 ], [ -3.56997, 40.9107 ], [ -3.57116, 40.91159 ], [ -3.57237, 40.91429 ], [ -3.57238, 40.91519 ], [ -3.57477, 40.91698 ], [ -3.57478, 40.91788 ], [ -3.57598, 40.91877 ], [ -3.57365, 40.92419 ], [ -3.57248, 40.926 ], [ -3.57248, 40.9269 ], [ -3.57131, 40.92871 ], [ -3.57132, 40.92961 ], [ -3.57133, 40.93051 ], [ -3.57133, 40.93141 ], [ -3.57015, 40.93142 ], [ -3.57015, 40.93232 ], [ -3.57016, 40.93322 ], [ -3.57019, 40.93592 ], [ -3.57138, 40.93681 ], [ -3.5714, 40.93862 ], [ -3.5714, 40.93952 ], [ -3.5738, 40.94131 ], [ -3.57619, 40.9431 ], [ -3.57857, 40.94398 ], [ -3.58095, 40.94487 ], [ -3.58096, 40.94577 ], [ -3.58456, 40.94936 ], [ -3.58811, 40.94844 ], [ -3.59168, 40.94842 ], [ -3.59406, 40.94841 ], [ -3.59524, 40.9484 ], [ -3.59643, 40.9484 ], [ -3.59642, 40.9475 ], [ -3.59761, 40.94749 ], [ -3.5988, 40.94748 ], [ -3.59999, 40.94748 ], [ -3.59998, 40.94658 ], [ -3.60117, 40.94657 ], [ -3.60235, 40.94657 ], [ -3.60235, 40.94566 ], [ -3.60353, 40.94566 ], [ -3.60472, 40.94565 ], [ -3.60471, 40.94475 ], [ -3.6059, 40.94475 ], [ -3.60709, 40.94474 ], [ -3.60828, 40.94473 ], [ -3.60827, 40.94383 ], [ -3.60946, 40.94383 ], [ -3.61182, 40.94201 ], [ -3.61301, 40.94201 ], [ -3.61419, 40.942 ], [ -3.6142, 40.9429 ], [ -3.61539, 40.94289 ], [ -3.6154, 40.94379 ], [ -3.61659, 40.94379 ], [ -3.61659, 40.94469 ], [ -3.61779, 40.94558 ], [ -3.61899, 40.94648 ], [ -3.619, 40.94738 ], [ -3.62018, 40.94737 ], [ -3.62019, 40.94827 ], [ -3.62139, 40.94917 ], [ -3.6214, 40.95007 ], [ -3.62141, 40.95097 ], [ -3.62259, 40.95096 ], [ -3.6226, 40.95186 ], [ -3.62261, 40.95276 ], [ -3.62262, 40.95366 ], [ -3.62381, 40.95366 ], [ -3.62382, 40.95456 ], [ -3.62382, 40.95546 ], [ -3.62501, 40.95545 ], [ -3.62502, 40.95635 ], [ -3.62622, 40.95725 ], [ -3.62741, 40.95724 ], [ -3.62741, 40.95814 ], [ -3.62742, 40.95904 ], [ -3.62861, 40.95904 ], [ -3.62862, 40.95994 ], [ -3.62863, 40.96084 ], [ -3.62982, 40.96173 ], [ -3.62865, 40.96354 ] ] ] } },
{ "type": "Feature", "properties": { "ine_code": "28903", "name": "Tres Cantos" }, "geometry": { "type": "Polygon", "coordinates": [ [ [ -3.81092, 40.61017 ], [ -3.81093, 40.61107 ], [ -3.80975, 40.61108 ], [ -3.80976, 40.61198 ], [ -3.80858, 40.61199 ], [ -3.80739, 40.612 ], [ -3.80621, 40.61201 ], [ -3.80503, 40.61202 ], [ -3.80504, 40.61292 ], [ -3.80386, 40.61292 ], [ -3.80268, 40.61293 ], [ -3.80149, 40.61294 ], [ -3.80031, 40.61295 ], [ -3.80032, 40.61385 ], [ -3.79914, 40.61386 ], [ -3.79796, 40.61387 ], [ -3.79678, 40.61387 ], [ -3.79559, 40.61388 ], [ -3.79441, 40.61389 ], [ -3.79442, 40.61479 ], [ -3.79324, 40.6148 ], [ -3.79325, 40.6157 ], [ -3.79207, 40.61571 ], [ -3.79208, 40.61661 ], [ -3.79209, 40.61751 ], [ -3.79091, 40.61752 ], [ -3.79092, 40.61842 ], [ -3.78974, 40.61843 ], [ -3.78975, 40.61933 ], [ -3.78857, 40.61934 ], [ -3.78858, 40.62024 ], [ -3.78739, 40.62025 ], [ -3.78621, 40.62025 ], [ -3.78622, 40.62115 ], [ -3.78504, 40.62116 ], [ -3.78386, 40.62117 ], [ -3.78385, 40.62027 ], [ -3.78503, 40.62026 ], [ -3.78502, 40.61936 ], [ -3.78501, 40.61846 ], [ -3.78383, 40.61847 ], [ -3.78384, 40.61937 ], [ -3.78264, 40.61848 ], [ -3.78146, 40.61848 ], [ -3.78145, 40.61758 ], [ -3.78027, 40.61759 ], [ -3.77909, 40.6176 ], [ -3.77791, 40.61761 ], [ -3.77672, 40.61761 ], [ -3.77671, 40.61671 ], [ -3.77553, 40.61672 ], [ -3.77435, 40.61673 ], [ -3.77317, 40.61674 ], [ -3.77316, 40.61584 ], [ -3.77197, 40.61584 ], [ -3.77196, 40.61494 ], [ -3.77195, 40.61404 ], [ -3.77194, 40.61314 ], [ -3.77193, 40.61224 ], [ -3.77075, 40.61225 ], [ -3.77074, 40.61135 ], [ -3.77073, 40.61045 ], [ -3.76956, 40.61136 ], [ -3.76838, 40.61136 ], [ -3.76839, 40.61227 ], [ -3.7672, 40.61227 ], [ -3.76721, 40.61317 ], [ -3.76603, 40.61318 ], [ -3.76484, 40.61229 ], [ -3.76247, 40.6114 ], [ -3.76128, 40.61141 ], [ -3.75891, 40.61053 ], [ -3.75773, 40.61053 ], [ -3.75657, 40.61234 ], [ -3.75538, 40.61235 ], [ -3.75537, 40.61145 ], [ -3.75419, 40.61146 ], [ -3.75301, 40.61147 ], [ -3.753, 40.61056 ], [ -3.75182, 40.61057 ], [ -3.75065, 40.61148 ], [ -3.75064, 40.61058 ], [ -3.74945, 40.61059 ], [ -3.74827, 40.6106 ], [ -3.74709, 40.6106 ], [ -3.74591, 40.61061 ], [ -3.7459, 40.60971 ], [ -3.74472, 40.60972 ], [ -3.74353, 40.60973 ], [ -3.74354, 40.61063 ], [ -3.74236, 40.61063 ], [ -3.74117, 40.60974 ], [ -3.74118, 40.61064 ], [ -3.74, 40.61065 ], [ -3.74001, 40.61155 ], [ -3.73883, 40.61156 ], [ -3.73884, 40.61246 ], [ -3.74002, 40.61245 ], [ -3.74003, 40.61335 ], [ -3.74004, 40.61425 ], [ -3.74005, 40.61515 ], [ -3.74006, 40.61605 ], [ -3.73888, 40.61606 ], [ -3.73889, 40.61696 ], [ -3.7389, 40.61786 ], [ -3.73891, 40.61876 ], [ -3.74009, 40.61876 ], [ -3.74127, 40.61875 ], [ -3.74128, 40.61965 ], [ -3.74129, 40.62055 ], [ -3.7413, 40.62145 ], [ -3.74131, 40.62235 ], [ -3.74132, 40.62325 ], [ -3.74014, 40.62326 ], [ -3.74015, 40.62416 ], [ -3.74016, 40.62506 ], [ -3.74017, 40.62596 ], [ -3.74135, 40.62596 ], [ -3.74136, 40.62686 ], [ -3.74137, 40.62776 ], [ -3.74255, 40.62775 ], [ -3.74256, 40.62865 ], [ -3.74138, 40.62866 ], [ -3.7402, 40.62867 ], [ -3.74021, 40.62957 ], [ -3.73902, 40.62957 ], [ -3.73903, 40.63047 ], [ -3.73785, 40.63048 ], [ -3.73667, 40.63049 ], [ -3.73668, 40.63139 ], [ -3.7355, 40.6314 ], [ -3.73431, 40.63141 ], [ -3.73313, 40.63141 ], [ -3.73195, 40.63142 ], [ -3.73077, 40.63143 ], [ -3.73076, 40.63053 ], [ -3.72958, 40.63053 ], [ -3.72959, 40.63234 ], [ -3.7296, 40.63324 ], [ -3.72961, 40.63414 ], [ -3.72962, 40.63504 ], [ -3.72844, 40.63505 ], [ -3.72845, 40.63595 ], [ -3.72727, 40.63595 ], [ -3.72609, 40.63596 ], [ -3.7261, 40.63686 ], [ -3.72491, 40.63687 ], [ -3.72373, 40.63688 ], [ -3.72255, 40.63688 ], [ -3.72256, 40.63779 ], [ -3.72138, 40.63779 ], [ -3.72139, 40.63869 ], [ -3.7202, 40.6387 ], [ -3.72021, 40.6396 ], [ -3.72022, 40.6405 ], [ -3.72023, 40.6414 ], [ -3.71905, 40.64141 ], [ -3.71906, 40.64231 ], [ -3.71788, 40.64232 ], [ -3.71789, 40.64322 ], [ -3.71671, 40.64413 ], [ -3.7179, 40.64412 ], [ -3.71791, 40.64502 ], [ -3.71672, 40.64503 ], [ -3.71554, 40.64504 ], [ -3.71553, 40.64414 ], [ -3.71435, 40.64414 ], [ -3.71317, 40.64415 ], [ -3.71316, 40.64325 ], [ -3.71197, 40.64326 ], [ -3.71079, 40.64326 ], [ -3.70961, 40.64327 ], [ -3.70843, 40.64328 ], [ -3.70842, 40.64238 ], [ -3.70723, 40.64238 ], [ -3.70722, 40.64148 ], [ -3.70604, 40.64149 ], [ -3.70603, 40.64059 ], [ -3.70485, 40.6406 ], [ -3.70484, 40.6397 ], [ -3.70366, 40.6397 ], [ -3.70365, 40.6388 ], [ -3.70247, 40.63881 ], [ -3.70246, 40.63791 ], [ -3.70127, 40.63792 ], [ -3.70126, 40.63702 ], [ -3.70125, 40.63612 ], [ -3.70007, 40.63612 ], [ -3.69889, 40.63613 ], [ -3.69888, 40.63523 ], [ -3.6977, 40.63524 ], [ -3.69652, 40.63524 ], [ -3.69533, 40.63525 ], [ -3.69532, 40.63435 ], [ -3.69414, 40.63436 ], [ -3.69415, 40.63526 ], [ -3.69297, 40.63526 ], [ -3.69179, 40.63527 ], [ -3.6906, 40.63528 ], [ -3.69059, 40.63438 ], [ -3.68941, 40.63438 ], [ -3.6894, 40.63348 ], [ -3.68822, 40.63349 ], [ -3.68821, 40.63259 ], [ -3.68702, 40.6317 ], [ -3.68584, 40.6317 ], [ -3.68583, 40.6308 ], [ -3.68465, 40.63081 ], [ -3.68347, 40.63172 ], [ -3.68229, 40.63172 ], [ -3.68111, 40.63173 ], [ -3.67992, 40.63174 ], [ -3.67875, 40.63265 ], [ -3.67757, 40.63265 ], [ -3.67758, 40.63355 ], [ -3.6764, 40.63356 ], [ -3.67521, 40.63357 ], [ -3.6752, 40.63267 ], [ -3.67402, 40.63267 ], [ -3.67284, 40.63268 ], [ -3.67283, 40.63178 ], [ -3.67165, 40.63179 ], [ -3.67046, 40.63089 ], [ -3.67045, 40.62999 ], [ -3.66927, 40.63 ], [ -3.66808, 40.63001 ], [ -3.66807, 40.6291 ], [ -3.66806, 40.6282 ], [ -3.66806, 40.6273 ], [ -3.66805, 40.6264 ], [ -3.66804, 40.6255 ], [ -3.66803, 40.6246 ], [ -3.66684, 40.62371 ], [ -3.66683, 40.62281 ], [ -3.66682, 40.62191 ], [ -3.66681, 40.621 ], [ -3.6668, 40.6201 ], [ -3.66679, 40.6192 ], [ -3.66915, 40.61829 ], [ -3.6715, 40.61737 ], [ -3.67269, 40.61737 ], [ -3.67386, 40.61646 ], [ -3.67504, 40.61645 ], [ -3.67503, 40.61555 ], [ -3.67621, 40.61554 ], [ -3.6762, 40.61464 ], [ -3.6762, 40.61374 ], [ -3.67738, 40.61374 ], [ -3.67737, 40.61283 ], [ -3.67855, 40.61283 ], [ -3.67854, 40.61193 ], [ -3.67853, 40.61103 ], [ -3.67971, 40.61102 ], [ -3.68089, 40.61011 ], [ -3.68207, 40.6101 ], [ -3.68324, 40.6092 ], [ -3.68442, 40.60919 ], [ -3.6856, 40.60828 ], [ -3.68677, 40.60737 ], [ -3.68794, 40.60647 ], [ -3.68793, 40.60557 ], [ -3.68792, 40.60466 ], [ -3.68911, 40.60466 ], [ -3.6891, 40.60376 ], [ -3.68909, 40.60286 ], [ -3.69026, 40.60195 ], [ -3.69025, 40.60105 ], [ -3.6914, 40.59834 ], [ -3.6914, 40.59744 ], [ -3.69258, 40.59743 ], [ -3.69256, 40.59563 ], [ -3.69372, 40.59382 ], [ -3.69489, 40.59291 ], [ -3.69489, 40.59201 ], [ -3.69488, 40.59111 ], [ -3.69606, 40.5911 ], [ -3.69605, 40.5902 ], [ -3.69722, 40.58929 ], [ -3.6984, 40.58929 ], [ -3.69839, 40.58839 ], [ -3.69957, 40.58838 ], [ -3.70075, 40.58747 ], [ -3.70193, 40.58746 ], [ -3.70192, 40.58656 ], [ -3.7031, 40.58656 ], [ -3.70309, 40.58565 ], [ -3.70427, 40.58565 ], [ -3.70426, 40.58475 ], [ -3.70544, 40.58474 ], [ -3.70544, 40.58384 ], [ -3.70543, 40.58294 ], [ -3.70779, 40.58292 ], [ -3.7078, 40.58382 ], [ -3.70898, 40.58382 ], [ -3.71133, 40.5829 ], [ -3.71251, 40.58289 ], [ -3.7137, 40.58289 ], [ -3.71488, 40.58288 ], [ -3.71606, 40.58287 ], [ -3.71724, 40.58287 ], [ -3.71842, 40.58286 ], [ -3.71841, 40.58196 ], [ -3.71959, 40.58195 ], [ -3.72078, 40.58194 ], [ -3.72197, 40.58284 ], [ -3.72315, 40.58283 ], [ -3.72434, 40.58372 ], [ -3.72552, 40.58371 ], [ -3.7267, 40.58371 ], [ -3.72671, 40.58461 ], [ -3.72789, 40.5846 ], [ -3.72908, 40.58459 ], [ -3.73027, 40.58549 ], [ -3.73145, 40.58548 ], [ -3.73263, 40.58547 ], [ -3.73381, 40.58546 ], [ -3.73499, 40.58546 ], [ -3.73618, 40.58545 ], [ -3.73618, 40.58635 ], [ -3.73737, 40.58634 ], [ -3.73855, 40.58633 ], [ -3.73856, 40.58724 ], [ -3.73857, 40.58814 ], [ -3.73975, 40.58813 ], [ -3.73976, 40.58903 ], [ -3.74096, 40.59082 ], [ -3.74214, 40.59082 ], [ -3.74333, 40.59171 ], [ -3.74452, 40.5917 ], [ -3.7457, 40.59169 ], [ -3.74571, 40.59259 ], [ -3.74925, 40.59257 ], [ -3.75043, 40.59256 ], [ -3.75164, 40.59436 ], [ -3.75282, 40.59435 ], [ -3.754, 40.59434 ], [ -3.75401, 40.59524 ], [ -3.75757, 40.59612 ], [ -3.75875, 40.59611 ], [ -3.75876, 40.59701 ], [ -3.75994, 40.59701 ], [ -3.76112, 40.597 ], [ -3.76113, 40.5979 ], [ -3.76231, 40.59789 ], [ -3.76349, 40.59788 ], [ -3.76468, 40.59788 ], [ -3.76469, 40.59878 ], [ -3.76587, 40.59877 ], [ -3.76706, 40.59966 ], [ -3.76824, 40.59965 ], [ -3.76942, 40.59965 ], [ -3.77061, 40.59964 ], [ -3.77179, 40.59963 ], [ -3.7718, 40.60053 ], [ -3.77298, 40.60052 ], [ -3.77416, 40.60052 ], [ -3.77534, 40.60051 ], [ -3.77654, 40.6014 ], [ -3.77772, 40.60139 ], [ -3.7789, 40.60138 ], [ -3.78008, 40.60138 ], [ -3.78125, 40.60047 ], [ -3.78244, 40.60136 ], [ -3.78363, 40.60135 ], [ -3.78481, 40.60134 ], [ -3.7848, 40.60044 ], [ -3.78598, 40.60044 ], [ -3.78715, 40.59953 ], [ -3.78833, 40.59952 ], [ -3.78951, 40.59951 ], [ -3.7895, 40.59861 ], [ -3.79069, 40.5986 ], [ -3.7907, 40.5995 ], [ -3.79188, 40.59949 ], [ -3.79306, 40.59949 ], [ -3.79424, 40.59948 ], [ -3.79542, 40.59947 ], [ -3.79661, 40.59946 ], [ -3.79779, 40.59945 ], [ -3.79896, 40.59854 ], [ -3.80014, 40.59854 ], [ -3.80132, 40.59853 ], [ -3.8025, 40.59852 ], [ -3.80369, 40.59851 ], [ -3.8037, 40.59941 ], [ -3.80251, 40.59942 ], [ -3.80253, 40.60032 ], [ -3.80254, 40.60122 ], [ -3.80255, 40.60212 ], [ -3.80136, 40.60213 ], [ -3.80138, 40.60303 ], [ -3.80139, 40.60393 ], [ -3.8002, 40.60394 ], [ -3.80022, 40.60484 ], [ -3.80023, 40.60574 ], [ -3.80142, 40.60664 ], [ -3.8026, 40.60663 ], [ -3.80378, 40.60662 ], [ -3.80498, 40.60751 ], [ -3.80616, 40.6075 ], [ -3.80617, 40.6084 ], [ -3.80618, 40.60931 ], [ -3.80736, 40.6093 ], [ -3.80854, 40.60929 ], [ -3.80972, 40.60928 ], [ -3.81091, 40.60927 ], [ -3.81092, 40.61017 ] ] ] } }
]
}
